pc_time,t,xr,x,v,age,stop,dstop,amodel,abrk,btarget,tslew,venv,vref,ev,beam,fb,us,ua,acc,rate,u,bias,fps,e,ddl,dsl,dss,vas,dbud,dmin,vc,vb,st,ok,cnt,tgt,sat,brk,stuck,set,mv,vv,px,edge,deg,hold,q,guard,gap,inv,crc,drop,esrc
1785440095.177,87602,10.0,8.04,-49.0,40.0,-27.23,-32.06,-63.4,165.0,3.0,415.3,10.69,-10.69,-38.31,-1.153,2.167,2.167,0.0,-309.1,60.0,2.167,0.0,36.0,8.04,-0.99,-22.26,-8.81,53.93,7.31,1.99,12.7,10.69,1,1,143,257,0,1,0,0,1,1,1,0,0,0,2,1,0,19,0,0,1
1785440095.266,87662,5.5,2.53,-66.0,45.0,-39.79,-38.47,-27.1,165.0,3.0,349.2,4.05,-4.05,-61.95,-0.492,2.702,2.702,0.0,-299.3,60.0,2.702,0.0,36.0,2.53,-1.33,-23.46,-13.69,67.21,2.3,0.42,4.05,4.81,1,1,164,279,0,1,0,0,1,1,1,0,0,0,2,1,0,19,0,0,0
1785440095.266,87722,0.0,-4.01,-82.0,49.0,-52.62,-44.18,16.3,165.0,3.0,270.3,6.4,6.4,-88.4,0.297,2.912,2.912,0.0,-284.1,60.0,2.912,0.0,36.0,-4.01,-1.64,-22.16,-20.38,82.0,3.65,0.19,6.4,9.09,1,1,190,288,0,1,0,0,1,1,1,0,0,0,3,1,0,19,0,0,0
1785440095.330,87782,-5.0,-9.55,-86.0,53.0,-56.43,-42.61,46.8,165.0,3.0,214.8,15.01,15.01,-101.01,0.852,2.952,2.952,0.0,-213.5,60.0,2.952,0.0,36.0,-9.55,-1.72,-18.48,-22.42,86.0,8.69,1.11,15.01,16.07,1,1,209,290,0,1,0,0,1,1,1,0,0,0,1,1,0,19,0,0,0
1785440095.401,87845,-14.2,-17.43,-101.0,32.0,-72.82,-50.36,70.2,165.0,3.0,172.5,24.1,24.1,-125.1,1.275,2.985,2.985,0.0,-222.6,60.0,2.985,0.0,36.0,-17.43,-2.02,-17.42,-30.92,101.0,15.84,2.44,26.29,24.1,1,1,224,291,0,1,0,0,1,1,1,0,0,0,3,1,0,19,0,0,1
1785440095.459,87905,-19.0,-22.36,-91.0,37.0,-65.4,-39.13,91.2,165.0,3.0,134.2,25.9,25.9,-116.9,1.658,2.977,2.977,0.0,-94.8,60.0,2.977,0.0,36.0,-22.36,-1.82,-12.21,-25.1,91.0,20.33,4.24,32.56,25.9,1,1,238,291,0,1,0,0,1,1,1,0,0,0,3,1,0,19,0,0,1
1785440095.518,87965,-24.0,-27.64,-91.0,40.0,-67.78,-36.5,107.1,165.0,3.0,105.3,28.21,28.21,-119.21,1.947,2.98,2.98,0.0,-65.8,60.0,2.98,0.0,36.0,-27.64,-1.82,-9.58,-25.1,91.0,25.12,6.04,38.46,28.21,1,1,249,291,0,1,0,0,1,1,1,0,0,0,3,1,0,19,0,0,1
1785440095.588,88025,-28.1,-31.62,-82.0,43.0,-63.46,-28.94,118.6,165.0,3.0,84.4,29.49,29.49,-111.49,2.156,2.97,2.97,0.0,-4.0,60.0,2.97,0.0,36.0,-31.62,-1.64,-6.92,-20.38,82.0,28.75,7.61,42.37,29.49,1,1,257,291,0,1,0,0,1,1,1,0,0,0,3,1,0,19,0,0,1
1785440095.650,88085,-31.0,-33.91,-62.0,47.0,-52.65,-17.03,128.3,165.0,3.0,66.8,29.03,29.03,-91.03,2.332,2.922,2.922,0.0,111.4,60.0,2.922,0.0,36.0,-33.91,-1.24,-4.14,-11.65,62.0,30.83,9.14,44.4,29.03,1,1,264,289,0,1,0,0,1,1,1,0,0,0,3,1,0,19,0,0,1
1785440095.720,88148,-32.8,-35.17,-44.0,54.0,-45.12,-9.04,136.4,165.0,3.0,52.1,27.78,27.78,-71.78,2.479,2.81,2.81,0.0,162.7,60.0,2.81,0.0,36.0,-35.17,-0.88,-2.29,-5.87,44.0,31.98,10.56,45.45,27.78,1,1,270,284,0,1,0,0,1,1,1,0,0,0,3,1,0,19,0,0,1
1785440095.779,88208,-33.8,-35.34,-27.0,57.0,-39.69,-3.96,140.4,165.0,3.0,44.7,26.62,26.62,-53.62,2.553,2.567,2.567,0.0,195.1,60.0,2.567,0.0,36.0,-35.34,-0.54,-1.21,-2.21,27.0,32.13,11.32,45.58,26.62,1,1,273,274,0,1,0,0,1,1,1,0,0,0,3,1,0,19,0,0,1
1785440095.838,88268,-32.9,-32.9,4.0,35.0,-17.62,13.89,139.1,165.0,-3.0,552.8,24.46,24.46,-20.46,2.528,1.356,1.356,0.0,297.8,26.2,1.458,0.0,36.0,-32.9,0.11,11.99,1.8,24.36,29.91,11.06,43.52,24.46,1,1,272,231,0,0,0,0,0,1,0,0,0,0,3,1,0,19,0,0,1
1785440095.931,88328,-30.4,-29.27,29.0,39.0,5.01,31.17,129.6,165.0,-3.0,535.6,23.46,23.46,5.54,2.356,-0.393,-0.393,0.0,340.6,60.0,-0.331,0.0,36.0,-29.27,0.61,23.9,6.66,46.86,26.61,9.36,40.12,23.46,1,1,265,169,0,1,0,0,1,1,1,0,0,0,3,1,0,19,0,0,1
1785440095.931,88388,-26.5,-24.14,55.0,43.0,26.51,46.04,101.4,165.0,-3.0,484.3,25.51,25.51,29.49,1.843,-1.817,-1.817,0.0,376.5,60.0,-1.817,0.0,36.0,-24.14,1.12,31.57,13.35,66.37,21.94,5.35,34.64,25.51,1,1,245,123,0,1,0,0,1,1,1,0,0,0,3,1,0,19,0,0,1
1785440095.990,88451,-21.9,-18.33,73.0,49.0,41.83,54.68,73.2,165.0,-3.0,433.0,24.72,24.72,48.28,1.33,-2.453,-2.453,0.0,359.0,60.0,-2.453,0.0,36.0,-18.33,1.47,34.14,19.07,79.33,16.66,2.66,27.48,24.72,1,1,226,103,0,1,0,0,1,1,1,0,0,0,3,1,0,19,0,0,1
1785440096.057,88511,-16.6,-11.85,88.0,54.0,53.1,59.05,35.8,165.0,-3.0,365.1,18.44,18.44,69.56,0.651,-2.789,-2.789,0.0,323.2,60.0,-2.789,0.0,36.0,-11.85,1.77,32.79,24.49,89.88,10.77,0.68,18.44,21.82,1,1,202,93,0,1,0,0,1,1,1,0,0,0,3,1,0,19,0,0,0
1785440096.121,88571,-11.1,-5.59,95.0,58.0,57.93,57.75,0.0,165.0,-3.0,300.0,8.89,8.89,86.11,0.0,-2.902,-2.902,0.0,258.4,60.0,-2.902,0.0,36.0,-5.59,1.9,28.5,27.35,95.0,5.09,0.0,8.89,14.03,1,1,180,90,0,1,0,0,1,1,1,0,0,0,2,1,0,19,0,0,0
1785440096.189,88631,-2.0,1.78,108.0,35.0,71.37,63.27,-33.8,165.0,-3.0,238.5,2.5,-2.5,110.5,-0.615,-2.969,-2.969,0.0,250.7,60.0,-2.969,0.0,36.0,1.78,2.16,25.76,35.35,108.0,1.61,0.61,2.84,2.5,1,1,160,88,0,1,0,0,1,1,1,0,0,0,2,1,0,19,0,0,1
1785440096.252,88691,3.2,7.21,103.0,39.0,66.85,54.21,-58.2,165.0,-3.0,194.2,10.11,-10.11,113.11,-1.058,-2.973,-2.973,0.0,147.6,60.0,-2.973,0.0,36.0,7.21,2.06,20.0,32.15,103.0,6.56,1.68,11.42,10.11,1,1,146,88,0,1,0,0,1,1,1,0,0,0,1,1,0,19,0,0,1
1785440096.311,88754,8.0,12.65,97.0,48.0,63.11,45.87,-77.6,165.0,-3.0,158.9,15.43,-15.43,112.43,-1.411,-2.972,-2.972,0.0,69.6,60.0,-2.972,0.0,36.0,12.65,1.94,15.41,28.52,97.0,11.5,3.01,19.61,15.43,1,1,135,88,0,1,0,0,1,1,1,0,0,0,2,1,0,19,0,0,1
1785440096.380,88814,12.9,17.92,93.0,54.0,61.73,39.83,-95.5,165.0,-3.0,126.4,18.93,-18.93,111.93,-1.736,-2.971,-2.971,0.0,26.4,60.0,-2.971,0.0,36.0,17.92,1.86,11.75,26.21,93.0,16.29,4.69,26.94,18.93,1,1,125,88,0,1,0,0,1,1,1,0,0,0,2,1,0,19,0,0,1
1785440096.440,88874,17.8,20.24,74.0,33.0,48.28,25.49,-109.9,165.0,-3.0,100.2,18.3,-18.3,92.3,-1.998,-2.927,-2.927,0.0,-75.0,60.0,-2.927,0.0,36.0,20.24,1.48,7.41,16.6,74.0,18.4,6.41,29.94,18.3,1,1,117,89,0,1,0,0,1,1,1,0,0,0,1,1,0,19,0,0,1
1785440096.531,88934,20.5,22.85,62.0,38.0,42.5,17.86,-120.9,165.0,-3.0,80.2,18.54,-18.54,80.54,-2.198,-2.873,-2.873,0.0,-122.1,60.0,-2.873,0.0,36.0,22.85,1.24,4.97,11.65,62.0,20.78,7.96,33.14,18.54,1,1,111,91,0,1,0,0,1,1,1,0,0,0,2,1,0,20,0,0,1
1785440096.531,88994,21.8,23.73,44.0,44.0,34.23,9.54,-130.0,165.0,-3.0,63.5,16.93,-16.93,60.93,-2.365,-2.688,-2.688,0.0,-178.1,60.0,-2.688,0.0,36.0,23.73,0.88,2.8,5.87,44.0,21.58,9.44,34.17,16.93,1,1,106,96,0,1,0,0,1,1,1,0,0,0,2,1,0,20,0,0,1
1785440096.590,89057,22.1,23.4,25.0,52.0,27.51,3.73,-135.5,165.0,-3.0,53.6,14.9,-14.9,39.9,-2.464,-2.219,-2.219,0.0,-215.4,60.0,-2.219,0.0,36.0,23.4,0.5,1.34,1.89,25.0,21.27,10.41,33.78,14.9,1,1,103,110,0,1,0,0,1,1,1,0,0,0,2,1,0,20,0,0,1
1785440096.661,89117,21.5,21.5,6.0,57.0,22.19,0.63,-128.2,165.0,-3.0,66.9,14.79,-14.79,20.79,-2.331,-1.375,-1.375,0.0,-241.1,60.0,-1.375,0.0,36.0,21.5,0.12,0.4,0.11,6.0,19.55,9.13,31.51,14.79,1,1,107,136,0,1,0,0,0,1,0,0,0,0,2,1,0,20,0,0,1
1785440096.721,89177,18.3,17.33,-27.0,36.0,-10.85,-25.62,-113.6,165.0,3.0,506.5,13.57,-13.57,-13.43,-2.065,0.928,0.928,0.0,-349.2,60.0,0.306,0.0,36.0,17.33,-0.56,-19.96,-5.1,41.0,15.75,6.9,26.16,13.57,1,1,115,190,0,1,0,0,1,1,1,0,0,0,2,1,0,20,0,0,1
1785440096.780,89237,14.6,12.67,-46.0,42.0,-24.45,-33.74,-83.0,165.0,3.0,450.8,14.33,-14.33,-31.67,-1.508,1.913,1.913,0.0,-339.9,60.0,1.913,0.0,36.0,12.67,-0.94,-23.99,-8.81,53.92,11.52,3.46,19.64,14.33,1,1,132,248,0,1,0,0,1,1,1,0,0,0,2,1,0,20,0,0,1
1785440096.852,89297,11.4,8.86,-53.0,48.0,-27.24,-32.82,-51.2,165.0,3.0,393.2,13.95,-13.95,-39.05,-0.932,2.191,2.191,0.0,-268.2,60.0,2.191,0.0,36.0,8.86,-1.07,-22.1,-9.64,56.41,8.05,1.31,13.95,14.14,1,1,150,258,0,1,0,0,1,1,1,0,0,0,1,1,0,20,0,0,0
1785440096.911,89360,6.2,1.93,-75.0,57.0,-45.0,-42.66,-10.1,165.0,3.0,318.4,3.08,-3.08,-71.92,-0.184,2.811,2.811,0.0,-291.7,60.0,2.811,0.0,36.0,1.93,-1.5,-23.98,-17.18,75.3,1.75,0.1,3.08,4.68,1,1,174,284,0,1,0,0,1,1,1,0,0,0,2,1,0,20,0,0,0
1785440096.983,89420,-2.3,-5.66,-96.0,35.0,-64.53,-53.52,29.4,165.0,3.0,246.5,8.99,8.99,-104.99,0.535,2.96,2.96,0.0,-312.2,60.0,2.96,0.0,36.0,-5.66,-1.92,-23.67,-27.93,96.0,5.14,0.48,8.99,11.2,1,1,198,290,0,1,0,0,1,1,1,0,0,0,1,1,0,20,0,0,0
1785440097.042,89480,-7.7,-11.71,-98.0,41.0,-66.89,-50.16,57.9,165.0,3.0,194.8,17.81,17.81,-115.81,1.052,2.976,2.976,0.0,-226.2,60.0,2.976,0.0,36.0,-11.71,-1.96,-19.09,-29.11,98.0,10.65,1.66,18.24,17.81,1,1,216,291,0,1,0,0,1,1,1,0,0,0,1,1,0,20,0,0,1
1785440097.102,89540,-12.7,-17.4,-96.0,49.0,-66.72,-44.83,79.2,165.0,3.0,156.0,22.06,22.06,-118.06,1.44,2.978,2.978,0.0,-143.0,60.0,2.978,0.0,36.0,-17.4,-1.92,-14.98,-27.93,96.0,15.82,3.14,26.25,22.06,1,1,230,291,0,1,0,0,1,1,1,0,0,0,3,1,0,20,0,0,1
1785440097.193,89600,-18.5,-23.75,-101.0,52.0,-73.7,-45.41,97.1,165.0,3.0,123.5,26.16,26.16,-127.16,1.765,2.986,2.986,0.0,-123.5,60.0,2.986,0.0,36.0,-23.75,-2.02,-12.47,-30.92,101.0,21.59,4.86,34.19,26.16,1,1,242,291,0,1,0,0,1,1,1,0,0,0,3,1,0,20,0,0,1
1785440097.194,89664,-24.9,-27.68,-82.0,34.0,-60.46,-29.8,112.8,165.0,3.0,94.9,26.63,26.63,-108.63,2.051,2.966,2.966,0.0,18.8,60.0,2.966,0.0,36.0,-27.68,-1.64,-7.78,-20.38,82.0,25.17,6.8,38.51,26.63,1,1,253,290,0,1,0,0,1,1,1,0,0,0,3,1,0,20,0,0,1
1785440097.253,89724,-28.8,-31.84,-76.0,40.0,-58.97,-24.66,124.2,165.0,3.0,74.2,28.01,28.01,-104.01,2.258,2.958,2.958,0.0,47.5,60.0,2.958,0.0,36.0,-31.84,-1.52,-5.64,-17.51,76.0,28.94,8.48,42.56,28.01,1,1,261,290,0,1,0,0,1,1,1,0,0,0,3,1,0,20,0,0,1
1785440097.322,89784,-31.4,-34.05,-59.0,45.0,-50.65,-15.09,133.7,165.0,3.0,57.0,27.45,27.45,-86.45,2.43,2.904,2.904,0.0,119.6,60.0,2.904,0.0,36.0,-34.05,-1.18,-3.36,-10.55,59.0,30.96,10.07,44.52,27.45,1,1,268,288,0,1,0,0,1,1,1,0,0,0,3,1,0,20,0,0,1
1785440097.382,89844,-33.0,-35.1,-42.0,50.0,-44.08,-8.17,139.1,165.0,3.0,47.2,26.81,26.81,-68.81,2.528,2.782,2.782,0.0,164.3,60.0,2.782,0.0,36.0,-35.1,-0.84,-1.98,-5.35,42.0,31.91,11.06,45.39,26.81,1,1,272,282,0,1,0,0,1,1,1,0,0,0,3,1,0,20,0,0,1
1785440097.444,89904,-33.6,-34.83,-22.0,56.0,-37.95,-2.84,141.8,165.0,3.0,42.2,25.63,25.63,-47.63,2.578,2.437,2.437,0.0,216.7,60.0,2.437,0.0,36.0,-34.83,-0.44,-0.93,-1.47,22.0,31.66,11.58,45.17,25.63,1,1,274,268,0,1,0,0,1,1,1,0,0,0,3,1,0,20,0,0,1
1785440097.514,89967,-31.0,-30.19,22.0,37.0,-0.34,27.14,136.4,165.0,-3.0,547.9,22.37,22.37,-0.37,2.479,0.027,0.027,0.0,381.6,26.9,0.956,0.0,36.0,-30.19,0.47,21.42,5.25,41.63,27.44,10.56,41.01,22.37,1,1,270,213,0,0,0,0,1,1,1,0,0,0,3,1,0,20,0,0,1
1785440097.574,90027,-28.7,-27.24,34.0,43.0,7.26,31.36,114.3,165.0,-3.0,507.7,25.7,25.7,8.3,2.077,-0.585,-0.585,0.0,321.0,60.0,-0.585,0.0,36.0,-27.24,0.7,23.63,7.03,48.16,24.76,7.0,38.05,25.7,1,1,254,161,0,1,0,0,1,1,1,0,0,0,3,1,0,20,0,0,1
1785440097.643,90087,-24.8,-22.02,58.0,48.0,28.04,45.51,89.7,165.0,-3.0,463.1,25.83,25.83,32.17,1.631,-1.934,-1.934,0.0,351.3,60.0,-1.934,0.0,36.0,-22.02,1.18,30.68,13.65,67.11,20.02,4.09,32.14,25.83,1,1,237,119,0,1,0,0,1,1,1,0,0,0,3,1,0,20,0,0,1
1785440097.702,90147,-20.2,-16.23,75.0,53.0,41.1,52.11,56.3,165.0,-3.0,402.3,24.67,24.67,50.33,1.023,-2.5,-2.5,0.0,325.3,60.0,-2.5,0.0,36.0,-16.23,1.51,31.69,18.92,79.0,14.75,1.57,24.67,25.2,1,1,215,102,0,1,0,0,1,1,1,0,0,0,3,1,0,20,0,0,0
1785440097.794,90207,-12.8,-10.05,86.0,32.0,48.95,53.64,19.6,165.0,-3.0,335.7,15.76,15.76,70.24,0.357,-2.796,-2.796,0.0,279.9,60.0,-2.796,0.0,36.0,-10.05,1.72,29.11,22.8,86.74,9.14,0.25,15.76,20.97,1,1,192,93,0,1,0,0,1,1,1,0,0,0,2,1,0,20,0,0,0
1785440097.794,90270,-7.5,-3.86,91.0,40.0,53.31,51.98,-13.5,165.0,-3.0,275.4,6.16,6.16,84.84,-0.246,-2.896,-2.896,0.0,216.8,60.0,-2.896,0.0,36.0,-3.86,1.82,25.06,25.1,91.0,3.51,0.0,6.16,10.71,1,1,172,90,0,1,0,0,1,1,1,0,0,0,2,1,0,20,0,0,0
1785440097.853,90330,-1.6,2.94,101.0,45.0,63.21,54.79,-46.0,165.0,-3.0,216.3,3.71,-3.71,104.71,-0.837,-2.959,-2.959,0.0,205.2,60.0,-2.959,0.0,37.0,2.94,2.02,21.85,30.92,101.0,2.67,1.07,4.7,3.71,1,1,153,88,0,1,0,0,1,1,1,0,0,0,2,1,0,20,0,0,1
1785440097.916,90390,3.2,8.09,96.0,51.0,59.08,46.36,-70.5,165.0,-3.0,171.9,9.54,-9.54,105.54,-1.281,-2.961,-2.961,0.0,119.3,60.0,-2.961,0.0,37.0,8.09,1.92,16.5,27.93,96.0,7.36,2.46,12.78,9.54,1,1,139,88,0,1,0,0,1,1,1,0,0,0,1,1,0,20,0,0,1
1785440097.985,90450,7.7,12.68,89.0,56.0,54.69,38.19,-88.3,165.0,-3.0,139.4,13.18,-13.18,102.18,-1.606,-2.954,-2.954,0.0,48.0,60.0,-2.954,0.0,37.0,12.68,1.78,12.41,24.01,89.0,11.53,3.96,19.65,13.18,1,1,129,89,0,1,0,0,1,1,1,0,0,0,2,1,0,20,0,0,1
1785440098.045,90510,12.9,15.31,73.0,33.0,43.78,25.89,-102.6,165.0,-3.0,113.4,13.62,-13.62,86.62,-1.866,-2.905,-2.905,0.0,-48.1,60.0,-2.905,0.0,37.0,15.31,1.46,8.28,16.15,73.0,13.91,5.49,23.39,13.62,1,1,121,90,0,1,0,0,1,1,1,0,0,0,2,1,0,20,0,0,1
1785440098.115,90573,15.1,17.3,55.0,40.0,34.25,15.41,-113.6,165.0,-3.0,93.5,13.53,-13.53,68.53,-2.065,-2.779,-2.779,0.0,-135.5,60.0,-2.779,0.0,37.0,17.3,1.1,5.14,9.17,55.0,15.73,6.9,26.12,13.53,1,1,115,94,0,1,0,0,1,1,1,0,0,0,3,1,0,20,0,0,1
1785440098.175,90633,16.8,18.64,41.0,45.0,28.47,8.93,-124.6,165.0,-3.0,73.5,12.3,-12.3,53.3,-2.265,-2.561,-2.561,0.0,-170.2,60.0,-2.561,0.0,37.0,18.64,0.82,3.01,5.09,41.0,16.95,8.53,27.9,12.3,1,1,109,100,0,1,0,0,1,1,1,0,0,0,2,1,0,20,0,0,1
1785440098.243,90693,17.5,18.9,27.0,52.0,23.91,4.56,-128.2,165.0,-3.0,66.9,11.6,-11.6,38.6,-2.331,-2.176,-2.176,0.0,-184.7,60.0,-2.176,0.0,37.0,18.9,0.54,1.81,2.21,27.0,17.18,9.13,28.24,11.6,1,1,107,112,0,1,0,0,1,1,1,0,0,0,2,1,0,20,0,0,1
1785440098.303,90753,17.1,17.1,8.0,57.0,18.17,0.97,-122.7,165.0,-3.0,76.9,10.83,-10.83,18.83,-2.231,-1.262,-1.262,0.0,-220.6,60.0,-1.262,0.0,37.0,17.1,0.16,0.61,0.19,8.0,15.55,8.24,25.85,10.83,1,1,110,140,0,1,0,0,0,1,0,0,0,0,2,1,0,20,0,0,1
1785440098.366,90813,14.6,14.6,-19.0,35.0,-5.43,-18.21,-106.3,165.0,3.0,493.2,11.76,-11.76,-7.24,-1.932,0.512,0.512,0.0,-291.7,60.0,0.512,0.0,37.0,14.6,-0.4,-14.82,-2.99,31.39,13.27,5.94,22.4,11.76,1,1,119,197,0,1,0,0,0,1,0,0,0,0,3,1,0,20,0,0,1
1785440098.454,90875,12.5,11.24,-30.0,42.0,-12.35,-21.45,-81.2,165.0,3.0,447.6,12.53,-12.53,-17.47,-1.476,1.181,1.181,0.0,-259.6,60.0,1.181,0.0,37.0,11.24,-0.62,-16.54,-4.29,37.62,10.22,3.31,17.54,12.53,1,1,133,221,0,1,0,0,1,1,1,0,0,0,2,1,0,20,0,0,1
1785440098.454,90935,8.9,6.5,-49.0,49.0,-26.01,-29.55,-49.5,165.0,3.0,390.0,10.17,-10.17,-38.83,-0.9,2.184,2.184,0.0,-275.7,60.0,2.184,0.0,37.0,6.5,-0.99,-20.3,-8.26,52.22,5.91,1.23,10.31,10.17,1,1,151,258,0,1,0,0,1,1,1,0,0,0,2,1,0,20,0,0,1
1785440098.513,90995,4.6,1.15,-64.0,54.0,-36.84,-34.53,-11.8,165.0,3.0,321.5,1.83,-1.83,-62.17,-0.215,2.704,2.704,0.0,-262.4,60.0,2.704,0.0,37.0,1.15,-1.28,-20.69,-12.56,64.36,1.04,0.12,1.83,2.63,1,1,173,279,0,1,0,0,1,1,1,0,0,0,1,1,0,20,0,0,0
1785440098.583,91055,-3.5,-6.18,-84.0,32.0,-54.61,-44.02,27.8,165.0,3.0,249.5,9.82,9.82,-93.82,0.505,2.932,2.932,0.0,-275.6,60.0,2.932,0.0,37.0,-6.18,-1.68,-20.96,-21.39,84.0,5.62,0.44,9.82,12.46,1,1,197,289,0,1,0,0,1,1,1,0,0,0,1,1,0,20,0,0,0
1785440098.646,91115,-8.6,-11.9,-87.0,38.0,-57.97,-41.88,56.3,165.0,3.0,197.7,18.41,18.41,-105.41,1.023,2.961,2.961,0.0,-201.4,60.0,2.961,0.0,37.0,-11.9,-1.74,-17.2,-22.94,87.0,10.82,1.57,18.52,18.41,1,1,215,290,0,1,0,0,1,1,1,0,0,0,2,1,0,20,0,0,1
1785440098.707,91178,-14.7,-19.3,-100.0,46.0,-72.3,-48.19,77.7,165.0,3.0,158.8,25.06,25.06,-125.06,1.412,2.984,2.984,0.0,-210.0,60.0,2.984,0.0,37.0,-19.3,-2.0,-15.88,-30.31,100.0,17.54,3.01,28.74,25.06,1,1,229,291,0,1,0,0,1,1,1,0,0,0,3,1,0,20,0,0,1
1785440098.776,91238,-19.4,-24.43,-95.0,53.0,-69.51,-40.98,97.1,165.0,3.0,123.5,27.02,27.02,-122.02,1.765,2.982,2.982,0.0,-122.0,60.0,2.982,0.0,37.0,-24.43,-1.9,-11.73,-27.35,95.0,22.21,4.86,34.97,27.02,1,1,242,291,0,1,0,0,1,1,1,0,0,0,3,1,0,20,0,0,1
1785440098.835,91298,-24.5,-26.77,-71.0,32.0,-52.55,-23.43,112.8,165.0,3.0,94.9,25.55,25.55,-96.55,2.051,2.94,2.94,0.0,41.2,60.0,2.94,0.0,37.0,-26.77,-1.42,-6.73,-15.28,71.0,24.34,6.8,37.55,25.55,1,1,253,289,0,1,0,0,1,1,1,0,0,0,3,1,0,20,0,0,1
1785440098.904,91358,-28.0,-30.48,-67.0,37.0,-52.38,-19.92,124.2,165.0,3.0,74.2,26.48,26.48,-93.48,2.258,2.931,2.931,0.0,51.8,60.0,2.931,0.0,37.0,-30.48,-1.34,-4.97,-13.61,67.0,27.71,8.48,41.29,26.48,1,1,261,289,0,1,0,0,1,1,1,0,0,0,3,1,0,20,0,0,1
1785440098.966,91418,-29.9,-31.87,-47.0,42.0,-43.22,-10.31,133.7,165.0,3.0,57.0,25.09,25.09,-72.09,2.43,2.812,2.812,0.0,147.7,60.0,2.812,0.0,37.0,-31.87,-0.94,-2.68,-6.7,47.0,28.97,10.07,42.59,25.09,1,1,268,284,0,1,0,0,1,1,1,0,0,0,3,1,0,20,0,0,1
1785440099.054,91481,-30.7,-32.05,-27.0,50.0,-36.47,-4.02,139.1,165.0,3.0,47.2,23.54,23.54,-50.54,2.528,2.504,2.504,0.0,206.1,60.0,2.504,0.0,37.0,-32.05,-0.54,-1.27,-2.21,27.0,29.14,11.06,42.76,23.54,1,1,272,271,0,1,0,0,1,1,1,0,0,0,3,1,0,20,0,0,1
1785440099.054,91541,-30.7,-30.7,-9.0,56.0,-31.66,-0.87,137.7,165.0,3.0,49.6,22.51,22.51,-31.51,2.504,1.906,1.906,0.0,229.5,60.0,1.906,0.0,37.0,-30.7,-0.18,-0.45,-0.25,9.0,27.91,10.81,41.5,22.51,1,1,271,247,0,1,0,0,0,1,0,0,0,0,3,1,0,20,0,0,1
1785440099.114,91601,-29.1,-29.1,14.0,32.0,-8.56,18.67,126.9,165.0,-3.0,530.7,24.1,24.1,-10.1,2.307,0.708,0.708,0.0,278.3,27.3,0.708,0.0,37.0,-29.1,0.31,15.42,2.95,31.18,26.45,8.91,39.95,24.1,1,1,263,204,0,0,0,0,0,1,0,0,0,0,3,1,0,20,0,0,1
1785440099.174,91661,-26.1,-24.77,37.0,36.0,11.66,33.12,111.4,165.0,-3.0,502.5,23.55,23.55,13.45,2.025,-0.929,-0.929,0.0,317.5,60.0,-0.929,0.0,37.0,-24.77,0.76,24.62,7.73,50.51,22.52,6.6,35.36,23.55,1,1,252,150,0,1,0,0,1,1,1,0,0,0,3,1,0,20,0,0,1
1785440099.249,91721,-21.7,-19.06,63.0,42.0,34.6,48.78,85.2,165.0,-3.0,454.9,22.97,22.97,40.03,1.549,-2.224,-2.224,0.0,350.2,60.0,-2.224,0.0,37.0,-19.06,1.28,32.1,15.41,71.3,17.32,3.66,28.44,22.97,1,1,234,110,0,1,0,0,1,1,1,0,0,0,3,1,0,20,0,0,1
1785440099.306,91784,-16.6,-12.45,83.0,50.0,49.92,56.7,45.3,165.0,-3.0,382.3,19.32,19.32,63.68,0.823,-2.724,-2.724,0.0,340.7,60.0,-2.724,0.0,37.0,-12.45,1.67,32.74,22.3,85.77,11.32,1.04,19.32,21.27,1,1,208,95,0,1,0,0,1,1,1,0,0,0,3,1,0,20,0,0,0
1785440099.374,91844,-12.5,-8.0,79.0,57.0,42.41,45.83,9.8,165.0,-3.0,317.8,12.64,12.64,66.36,0.178,-2.756,-2.756,0.0,212.7,60.0,-2.756,0.0,37.0,-8.0,1.58,25.2,19.05,79.28,7.27,0.09,12.64,18.2,1,1,186,94,0,1,0,0,1,1,1,0,0,0,3,1,0,20,0,0,0
1785440099.436,91904,-4.5,-1.38,92.0,34.0,54.56,50.85,-25.4,165.0,-3.0,253.9,2.2,2.2,89.8,-0.461,-2.918,-2.918,0.0,210.1,60.0,-2.918,0.0,37.0,-1.38,1.84,23.36,25.65,92.0,1.25,0.0,2.2,4.36,1,1,165,90,0,1,0,0,1,1,1,0,0,0,1,1,0,20,0,0,0
1785440099.505,91964,0.8,4.48,92.0,40.0,55.65,46.52,-51.2,165.0,-3.0,206.8,6.09,-6.09,98.09,-0.932,-2.944,-2.944,0.0,139.5,60.0,-2.944,0.0,37.0,4.48,1.84,19.03,25.65,92.0,4.07,1.31,7.13,6.09,1,1,150,89,0,1,0,0,1,1,1,0,0,0,2,1,0,20,0,0,1
1785440099.568,92024,5.8,10.17,93.0,47.0,57.97,43.46,-74.0,165.0,-3.0,165.4,12.27,-12.27,105.27,-1.346,-2.96,-2.96,0.0,97.8,60.0,-2.96,0.0,37.0,10.17,1.86,15.38,26.21,93.0,9.24,2.73,15.94,12.27,1,1,137,88,0,1,0,0,1,1,1,0,0,0,2,1,0,20,0,0,1
1785440099.627,92087,10.5,15.36,90.0,54.0,58.14,38.9,-88.3,165.0,-3.0,139.4,17.07,-17.07,107.07,-1.606,-2.964,-2.964,0.0,51.6,60.0,-2.964,0.0,37.0,15.36,1.8,12.55,24.55,90.0,13.96,3.96,23.46,17.07,1,1,129,88,0,1,0,0,1,1,1,0,0,0,1,1,0,20,0,0,1
1785440099.716,92147,15.5,17.81,70.0,33.0,44.16,23.96,-104.4,165.0,-3.0,110.1,16.56,-16.56,86.56,-1.899,-2.904,-2.904,0.0,-72.2,60.0,-2.904,0.0,37.0,17.81,1.4,7.71,14.85,70.0,16.19,5.71,26.8,16.56,1,1,120,90,0,1,0,0,1,1,1,0,0,0,2,1,0,20,0,0,1
1785440099.716,92207,17.9,19.97,56.0,37.0,37.21,15.67,-115.4,165.0,-3.0,90.2,16.48,-16.48,72.48,-2.098,-2.816,-2.816,0.0,-124.4,60.0,-2.816,0.0,37.0,19.97,1.12,5.05,9.5,56.0,18.15,7.16,29.6,16.48,1,1,114,93,0,1,0,0,1,1,1,0,0,0,1,1,0,20,0,0,1
1785440099.775,92267,20.2,22.26,49.0,42.0,35.3,11.86,-124.6,165.0,-3.0,73.5,16.76,-16.76,65.76,-2.265,-2.749,-2.749,0.0,-125.2,60.0,-2.749,0.0,37.0,22.26,0.98,3.6,7.28,49.0,20.23,8.53,32.43,16.76,1,1,109,95,0,1,0,0,1,1,1,0,0,0,1,1,0,20,0,0,1
1785440099.848,92327,20.8,22.19,31.0,45.0,28.25,5.5,-130.0,165.0,-3.0,63.5,15.1,-15.1,46.1,-2.365,-2.399,-2.399,0.0,-182.8,60.0,-2.399,0.0,37.0,22.19,0.62,1.97,2.91,31.0,20.18,9.44,32.35,15.1,1,1,106,105,0,1,0,0,1,1,1,0,0,0,1,1,0,20,0,0,1
1785440099.907,92390,20.6,21.57,18.0,54.0,24.31,2.49,-130.0,165.0,-3.0,63.5,14.35,-14.35,32.35,-2.365,-1.941,-1.941,0.0,-188.8,60.0,-1.941,0.0,36.2,21.57,0.36,1.14,0.98,18.0,19.61,9.44,31.6,14.35,1,1,106,119,0,1,0,0,1,1,1,0,0,0,1,1,0,20,0,0,1
1785440099.977,92450,15.5,14.61,-28.0,32.0,-15.84,-27.68,-119.1,165.0,3.0,516.5,8.53,-8.53,-19.47,-2.165,1.299,1.299,0.0,-372.5,60.0,0.835,0.0,36.2,14.61,-0.58,-21.42,-5.67,43.27,13.28,7.69,22.41,8.53,1,1,112,208,0,1,0,0,1,1,1,0,0,0,3,1,0,20,0,0,1
1785440100.036,92510,13.0,11.67,-38.0,35.0,-19.43,-28.27,-86.6,165.0,3.0,457.3,12.06,-12.06,-25.94,-1.573,1.648,1.648,0.0,-312.0,60.0,1.648,0.0,36.2,11.67,-0.78,-20.93,-6.56,46.54,10.61,3.79,18.18,12.06,1,1,130,238,0,1,0,0,1,1,1,0,0,0,2,1,0,20,0,0,1
1785440100.097,92570,8.9,6.66,-59.0,38.0,-35.7,-38.51,-56.5,165.0,3.0,402.7,9.4,-9.4,-49.6,-1.027,2.483,2.483,0.0,-336.5,60.0,2.483,0.0,36.2,6.66,-1.19,-25.28,-12.04,63.03,6.06,1.58,10.56,9.4,1,1,147,270,0,1,0,0,1,1,1,0,0,0,2,1,0,20,0,0,1
1785440100.166,92630,5.0,2.1,-66.0,44.0,-37.79,-36.26,-13.5,165.0,3.0,324.6,3.36,-3.36,-62.64,-0.246,2.711,2.711,0.0,-269.7,60.0,2.711,0.0,36.2,2.1,-1.32,-21.56,-13.38,66.44,1.91,0.14,3.36,4.87,1,1,172,279,0,1,0,0,1,1,1,0,0,0,1,1,0,20,0,0,0
1785440100.227,92692,-1.5,-6.12,-89.0,52.0,-60.66,-49.58,18.0,165.0,3.0,267.3,9.72,9.72,-98.72,0.327,2.946,2.946,0.0,-304.6,60.0,2.946,0.0,36.2,-6.12,-1.78,-23.79,-24.01,89.0,5.57,0.22,9.72,13.46,1,1,191,290,0,1,0,0,1,1,1,0,0,0,2,1,0,20,0,0,0
1785440100.316,92752,-6.7,-11.9,-93.0,56.0,-63.3,-46.73,54.7,165.0,3.0,200.6,18.52,18.52,-111.52,0.994,2.971,2.971,0.0,-230.0,60.0,2.971,0.0,36.2,-11.9,-1.86,-18.65,-26.21,93.0,10.82,1.49,18.52,18.69,1,1,214,291,0,1,0,0,1,1,1,0,0,0,2,1,0,20,0,0,0
1785440100.316,92812,-15.5,-19.14,-104.0,35.0,-76.27,-51.94,74.7,165.0,3.0,164.3,25.52,25.52,-129.52,1.357,2.987,2.987,0.0,-215.4,60.0,2.987,0.0,36.2,-19.14,-2.08,-17.08,-32.78,104.0,17.4,2.78,28.54,25.52,1,1,227,291,0,1,0,0,1,1,1,0,0,0,3,1,0,20,0,0,1
1785440100.375,92872,-20.8,-24.98,-102.0,41.0,-76.35,-46.7,94.2,165.0,3.0,128.7,28.46,28.46,-130.46,1.713,2.988,2.988,0.0,-139.7,60.0,2.988,0.0,36.2,-24.98,-2.04,-13.13,-31.53,102.0,22.71,4.55,35.59,28.46,1,1,240,291,0,1,0,0,1,1,1,0,0,0,3,1,0,20,0,0,1
1785440100.438,92932,-25.0,-28.91,-87.0,45.0,-65.88,-33.61,108.5,165.0,3.0,102.7,29.31,29.31,-116.31,1.973,2.977,2.977,0.0,-15.3,60.0,2.977,0.0,36.2,-28.91,-1.74,-8.93,-22.94,87.0,26.28,6.23,39.76,29.31,1,1,250,291,0,1,0,0,1,1,1,0,0,0,3,1,0,20,0,0,1
1785440100.508,92995,-29.0,-33.32,-80.0,54.0,-63.39,-27.34,121.4,165.0,3.0,79.2,30.51,30.51,-110.51,2.208,2.969,2.969,0.0,22.7,60.0,2.969,0.0,36.2,-33.32,-1.6,-6.34,-19.4,80.0,30.29,8.04,43.88,30.51,1,1,259,291,0,1,0,0,1,1,1,0,0,0,3,1,0,20,0,0,1
1785440100.567,93055,-33.4,-35.34,-59.0,33.0,-52.11,-15.24,132.3,165.0,3.0,59.4,29.28,29.28,-88.28,2.406,2.912,2.912,0.0,127.7,60.0,2.912,0.0,36.2,-35.34,-1.18,-3.51,-10.55,59.0,32.13,9.83,45.59,29.28,1,1,267,288,0,1,0,0,1,1,1,0,0,0,3,1,0,20,0,0,1
1785440100.638,93115,-35.3,-36.97,-44.0,38.0,-46.79,-8.93,137.7,165.0,3.0,49.6,29.23,29.23,-73.23,2.504,2.822,2.822,0.0,171.8,60.0,2.822,0.0,36.2,-36.97,-0.88,-2.18,-5.87,44.0,33.61,10.81,46.87,29.23,1,1,271,284,0,1,0,0,1,1,1,0,0,0,3,1,0,20,0,0,1
1785440100.695,93175,-35.7,-36.73,-23.0,45.0,-40.01,-2.98,143.1,165.0,3.0,39.8,27.18,27.18,-50.18,2.602,2.496,2.496,0.0,228.5,60.0,2.496,0.0,36.2,-36.73,-0.46,-0.91,-1.6,23.0,33.39,11.85,46.69,27.18,1,1,275,271,0,1,0,0,1,1,1,0,0,0,3,1,0,20,0,0,1
1785440100.757,93235,-35.1,-35.1,-2.0,51.0,-35.25,-0.14,141.8,165.0,3.0,42.2,25.92,25.92,-27.92,2.578,1.744,1.744,0.0,259.9,25.6,1.744,0.0,36.2,-35.1,-0.04,-0.08,-0.01,2.0,31.91,11.58,45.39,25.92,1,1,274,241,0,0,0,0,0,1,0,0,0,0,3,1,0,20,0,0,1
1785440100.828,93297,-31.5,-30.48,33.0,31.0,7.14,34.2,128.3,165.0,-3.0,533.2,25.24,25.24,7.76,2.332,-0.548,-0.548,0.0,358.4,60.0,-0.501,0.0,36.2,-30.48,0.69,25.77,7.74,50.52,27.71,9.14,41.29,25.24,1,1,264,164,0,1,0,0,1,1,1,0,0,0,3,1,0,20,0,0,1
1785440100.887,93357,-27.2,-25.01,61.0,36.0,31.27,51.16,100.0,165.0,-3.0,481.7,26.98,26.98,34.02,1.817,-2.009,-2.009,0.0,401.9,60.0,-2.009,0.0,37.0,-25.01,1.24,34.17,15.75,72.08,22.73,5.18,35.62,26.98,1,1,244,117,0,1,0,0,1,1,1,0,0,0,3,1,0,20,0,0,1
1785440100.974,93417,-23.0,-20.09,71.0,41.0,37.13,52.02,70.2,165.0,-3.0,427.5,27.88,27.88,43.12,1.275,-2.318,-2.318,0.0,327.1,60.0,-2.318,0.0,37.0,-20.09,1.43,32.68,17.91,76.88,18.27,2.44,29.76,27.88,1,1,224,107,0,1,0,0,1,1,1,0,0,0,3,1,0,20,0,0,1
1785440100.974,93477,-17.3,-13.12,93.0,45.0,56.6,63.38,34.3,165.0,-3.0,362.3,20.29,20.29,72.71,0.623,-2.818,-2.818,0.0,347.6,60.0,-2.818,0.0,37.0,-13.12,1.87,34.3,27.21,94.75,11.93,0.63,20.29,24.23,1,1,201,93,0,1,0,0,1,1,1,0,0,0,3,1,0,20,0,0,0
1785440101.033,93537,-11.5,-6.3,102.0,51.0,64.29,64.17,0.0,165.0,-3.0,300.0,10.0,10.0,92.0,0.0,-2.926,-2.926,0.0,285.5,60.0,-2.926,0.0,37.0,-6.3,2.04,30.6,31.53,102.0,5.73,0.0,10.0,15.6,1,1,180,89,0,1,0,0,1,1,1,0,0,0,2,1,0,20,0,0,0
1785440101.105,93598,-5.6,0.22,104.0,56.0,66.56,60.31,-30.4,165.0,-3.0,244.7,0.0,0.0,104.0,-0.553,-2.958,-2.958,0.0,205.9,60.0,-2.958,0.0,37.0,0.22,2.08,25.45,32.78,104.0,0.2,0.51,0.35,0.0,1,1,162,88,0,1,0,0,1,1,1,0,0,0,1,1,0,20,0,0,1
1785440101.165,93658,2.9,6.61,106.0,35.0,69.04,56.76,-58.2,165.0,-3.0,194.2,9.03,-9.03,115.03,-1.058,-2.975,-2.975,0.0,154.4,60.0,-2.975,0.0,37.0,6.61,2.12,20.58,34.05,106.0,6.0,1.68,10.48,9.03,1,1,146,88,0,1,0,0,1,1,1,0,0,0,2,1,0,20,0,0,1
1785440101.224,93718,7.7,11.58,97.0,40.0,61.69,45.56,-79.4,165.0,-3.0,155.7,13.41,-13.41,110.41,-1.443,-2.969,-2.969,0.0,56.6,60.0,-2.969,0.0,37.0,11.58,1.94,15.1,28.52,97.0,10.52,3.15,18.04,13.41,1,1,134,88,0,1,0,0,1,1,1,0,0,0,2,1,0,20,0,0,1
1785440101.294,93778,12.3,16.12,89.0,43.0,57.18,37.33,-93.7,165.0,-3.0,129.6,16.9,-16.9,105.9,-1.704,-2.962,-2.962,0.0,-4.7,60.0,-2.962,0.0,37.0,16.12,1.78,11.54,24.01,89.0,14.66,4.5,24.52,16.9,1,1,126,88,0,1,0,0,1,1,1,0,0,0,2,1,0,20,0,0,1
1785440101.358,93838,15.5,18.95,72.0,48.0,46.02,24.6,-108.1,165.0,-3.0,103.5,17.12,-17.12,89.12,-1.965,-2.915,-2.915,0.0,-94.1,60.0,-2.915,0.0,37.0,18.95,1.44,7.45,15.71,72.0,17.23,6.17,28.3,17.12,1,1,118,90,0,1,0,0,1,1,1,0,0,0,2,1,0,20,0,0,1
1785440101.426,93901,19.0,22.74,68.0,55.0,45.65,20.83,-120.9,165.0,-3.0,80.2,18.39,-18.39,86.39,-2.198,-2.904,-2.904,0.0,-83.6,60.0,-2.904,0.0,37.0,22.74,1.36,5.45,14.01,68.0,20.67,7.96,33.0,18.39,1,1,111,90,0,1,0,0,1,1,1,0,0,0,1,1,0,20,0,0,1
1785440101.487,93961,21.3,22.73,42.0,34.0,32.47,8.86,-130.0,165.0,-3.0,63.5,15.74,-15.74,57.74,-2.365,-2.639,-2.639,0.0,-194.2,60.0,-2.639,0.0,37.0,22.73,0.84,2.67,5.35,42.0,20.66,9.44,32.99,15.74,1,1,106,98,0,1,0,0,1,1,1,0,0,0,2,1,0,20,0,0,1
1785440101.573,94021,21.8,22.77,25.0,39.0,26.97,3.82,-133.7,165.0,-3.0,56.9,14.71,-14.71,39.71,-2.431,-2.213,-2.213,0.0,-227.9,60.0,-2.213,0.0,37.0,22.77,0.5,1.42,1.89,25.0,20.7,10.08,33.05,14.71,1,1,104,111,0,1,0,0,1,1,1,0,0,0,2,1,0,20,0,0,1
1785440101.574,94081,21.2,21.2,7.0,44.0,22.01,0.73,-130.0,165.0,-3.0,63.5,13.9,-13.9,20.9,-2.365,-1.381,-1.381,0.0,-250.7,60.0,-1.381,0.0,37.0,21.2,0.14,0.44,0.15,7.0,19.27,9.44,31.14,13.9,1,1,106,136,0,1,0,0,0,1,0,0,0,0,2,1,0,20,0,0,1
1785440101.636,94141,20.5,20.5,-3.0,48.0,9.94,-9.6,-119.1,165.0,3.0,516.5,16.15,-16.15,13.15,-2.165,-0.91,-0.91,0.0,-225.8,30.3,-0.91,0.0,37.0,20.5,-0.08,-8.51,-1.01,18.27,18.64,7.69,30.27,16.15,1,1,112,151,0,0,0,0,0,1,0,0,0,0,1,1,0,20,0,0,1
1785440101.696,94203,15.3,13.09,-41.0,54.0,-26.09,-35.62,-108.1,165.0,3.0,496.5,9.21,-9.21,-31.79,-1.965,1.918,1.918,0.0,-310.9,60.0,1.49,0.0,37.0,13.09,-0.84,-26.01,-8.77,53.78,11.9,6.17,20.24,9.21,1,1,118,232,0,1,0,0,1,1,1,0,0,0,2,1,0,20,0,0,1
1785440101.765,94263,11.2,9.67,-48.0,32.0,-27.08,-33.41,-74.0,165.0,3.0,434.6,11.47,-11.47,-36.53,-1.346,2.104,2.104,0.0,-250.1,60.0,2.104,0.0,37.0,9.67,-0.97,-23.45,-8.99,54.46,8.79,2.73,15.18,11.47,1,1,137,255,0,1,0,0,1,1,1,0,0,0,1,1,0,20,0,0,1
1785440101.827,94323,5.8,3.21,-70.0,37.0,-42.58,-41.63,-27.1,165.0,3.0,349.2,5.13,-5.13,-64.87,-0.492,2.739,2.739,0.0,-288.1,60.0,2.739,0.0,37.0,3.21,-1.41,-24.85,-15.37,71.21,2.92,0.42,5.13,6.32,1,1,164,281,0,1,0,0,1,1,1,0,0,0,2,1,0,20,0,0,0
1785440101.895,94383,0.1,-3.51,-86.0,42.0,-56.47,-48.15,11.4,165.0,3.0,279.2,5.6,5.6,-91.6,0.208,2.924,2.924,0.0,-285.1,60.0,2.924,0.0,36.0,-3.51,-1.72,-24.01,-22.42,86.0,3.19,0.11,5.6,8.35,1,1,187,289,0,1,0,0,1,1,1,0,0,0,3,1,0,20,0,0,0
1785440101.959,94443,-6.5,-11.18,-104.0,45.0,-75.08,-58.1,42.1,165.0,3.0,223.4,17.44,17.44,-121.44,0.766,2.982,2.982,0.0,-297.8,60.0,2.982,0.0,36.0,-11.18,-2.08,-23.24,-32.78,104.0,10.16,0.91,17.44,19.64,1,1,206,291,0,1,0,0,1,1,1,0,0,0,2,1,0,20,0,0,0
1785440102.017,94506,-12.4,-18.23,-108.0,54.0,-80.63,-56.73,67.2,165.0,3.0,177.9,25.9,25.9,-133.9,1.221,2.99,2.99,0.0,-225.4,60.0,2.99,0.0,36.0,-18.23,-2.16,-19.22,-35.35,108.0,16.57,2.23,27.35,25.9,1,1,222,292,0,1,0,0,1,1,1,0,0,0,2,1,0,20,0,0,1
1785440102.087,94566,-17.7,-23.83,-104.0,59.0,-78.15,-49.38,88.2,165.0,3.0,139.6,28.56,28.56,-132.56,1.604,2.989,2.989,0.0,-137.1,60.0,2.989,0.0,36.0,-23.83,-2.08,-14.52,-32.78,104.0,21.66,3.94,34.28,28.56,1,1,236,291,0,1,0,0,1,1,1,0,0,0,3,1,0,20,0,0,1
1785440102.146,94626,-25.5,-28.89,-97.0,35.0,-73.9,-40.92,105.7,165.0,3.0,107.9,30.1,30.1,-127.1,1.921,2.986,2.986,0.0,-61.7,60.0,2.986,0.0,36.0,-28.89,-1.94,-10.46,-28.52,97.0,26.26,5.86,39.74,30.1,1,1,248,291,0,1,0,0,1,1,1,0,0,0,3,1,0,20,0,0,1
1785440102.237,94686,-30.0,-33.39,-87.0,39.0,-68.62,-32.03,118.6,165.0,3.0,84.4,31.47,31.47,-118.47,2.156,2.979,2.979,0.0,14.4,60.0,2.979,0.0,36.0,-33.39,-1.74,-7.35,-22.94,87.0,30.35,7.61,43.95,31.47,1,1,257,291,0,1,0,0,1,1,1,0,0,0,3,1,0,20,0,0,1
1785440102.237,94746,-33.3,-36.24,-70.0,42.0,-59.26,-20.93,128.3,165.0,3.0,66.8,31.53,31.53,-101.53,2.332,2.953,2.953,0.0,101.6,60.0,2.953,0.0,36.0,-36.24,-1.4,-4.68,-14.85,70.0,32.94,9.14,46.3,31.53,1,1,264,290,0,1,0,0,1,1,1,0,0,0,3,1,0,20,0,0,1
1785440102.297,94809,-36.0,-38.74,-56.0,49.0,-53.48,-13.4,137.7,165.0,3.0,49.6,31.07,31.07,-87.07,2.504,2.907,2.907,0.0,148.2,60.0,2.907,0.0,36.0,-38.74,-1.12,-2.78,-9.5,56.0,35.22,10.81,48.19,31.07,1,1,271,288,0,1,0,0,1,1,1,0,0,0,3,1,0,20,0,0,1
1785440102.355,94869,-36.8,-38.31,-29.0,52.0,-43.1,-4.35,141.8,165.0,3.0,42.2,29.26,29.26,-58.26,2.578,2.648,2.648,0.0,232.8,60.0,2.648,0.0,36.0,-38.31,-0.58,-1.22,-2.55,29.0,34.82,11.58,47.88,29.26,1,1,274,277,0,1,0,0,1,1,1,0,0,0,3,1,0,20,0,0,1
1785440102.426,94929,-36.5,-36.5,-8.0,55.0,-37.24,-0.67,143.1,165.0,3.0,39.8,26.93,26.93,-34.93,2.602,2.044,2.044,0.0,262.2,60.0,2.044,0.0,36.0,-36.5,-0.16,-0.32,-0.19,8.0,33.18,11.85,46.51,26.93,1,1,275,253,0,1,0,0,0,1,0,0,0,0,3,1,0,20,0,0,1
1785440102.486,94989,-34.1,-33.33,24.0,32.0,-2.83,27.73,132.3,165.0,-3.0,540.6,27.11,27.11,-3.11,2.406,0.222,0.222,0.0,352.5,26.1,0.872,0.0,36.0,-33.33,0.51,21.73,5.49,42.56,30.3,9.83,43.9,27.11,1,1,267,210,0,0,0,0,1,1,1,0,0,0,3,1,0,20,0,0,1
1785440102.559,95049,-30.9,-29.23,44.0,38.0,14.62,39.86,114.3,165.0,-3.0,507.7,28.03,28.03,15.97,2.077,-1.089,-1.089,0.0,351.5,60.0,-1.089,0.0,36.0,-29.23,0.9,28.71,10.25,58.16,26.57,7.0,40.08,28.03,1,1,254,145,0,1,0,0,1,1,1,0,0,0,3,1,0,20,0,0,1
1785440102.618,95112,-27.3,-24.78,56.0,45.0,22.48,42.96,86.7,165.0,-3.0,457.6,30.16,30.16,25.84,1.576,-1.644,-1.644,0.0,306.5,60.0,-1.644,0.0,36.0,-24.78,1.14,29.19,12.64,64.57,22.53,3.8,35.37,30.16,1,1,235,128,0,1,0,0,1,1,1,0,0,0,3,1,0,20,0,0,1
1785440102.677,95172,-22.0,-18.18,78.0,49.0,41.28,54.06,53.1,165.0,-3.0,396.6,27.29,27.29,50.71,0.966,-2.508,-2.508,0.0,315.2,60.0,-2.508,0.0,36.0,-18.18,1.57,32.29,20.2,81.63,16.53,1.41,27.29,28.76,1,1,213,102,0,1,0,0,1,1,1,0,0,0,3,1,0,20,0,0,0
1785440102.745,95232,-15.1,-9.43,105.0,54.0,67.89,70.3,14.7,165.0,-3.0,326.7,14.83,14.83,90.17,0.267,-2.919,-2.919,0.0,343.2,60.0,-2.919,0.0,36.0,-9.43,2.1,34.47,33.73,105.49,8.58,0.16,14.83,20.44,1,1,189,90,0,1,0,0,1,1,1,0,0,0,3,1,0,20,0,0,0
1785440102.805,95292,-9.5,-3.2,105.0,60.0,66.96,63.79,-16.9,165.0,-3.0,269.3,5.12,5.12,99.88,-0.307,-2.949,-2.949,0.0,238.8,60.0,-2.949,0.0,36.0,-3.2,2.1,28.27,33.42,105.0,2.91,0.0,5.12,9.19,1,1,170,89,0,1,0,0,1,1,1,0,0,0,1,1,0,20,0,0,0
1785440102.896,95352,-0.7,2.97,108.0,34.0,69.56,60.54,-47.8,165.0,-3.0,213.2,3.55,-3.55,111.55,-0.868,-2.971,-2.971,0.0,186.9,60.0,-2.971,0.0,36.0,2.97,2.16,23.02,35.35,108.0,2.7,1.15,4.74,3.55,1,1,152,88,0,1,0,0,1,1,1,0,0,0,3,1,0,20,0,0,1
1785440102.897,95414,4.7,9.06,104.0,42.0,67.45,53.08,-68.7,165.0,-3.0,175.2,11.48,-11.48,115.48,-1.248,-2.976,-2.976,0.0,112.6,60.0,-2.976,0.0,36.2,9.06,2.08,18.22,32.78,104.0,8.24,2.34,14.27,11.48,1,1,140,88,0,1,0,0,1,1,1,0,0,0,2,1,0,20,0,0,1
1785440102.956,95474,9.2,13.52,92.0,47.0,58.2,40.62,-86.6,165.0,-3.0,142.7,14.81,-14.81,106.81,-1.573,-2.963,-2.963,0.0,13.3,60.0,-2.963,0.0,36.2,13.52,1.84,13.12,25.65,92.0,12.29,3.79,20.87,14.81,1,1,130,88,0,1,0,0,1,1,1,0,0,0,2,1,0,20,0,0,1
1785440103.026,95534,13.4,17.68,84.0,51.0,53.53,32.59,-102.6,165.0,-3.0,113.4,16.84,-16.84,100.84,-1.866,-2.951,-2.951,0.0,-35.3,60.0,-2.951,0.0,36.2,17.68,1.68,9.52,21.39,84.0,16.07,5.49,26.63,16.84,1,1,121,89,0,1,0,0,1,1,1,0,0,0,2,1,0,20,0,0,1
1785440103.085,95594,16.6,20.39,69.0,55.0,44.63,22.03,-115.4,165.0,-3.0,90.2,17.02,-17.02,86.02,-2.098,-2.902,-2.902,0.0,-97.8,60.0,-2.902,0.0,36.2,20.39,1.38,6.22,14.43,69.0,18.54,7.16,30.14,17.02,1,1,114,90,0,1,0,0,1,1,1,0,0,0,2,1,0,20,0,0,1
1785440103.149,95654,19.9,23.49,63.0,57.0,43.2,17.92,-124.6,165.0,-3.0,73.5,18.25,-18.25,81.25,-2.265,-2.877,-2.877,0.0,-96.5,60.0,-2.877,0.0,36.2,23.49,1.26,4.63,12.03,63.0,21.35,8.53,33.89,18.25,1,1,109,91,0,1,0,0,1,1,1,0,0,0,1,1,0,20,0,0,1
1785440103.217,95717,21.0,22.15,32.0,36.0,28.27,5.56,-133.7,165.0,-3.0,56.9,13.97,-13.97,45.97,-2.431,-2.396,-2.396,0.0,-227.2,60.0,-2.396,0.0,36.2,22.15,0.64,1.82,3.1,32.0,20.14,10.08,32.3,13.97,1,1,104,105,0,1,0,0,1,1,1,0,0,0,2,1,0,20,0,0,1
1785440103.276,95777,21.2,21.94,19.0,39.0,24.82,2.62,-131.9,165.0,-3.0,60.2,14.26,-14.26,33.26,-2.398,-1.978,-1.978,0.0,-227.0,60.0,-1.978,0.0,36.2,21.94,0.38,1.14,1.09,19.0,19.95,9.75,32.05,14.26,1,1,105,118,0,1,0,0,1,1,1,0,0,0,1,1,0,20,0,0,1
1785440103.347,95837,20.2,20.2,1.0,44.0,20.3,0.09,-126.4,165.0,-3.0,70.2,13.73,-13.73,14.73,-2.298,-1.011,-1.011,0.0,-250.1,30.4,-1.011,0.0,36.2,20.2,0.02,0.07,0.0,1.0,18.36,8.83,29.9,13.73,1,1,108,148,0,0,0,0,0,1,0,0,0,0,1,1,0,20,0,0,1
1785440103.407,95897,15.9,14.32,-33.0,48.0,-17.2,-28.65,-106.3,165.0,3.0,493.2,11.37,-11.37,-21.63,-1.932,1.422,1.422,0.0,-349.7,60.0,1.293,0.0,36.2,14.32,-0.68,-21.73,-6.24,45.39,13.02,5.94,22.0,11.37,1,1,119,225,0,1,0,0,1,1,1,0,0,0,2,1,0,20,0,0,1
1785440103.496,95957,13.1,10.87,-43.0,52.0,-22.43,-30.27,-77.6,165.0,3.0,441.1,12.67,-12.67,-30.33,-1.411,1.855,1.855,0.0,-289.7,60.0,1.855,0.0,36.2,10.87,-0.88,-21.81,-7.59,50.03,9.88,3.01,16.98,12.67,1,1,135,245,0,1,0,0,1,1,1,0,0,0,2,1,0,20,0,0,1
1785440103.497,96020,6.0,3.49,-74.0,34.0,-47.74,-46.57,-35.6,165.0,3.0,364.6,5.57,-5.57,-68.43,-0.646,2.778,2.778,0.0,-364.4,60.0,2.778,0.0,36.2,3.49,-1.49,-27.64,-17.44,75.86,3.17,0.67,5.57,6.03,1,1,159,282,0,1,0,0,1,1,1,0,0,0,2,1,0,20,0,0,0
1785440103.557,96080,0.3,-3.15,-91.0,38.0,-61.01,-52.6,9.8,165.0,3.0,282.2,5.04,5.04,-96.04,0.178,2.939,2.939,0.0,-348.2,60.0,2.939,0.0,36.2,-3.15,-1.82,-25.68,-25.1,91.0,2.87,0.09,5.04,7.65,1,1,186,289,0,1,0,0,1,1,1,0,0,0,3,1,0,20,0,0,0
1785440103.619,96140,-4.6,-8.6,-91.0,44.0,-60.57,-47.25,42.1,165.0,3.0,223.4,13.56,13.56,-104.56,0.766,2.959,2.959,0.0,-241.8,60.0,2.959,0.0,36.2,-8.6,-1.82,-20.33,-25.1,91.0,7.82,0.91,13.56,15.11,1,1,206,290,0,1,0,0,1,1,1,0,0,0,1,1,0,20,0,0,0
1785440103.690,96200,-10.6,-15.35,-99.0,48.0,-69.28,-49.03,68.7,165.0,3.0,175.2,21.36,21.36,-120.36,1.248,2.981,2.981,0.0,-209.3,60.0,2.981,0.0,36.2,-15.35,-1.98,-17.34,-29.71,99.0,13.95,2.34,23.45,21.36,1,1,223,291,0,1,0,0,1,1,1,0,0,0,2,1,0,20,0,0,1
1785440103.750,96260,-16.0,-21.24,-99.0,53.0,-71.6,-45.78,86.7,165.0,3.0,142.4,25.55,25.55,-124.55,1.576,2.984,2.984,0.0,-143.8,60.0,2.984,0.0,36.2,-21.24,-1.98,-14.09,-29.71,99.0,19.31,3.8,31.2,25.55,1,1,235,291,0,1,0,0,1,1,1,0,0,0,2,1,0,20,0,0,1
1785440103.820,96324,-21.7,-27.83,-99.0,62.0,-74.72,-42.62,104.3,165.0,3.0,110.5,29.25,29.25,-128.25,1.895,2.987,2.987,0.0,-94.5,60.0,2.987,0.0,36.2,-27.83,-1.98,-10.94,-29.71,99.0,25.3,5.69,38.67,29.25,1,1,247,291,0,1,0,0,1,1,1,0,1,0,3,1,0,20,0,0,1
1785440103.881,96384,-21.7,-33.77,-99.0,122.0,-78.11,-40.3,117.1,165.0,3.0,87.1,32.33,32.33,-131.33,2.129,2.988,2.988,0.0,-64.9,60.0,2.988,0.0,34.0,-33.77,-1.98,-8.62,-29.71,99.0,30.7,7.4,44.28,32.33,1,1,256,291,0,1,0,0,1,1,1,0,1,1,3,1,0,21,0,0,1
1785440103.941,96444,-32.3,-34.41,-66.0,32.0,-55.23,-18.93,128.3,165.0,3.0,66.8,29.57,29.57,-95.57,2.332,2.937,2.937,0.0,115.8,60.0,2.937,0.0,34.0,-34.41,-1.32,-4.41,-13.2,66.0,31.28,9.14,44.82,29.57,1,1,264,289,0,1,0,0,1,1,1,0,0,0,3,1,0,21,0,0,1
1785440104.009,96504,-34.7,-36.66,-53.0,37.0,-50.23,-12.33,136.4,165.0,3.0,52.1,29.35,29.35,-82.35,2.479,2.883,2.883,0.0,149.8,60.0,2.883,0.0,34.0,-36.66,-1.06,-2.76,-8.51,53.0,33.33,10.56,46.63,29.35,1,1,270,287,0,1,0,0,1,1,1,0,0,0,3,1,0,21,0,0,1
1785440104.073,96564,-36.1,-37.53,-35.0,41.0,-43.92,-5.81,143.1,165.0,3.0,39.8,28.0,28.0,-63.0,2.602,2.715,2.715,0.0,203.9,60.0,2.715,0.0,34.0,-37.53,-0.7,-1.39,-3.71,35.0,34.12,11.85,47.3,28.0,1,1,275,280,0,1,0,0,1,1,1,0,0,0,3,1,0,21,0,0,1
1785440104.161,96627,-35.9,-36.42,-11.0,47.0,-37.51,-1.0,144.5,165.0,3.0,37.3,26.39,26.39,-37.39,2.627,2.135,2.135,0.0,264.3,60.0,2.135,0.0,34.0,-36.42,-0.22,-0.41,-0.37,11.0,33.11,12.12,46.45,26.39,1,1,276,256,0,1,0,0,1,1,1,0,0,0,3,1,0,21,0,0,1
1785440104.161,96687,-34.0,-34.0,17.0,51.0,-8.22,23.44,137.7,165.0,-3.0,550.4,26.08,26.08,-9.08,2.504,0.639,0.639,0.0,332.0,25.9,1.162,0.0,34.0,-34.0,0.37,18.92,4.15,37.0,30.91,10.81,44.47,26.08,1,1,271,220,0,0,0,0,0,1,0,0,0,0,3,1,0,21,0,0,1
1785440104.220,96747,-30.7,-28.34,43.0,55.0,16.33,40.61,120.0,165.0,-3.0,518.2,25.31,25.31,17.69,2.182,-1.194,-1.194,0.0,355.7,60.0,-1.194,0.0,34.0,-28.34,0.88,29.35,10.37,58.49,25.76,7.82,39.18,25.31,1,1,258,142,0,1,0,0,1,1,1,0,0,0,3,1,0,21,0,0,1
1785440104.279,96807,-24.6,-22.43,68.0,32.0,36.31,53.39,85.2,165.0,-3.0,454.9,27.48,27.48,40.52,1.549,-2.239,-2.239,0.0,374.6,60.0,-2.239,0.0,34.0,-22.43,1.38,34.37,17.65,76.3,20.39,3.66,32.63,27.48,1,1,234,110,0,1,0,0,1,1,1,0,0,0,3,1,0,21,0,0,1
1785440104.351,96867,-18.6,-15.13,94.0,37.0,59.76,68.08,48.4,165.0,-3.0,388.0,23.14,23.14,70.86,0.88,-2.801,-2.801,0.0,402.6,60.0,-2.801,0.0,34.0,-15.13,1.89,37.61,28.58,97.1,13.75,1.18,23.14,25.01,1,1,210,93,0,1,0,0,1,1,1,0,0,0,3,1,0,21,0,0,0
1785440104.410,96930,-13.8,-9.75,90.0,45.0,50.97,55.2,9.8,165.0,-3.0,317.8,15.31,15.31,74.69,0.178,-2.834,-2.834,0.0,249.2,60.0,-2.834,0.0,34.0,-9.75,1.8,28.69,24.7,90.28,8.87,0.09,15.31,21.66,1,1,186,92,0,1,0,0,1,1,1,0,0,0,3,1,0,21,0,0,0
1785440104.480,96990,-7.8,-2.45,103.0,52.0,63.95,60.36,-25.4,165.0,-3.0,253.9,3.91,3.91,99.09,-0.461,-2.947,-2.947,0.0,235.6,60.0,-2.947,0.0,34.0,-2.45,2.06,26.15,32.15,103.0,2.23,0.0,3.91,7.5,1,1,165,89,0,1,0,0,1,1,1,0,0,0,2,1,0,21,0,0,0
1785440104.540,97050,-1.6,4.44,108.0,56.0,70.28,59.85,-51.2,165.0,-3.0,206.8,6.03,-6.03,114.03,-0.932,-2.974,-2.974,0.0,187.8,60.0,-2.974,0.0,34.0,4.44,2.16,22.34,35.35,108.0,4.04,1.31,7.08,6.03,1,1,150,88,0,1,0,0,1,1,1,0,0,0,2,1,0,21,0,0,1
1785440104.610,97110,5.6,8.96,96.0,35.0,59.26,45.73,-74.0,165.0,-3.0,165.4,10.31,-10.31,106.31,-1.346,-2.962,-2.962,0.0,67.5,60.0,-2.962,0.0,34.0,8.96,1.92,15.88,27.93,96.0,8.14,2.73,14.1,10.31,1,1,137,88,0,1,0,0,1,1,1,0,0,0,2,1,0,21,0,0,1
1785440104.676,97170,9.9,13.5,88.0,41.0,54.12,36.93,-91.9,165.0,-3.0,132.9,13.59,-13.59,101.59,-1.671,-2.953,-2.953,0.0,0.7,60.0,-2.953,0.0,34.0,13.5,1.76,11.69,23.47,88.0,12.28,4.31,20.84,13.59,1,1,127,89,0,1,0,0,1,1,1,0,0,0,1,1,0,21,0,0,1
1785440104.761,97233,13.7,17.52,78.0,49.0,48.68,28.33,-106.3,165.0,-3.0,106.8,15.71,-15.71,93.71,-1.932,-2.932,-2.932,0.0,-56.9,60.0,-2.932,0.0,34.0,17.52,1.56,8.33,18.44,78.0,15.93,5.94,26.41,15.71,1,1,119,89,0,1,0,0,1,1,1,0,0,0,2,1,0,21,0,0,1
1785440104.761,97293,16.3,19.71,62.0,55.0,39.81,18.27,-117.2,165.0,-3.0,86.8,15.65,-15.65,77.65,-2.132,-2.855,-2.855,0.0,-117.3,60.0,-2.855,0.0,34.0,19.71,1.24,5.38,11.65,62.0,17.92,7.42,29.27,15.65,1,1,113,91,0,1,0,0,1,1,1,0,0,0,2,1,0,21,0,0,1
1785440104.820,97353,16.3,23.43,62.0,115.0,42.62,17.45,-124.6,165.0,-3.0,73.5,18.18,-18.18,80.18,-2.265,-2.871,-2.871,0.0,-80.6,60.0,-2.871,0.0,34.0,23.43,1.24,4.56,11.65,62.0,21.3,8.53,33.82,18.18,1,1,109,91,0,1,0,0,1,1,1,0,1,1,2,1,0,22,0,0,1
1785440104.880,97413,20.4,21.78,30.0,46.0,27.43,5.13,-131.9,165.0,-3.0,60.2,14.06,-14.06,44.06,-2.398,-2.344,-2.344,0.0,-218.8,60.0,-2.344,0.0,34.9,21.78,0.6,1.81,2.73,30.0,19.8,9.75,31.85,14.06,1,1,105,107,0,1,0,0,1,1,1,0,0,0,1,1,0,22,0,0,1
1785440104.953,97473,20.4,21.3,17.0,53.0,23.76,2.24,-131.9,165.0,-3.0,60.2,13.49,-13.49,30.49,-2.398,-1.862,-1.862,0.0,-213.5,60.0,-1.862,0.0,34.9,21.3,0.34,1.02,0.88,17.0,19.36,9.75,31.27,13.49,1,1,105,121,0,1,0,0,1,1,1,0,0,0,1,1,0,22,0,0,1
1785440105.015,97536,17.2,17.2,-16.0,35.0,-3.59,-18.9,-120.9,165.0,3.0,519.8,11.46,-11.46,-4.54,-2.198,0.323,0.323,0.0,-322.6,60.0,0.225,0.0,34.9,17.2,-0.34,-15.51,-3.05,31.71,15.64,7.96,25.99,11.46,1,1,111,188,0,1,0,0,0,1,0,0,0,0,2,1,0,22,0,0,1
1785440105.082,97596,14.2,12.81,-34.0,41.0,-16.97,-27.07,-95.5,165.0,3.0,473.6,11.77,-11.77,-22.23,-1.736,1.454,1.454,0.0,-319.9,60.0,1.454,0.0,34.9,12.81,-0.7,-20.45,-5.92,44.2,11.64,4.69,19.84,11.77,1,1,125,231,0,1,0,0,1,1,1,0,0,0,2,1,0,22,0,0,1
1785440105.141,97656,11.4,9.51,-43.0,44.0,-20.85,-27.6,-63.4,165.0,3.0,415.3,13.17,-13.17,-29.83,-1.153,1.832,1.832,0.0,-266.2,60.0,1.832,0.0,34.9,9.51,-0.87,-19.76,-6.96,47.93,8.65,1.99,14.94,13.17,1,1,143,245,0,1,0,0,1,1,1,0,0,0,1,1,0,22,0,0,1
1785440105.201,97716,6.2,2.82,-69.0,49.0,-41.76,-40.53,-25.4,165.0,3.0,346.1,4.51,-4.51,-64.49,-0.461,2.734,2.734,0.0,-313.6,60.0,2.734,0.0,34.9,2.82,-1.39,-24.25,-14.89,70.09,2.57,0.38,4.51,5.61,1,1,165,280,0,1,0,0,1,1,1,0,0,0,2,1,0,22,0,0,0
1785440105.273,97776,0.7,-3.8,-85.0,53.0,-54.75,-46.32,18.0,165.0,3.0,267.3,6.06,6.06,-91.06,0.327,2.923,2.923,0.0,-298.5,60.0,2.923,0.0,34.9,-3.8,-1.7,-22.72,-21.9,85.0,3.46,0.22,6.06,8.47,1,1,191,289,0,1,0,0,1,1,1,0,0,0,3,1,0,22,0,0,0
1785440105.334,97838,-7.5,-10.66,-96.0,33.0,-66.49,-50.75,45.3,165.0,3.0,217.7,16.68,16.68,-112.68,0.823,2.972,2.972,0.0,-266.3,60.0,2.972,0.0,34.9,-10.66,-1.92,-20.9,-27.93,96.0,9.69,1.04,16.68,18.25,1,1,208,291,0,1,0,0,1,1,1,0,0,0,2,1,0,22,0,0,0
1785440105.421,97898,-13.3,-17.17,-102.0,38.0,-72.53,-50.33,74.7,165.0,3.0,164.3,22.74,22.74,-124.74,1.357,2.984,2.984,0.0,-220.3,60.0,2.984,0.0,34.9,-17.17,-2.04,-16.75,-31.53,102.0,15.61,2.78,25.95,22.74,1,1,227,291,0,1,0,0,1,1,1,0,0,0,2,1,0,22,0,0,1
1785440105.421,97958,-18.0,-22.04,-94.0,43.0,-67.44,-41.27,91.2,165.0,3.0,134.2,25.47,25.47,-119.47,1.658,2.98,2.98,0.0,-113.4,60.0,2.98,0.0,34.9,-22.04,-1.88,-12.61,-26.78,94.0,20.03,4.24,32.17,25.47,1,1,238,291,0,1,0,0,1,1,1,0,0,0,3,1,0,22,0,0,1
1785440105.481,98018,-22.5,-26.67,-87.0,48.0,-63.65,-33.61,108.5,165.0,3.0,102.7,26.65,26.65,-113.65,1.973,2.973,2.973,0.0,-40.6,60.0,2.973,0.0,34.9,-26.67,-1.74,-8.93,-22.94,87.0,24.25,6.23,37.44,26.65,1,1,250,291,0,1,0,0,1,1,1,0,0,0,3,1,0,22,0,0,1
1785440105.543,98078,-26.2,-30.35,-77.0,54.0,-58.75,-25.81,120.0,165.0,3.0,81.8,27.62,27.62,-104.62,2.182,2.959,2.959,0.0,24.0,60.0,2.959,0.0,34.9,-30.35,-1.54,-6.3,-17.97,77.0,27.6,7.82,41.18,27.62,1,1,258,290,0,1,0,0,1,1,1,0,0,0,3,1,0,22,0,0,1
1785440105.613,98141,-31.2,-33.27,-61.0,34.0,-51.17,-16.27,131.0,165.0,3.0,61.9,27.47,27.47,-88.47,2.381,2.912,2.912,0.0,108.3,60.0,2.912,0.0,34.9,-33.27,-1.22,-3.78,-11.28,61.0,30.25,9.59,43.84,27.47,1,1,266,288,0,1,0,0,1,1,1,0,0,0,3,1,0,22,0,0,1
1785440105.672,98201,-32.7,-34.42,-42.0,41.0,-43.52,-8.27,137.7,165.0,3.0,49.6,26.53,26.53,-68.53,2.504,2.779,2.779,0.0,177.8,60.0,2.779,0.0,34.9,-34.42,-0.84,-2.08,-5.35,42.0,31.29,10.81,44.83,26.53,1,1,271,282,0,1,0,0,1,1,1,0,0,0,3,1,0,22,0,0,1
1785440105.744,98261,-33.1,-34.13,-22.0,47.0,-37.25,-2.84,141.8,165.0,3.0,42.2,24.9,24.9,-46.9,2.578,2.419,2.419,0.0,225.5,60.0,2.419,0.0,34.9,-34.13,-0.44,-0.93,-1.47,22.0,31.03,11.58,44.58,24.9,1,1,274,268,0,1,0,0,1,1,1,0,0,0,3,1,0,22,0,0,1
1785440105.801,98321,-32.5,-32.5,-1.0,54.0,-32.57,-0.07,140.4,165.0,3.0,44.7,23.59,23.59,-24.59,2.553,1.58,1.58,0.0,258.4,26.3,1.58,0.0,34.9,-32.5,-0.02,-0.04,-0.0,1.0,29.55,11.32,43.16,23.59,1,1,273,235,0,0,0,0,0,1,0,0,0,0,3,1,0,22,0,0,1
1785440105.864,98381,-29.0,-28.07,30.0,31.0,4.79,29.87,121.4,165.0,-3.0,520.8,24.57,24.57,5.43,2.208,-0.385,-0.385,0.0,330.8,60.0,-0.385,0.0,36.0,-28.07,0.62,22.88,6.37,45.83,25.52,8.04,38.91,24.57,1,1,259,167,0,1,0,0,1,1,1,0,0,0,3,1,0,22,0,0,1
1785440105.936,98443,-24.9,-22.6,59.0,39.0,31.16,48.88,98.5,165.0,-3.0,479.1,24.33,24.33,34.67,1.791,-2.034,-2.034,0.0,390.2,60.0,-2.034,0.0,36.0,-22.6,1.2,32.91,14.76,69.8,20.55,5.02,32.84,24.33,1,1,243,116,0,1,0,0,1,1,1,0,0,0,3,1,0,22,0,0,1
1785440105.993,98503,-20.9,-18.11,65.0,43.0,31.61,45.2,64.1,165.0,-3.0,416.6,26.37,26.37,38.63,1.166,-2.177,-2.177,0.0,292.9,60.0,-2.177,0.0,36.0,-18.11,1.31,29.03,14.86,70.02,16.46,2.04,27.2,26.37,1,1,220,112,0,1,0,0,1,1,1,0,0,0,3,1,0,22,0,0,1
1785440106.080,98563,-15.3,-11.08,88.0,48.0,51.82,57.19,27.8,165.0,-3.0,350.5,17.3,17.3,70.7,0.505,-2.8,-2.8,0.0,322.2,60.0,-2.8,0.0,36.0,-11.08,1.77,31.27,24.15,89.26,10.07,0.44,17.3,21.7,1,1,197,93,0,1,0,0,1,1,1,0,0,0,3,1,0,22,0,0,0
1785440106.080,98623,-9.6,-4.26,99.0,54.0,62.26,60.47,-5.1,165.0,-3.0,290.8,6.79,6.79,92.21,-0.092,-2.927,-2.927,0.0,276.6,60.0,-2.927,0.0,36.0,-4.26,1.98,28.79,29.71,99.0,3.87,0.0,6.79,11.23,1,1,177,89,0,1,0,0,1,1,1,0,0,0,1,1,0,22,0,0,0
1785440106.142,98683,-4.0,1.75,101.0,57.0,63.43,56.07,-39.1,165.0,-3.0,229.0,1.95,-1.95,102.95,-0.71,-2.956,-2.956,0.0,201.6,60.0,-2.956,0.0,36.0,1.75,2.02,23.13,30.92,101.0,1.59,0.79,2.8,1.95,1,1,157,88,0,1,0,0,1,1,1,0,0,0,1,1,0,22,0,0,1
1785440106.212,98745,5.0,8.74,104.0,36.0,68.94,54.73,-60.0,165.0,-3.0,191.0,12.48,-12.48,116.48,-1.09,-2.977,-2.977,0.0,150.5,60.0,-2.977,0.0,36.0,8.74,2.08,19.86,32.78,104.0,7.94,1.78,13.77,12.48,1,1,145,88,0,1,0,0,1,1,1,0,0,0,2,1,0,22,0,0,1
1785440106.273,98805,10.2,14.16,99.0,40.0,64.9,46.13,-84.8,165.0,-3.0,145.9,16.14,-16.14,115.14,-1.541,-2.975,-2.975,0.0,74.7,60.0,-2.975,0.0,36.0,14.16,1.98,14.44,29.71,99.0,12.87,3.62,21.77,16.14,1,1,131,88,0,1,0,0,1,1,1,0,0,0,1,1,0,22,0,0,1
1785440106.331,98865,14.2,18.15,86.0,46.0,56.35,34.73,-97.3,165.0,-3.0,123.1,18.81,-18.81,104.81,-1.769,-2.959,-2.959,0.0,-20.0,60.0,-2.959,0.0,36.0,18.15,1.72,10.59,22.42,86.0,16.5,4.88,27.25,18.81,1,1,124,88,0,1,0,0,1,1,1,0,0,0,2,1,0,22,0,0,1
1785440106.401,98925,16.8,20.15,67.0,50.0,43.72,21.43,-111.8,165.0,-3.0,96.8,17.7,-17.7,84.7,-2.032,-2.896,-2.896,0.0,-115.1,60.0,-2.896,0.0,36.0,20.15,1.34,6.49,13.61,67.0,18.32,6.65,29.83,17.7,1,1,116,90,0,1,0,0,1,1,1,0,0,0,2,1,0,22,0,0,1
1785440106.463,98985,20.2,23.6,63.0,54.0,43.54,18.13,-122.7,165.0,-3.0,76.9,18.91,-18.91,81.91,-2.231,-2.881,-2.881,0.0,-99.8,60.0,-2.881,0.0,36.0,23.6,1.26,4.84,12.03,63.0,21.45,8.24,34.02,18.91,1,1,110,91,0,1,0,0,1,1,1,0,0,0,2,1,0,22,0,0,1
1785440106.532,99048,22.1,23.32,36.0,34.0,30.82,6.82,-131.9,165.0,-3.0,60.2,15.91,-15.91,51.91,-2.398,-2.533,-2.533,0.0,-210.0,60.0,-2.533,0.0,36.0,23.32,0.72,2.17,3.93,36.0,21.2,9.75,33.69,15.91,1,1,105,101,0,1,0,0,1,1,1,0,0,0,2,1,0,22,0,0,1
1785440106.591,99108,22.1,22.76,17.0,39.0,25.16,2.18,-133.7,165.0,-3.0,56.9,14.7,-14.7,31.7,-2.431,-1.914,-1.914,0.0,-248.4,60.0,-1.914,0.0,36.0,22.76,0.34,0.97,0.88,17.0,20.69,10.08,33.03,14.7,1,1,104,120,0,1,0,0,1,1,1,0,0,0,2,1,0,22,0,0,1
1785440106.680,99168,21.6,21.6,4.0,45.0,22.05,0.41,-126.4,165.0,-3.0,70.2,15.44,-15.44,19.44,-2.298,-1.297,-1.297,0.0,-239.3,29.9,-1.297,0.0,36.0,21.6,0.08,0.28,0.05,4.0,19.64,8.83,31.63,15.44,1,1,108,138,0,0,0,0,0,1,0,0,0,0,2,1,0,22,0,0,1
1785440106.680,99228,20.6,20.6,-7.0,50.0,7.81,-11.63,-115.4,165.0,3.0,509.8,17.28,-17.28,10.28,-2.098,-0.72,-0.72,0.0,-220.0,30.2,-0.72,0.0,36.0,20.6,-0.16,-10.07,-1.39,21.42,18.73,7.16,30.4,17.28,1,1,114,157,0,0,0,0,0,1,0,0,0,0,2,1,0,22,0,0,1
1785440106.743,99288,18.8,17.65,-21.0,55.0,-2.15,-17.99,-97.3,165.0,3.0,476.9,18.13,-18.13,-2.87,-1.769,0.205,0.205,0.0,-222.0,60.0,0.205,0.0,36.0,17.65,-0.44,-14.54,-3.02,31.55,16.04,4.88,26.58,18.13,1,1,124,187,0,1,0,0,1,1,1,0,0,0,1,1,0,22,0,0,1
1785440106.803,99350,13.4,11.75,-46.0,36.0,-23.29,-31.85,-74.0,165.0,3.0,434.6,14.77,-14.77,-31.23,-1.346,1.894,1.894,0.0,-282.9,60.0,1.894,0.0,36.0,11.75,-0.93,-22.58,-8.34,52.46,10.68,2.73,18.29,14.77,1,1,137,247,0,1,0,0,1,1,1,0,0,0,2,1,0,22,0,0,1
1785440106.871,99410,9.5,7.16,-60.0,39.0,-32.73,-36.27,-40.8,165.0,3.0,374.2,11.34,-11.34,-48.66,-0.742,2.462,2.462,0.0,-275.3,60.0,2.462,0.0,37.0,7.16,-1.21,-23.28,-11.77,62.33,6.51,0.86,11.34,12.66,1,1,156,269,0,1,0,0,1,1,1,0,0,0,2,1,0,22,0,0,0
1785440106.932,99470,5.1,2.0,-69.0,45.0,-38.96,-37.24,-5.1,165.0,3.0,309.2,3.19,-3.19,-65.81,-0.092,2.75,2.75,0.0,-235.6,60.0,2.75,0.0,37.0,2.0,-1.38,-21.37,-14.48,69.13,1.82,0.04,3.19,5.14,1,1,177,281,0,1,0,0,1,1,1,0,0,0,2,1,0,22,0,0,0
1785440107.002,99530,-0.8,-4.97,-87.0,48.0,-54.87,-45.36,34.3,165.0,3.0,237.7,7.92,7.92,-94.92,0.623,2.935,2.935,0.0,-249.5,60.0,2.935,0.0,37.0,-4.97,-1.74,-20.68,-22.94,87.0,4.52,0.63,7.92,9.24,1,1,201,289,0,1,0,0,1,1,1,0,0,0,1,1,0,22,0,0,0
1785440107.064,99590,-6.9,-12.2,-100.0,53.0,-68.54,-51.22,61.0,165.0,3.0,189.1,18.01,18.01,-118.01,1.109,2.978,2.978,0.0,-237.6,60.0,2.978,0.0,37.0,-12.2,-2.0,-18.91,-30.31,100.0,11.09,1.84,18.95,18.01,1,1,218,291,0,1,0,0,1,1,1,0,0,0,2,1,0,22,0,0,1
1785440107.124,99653,-14.8,-18.09,-94.0,35.0,-65.18,-42.81,82.2,165.0,3.0,150.6,22.33,22.33,-116.33,1.494,2.977,2.977,0.0,-126.6,60.0,2.977,0.0,37.0,-18.09,-1.88,-14.15,-26.78,94.0,16.44,3.39,27.17,22.33,1,1,232,291,0,1,0,0,1,1,1,0,0,0,3,1,0,22,0,0,1
1785440107.193,99713,-20.0,-23.88,-97.0,40.0,-69.72,-41.68,101.4,165.0,3.0,115.7,25.18,25.18,-122.18,1.843,2.982,2.982,0.0,-106.7,60.0,2.982,0.0,37.0,-23.88,-1.94,-11.22,-28.52,97.0,21.71,5.35,34.34,25.18,1,1,245,291,0,1,0,0,1,1,1,0,0,0,3,1,0,22,0,0,1
1785440107.252,99773,-23.8,-27.19,-79.0,43.0,-57.53,-27.58,115.7,165.0,3.0,89.7,25.23,25.23,-104.23,2.103,2.958,2.958,0.0,18.3,60.0,2.958,0.0,37.0,-27.19,-1.58,-7.08,-18.92,79.0,24.72,7.2,38.0,25.23,1,1,255,290,0,1,0,0,1,1,1,0,0,0,3,1,0,22,0,0,1
1785440107.343,99833,-27.0,-30.15,-67.0,47.0,-51.69,-19.59,126.9,165.0,3.0,69.3,25.28,25.28,-92.28,2.307,2.927,2.927,0.0,68.8,60.0,2.927,0.0,37.0,-30.15,-1.34,-4.64,-13.61,67.0,27.41,8.91,40.98,25.28,1,1,263,289,0,1,0,0,1,1,1,0,0,0,3,1,0,22,0,0,1
1785440107.343,99893,-29.7,-32.45,-54.0,51.0,-46.6,-12.86,135.0,165.0,3.0,54.5,25.29,25.29,-79.29,2.455,2.866,2.866,0.0,123.1,60.0,2.866,0.0,37.0,-32.45,-1.08,-2.94,-8.84,54.0,29.5,10.31,43.12,25.29,1,1,269,286,0,1,0,0,1,1,1,0,0,0,3,1,0,22,0,0,1
1785440107.402,99956,-30.6,-32.4,-31.0,58.0,-37.81,-4.92,140.4,165.0,3.0,44.7,23.48,23.48,-54.48,2.553,2.583,2.583,0.0,197.8,60.0,2.583,0.0,37.0,-32.4,-0.62,-1.39,-2.91,31.0,29.45,11.32,43.07,23.48,1,1,273,274,0,1,0,0,1,1,1,0,0,0,3,1,0,22,0,0,1
1785440107.465,100016,-30.2,-30.2,-3.0,35.0,-30.44,-0.22,140.4,165.0,3.0,44.7,21.09,21.09,-24.09,2.553,1.554,1.554,0.0,280.0,26.9,1.554,0.0,37.0,-30.2,-0.06,-0.13,-0.03,3.0,27.45,11.32,41.03,21.09,1,1,273,234,0,0,0,0,0,1,0,0,0,0,3,1,0,22,0,0,1
1785440107.533,100076,-28.9,-28.9,14.0,41.0,-8.04,18.96,128.3,165.0,-3.0,533.2,23.46,23.46,-9.46,2.332,0.665,0.665,0.0,284.8,27.3,0.665,0.0,37.0,-28.9,0.31,15.64,3.01,31.52,26.27,9.14,39.75,23.46,1,1,264,202,0,0,0,0,0,1,0,0,0,0,3,1,0,22,0,0,1
1785440107.592,100136,-25.7,-23.81,43.0,44.0,18.21,38.2,111.4,165.0,-3.0,502.5,22.38,22.38,20.62,2.025,-1.365,-1.365,0.0,359.7,60.0,-0.713,0.0,37.0,-23.81,0.88,27.64,9.68,56.51,21.65,6.6,34.26,22.38,1,1,252,157,0,1,0,0,1,1,1,0,0,0,3,1,0,22,0,0,1
1785440107.667,100196,-21.4,-18.44,63.0,47.0,36.13,49.61,88.2,165.0,-3.0,460.4,21.41,21.41,41.59,1.604,-2.272,-2.272,0.0,350.4,60.0,-2.272,0.0,37.0,-18.44,1.28,32.69,15.64,71.84,16.77,3.94,27.63,21.41,1,1,236,109,0,1,0,0,1,1,1,0,0,0,3,1,0,22,0,0,1
1785440107.724,100260,-16.4,-11.95,81.0,55.0,49.25,55.63,48.4,165.0,-3.0,388.0,18.58,18.58,62.42,0.88,-2.708,-2.708,0.0,329.9,60.0,-2.708,0.0,37.0,-11.95,1.63,32.57,21.44,84.1,10.86,1.18,18.58,19.88,1,1,210,96,0,1,0,0,1,1,1,0,0,0,3,1,0,22,0,0,0
1785440107.784,100320,-8.2,-5.23,93.0,32.0,59.18,58.56,13.1,165.0,-3.0,323.8,8.32,8.32,84.68,0.238,-2.895,-2.895,0.0,282.1,60.0,-2.895,0.0,37.0,-5.23,1.86,30.24,26.45,93.42,4.75,0.14,8.32,12.06,1,1,188,90,0,1,0,0,1,1,1,0,0,0,2,1,0,22,0,0,0
1785440107.852,100380,-2.4,1.4,100.0,38.0,64.86,57.7,-25.4,165.0,-3.0,253.9,2.23,-2.23,102.23,-0.461,-2.954,-2.954,0.0,234.3,60.0,-2.954,0.0,36.0,1.4,2.0,25.39,30.31,100.0,1.27,0.38,2.23,2.35,1,1,165,89,0,1,0,0,1,1,1,0,0,0,2,1,0,22,0,0,0
1785440107.947,100440,1.6,5.47,88.0,44.0,53.55,43.71,-49.5,165.0,-3.0,210.0,8.23,-8.23,96.23,-0.9,-2.939,-2.939,0.0,94.2,60.0,-2.939,0.0,36.0,5.47,1.76,18.48,23.47,88.0,4.97,1.23,8.7,8.23,1,1,151,89,0,1,0,0,1,1,1,0,0,0,2,1,0,22,0,0,1
1785440107.947,100500,6.5,11.03,89.0,51.0,55.6,40.51,-74.0,165.0,-3.0,165.4,13.65,-13.65,102.65,-1.346,-2.955,-2.955,0.0,68.7,60.0,-2.955,0.0,36.0,11.03,1.78,14.72,24.01,89.0,10.03,2.73,17.23,13.65,1,1,137,88,0,1,0,0,1,1,1,0,0,0,2,1,0,22,0,0,1
1785440108.005,100563,11.2,16.21,88.0,57.0,57.46,37.5,-88.3,165.0,-3.0,139.4,18.28,-18.28,106.28,-1.606,-2.962,-2.962,0.0,42.0,60.0,-2.962,0.0,36.0,16.21,1.76,12.27,23.47,88.0,14.74,3.96,24.64,18.28,1,1,129,88,0,1,0,0,1,1,1,0,0,0,2,1,0,22,0,0,1
1785440108.065,100623,16.5,18.7,69.0,32.0,44.45,23.41,-104.4,165.0,-3.0,110.1,17.75,-17.75,86.75,-1.899,-2.905,-2.905,0.0,-71.6,60.0,-2.905,0.0,36.0,18.7,1.38,7.6,14.43,69.0,17.0,5.71,27.98,17.75,1,1,120,90,0,1,0,0,1,1,1,0,0,0,2,1,0,22,0,0,1
1785440108.134,100683,18.2,22.42,66.0,64.0,44.94,20.47,-115.4,165.0,-3.0,90.2,19.55,-19.55,85.55,-2.098,-2.9,-2.9,0.0,-64.8,60.0,-2.9,0.0,36.0,22.42,1.32,5.95,13.2,66.0,20.38,7.16,32.63,19.55,1,1,114,90,0,1,0,0,1,1,1,0,1,1,1,1,0,23,0,0,1
1785440108.195,100743,20.9,22.62,43.0,40.0,33.21,9.63,-124.6,165.0,-3.0,73.5,17.2,-17.2,60.2,-2.265,-2.677,-2.677,0.0,-172.2,60.0,-2.677,0.0,36.0,22.62,0.86,3.16,5.6,43.0,20.56,8.53,32.86,17.2,1,1,109,97,0,1,0,0,1,1,1,0,0,0,2,1,0,23,0,0,1
1785440108.266,100803,21.2,22.32,25.0,45.0,26.71,3.98,-130.0,165.0,-3.0,63.5,15.25,-15.25,40.25,-2.365,-2.231,-2.231,0.0,-212.4,60.0,-2.231,0.0,36.0,22.32,0.5,1.59,1.89,25.0,20.29,9.44,32.51,15.25,1,1,106,110,0,1,0,0,1,1,1,0,0,0,2,1,0,23,0,0,1
1785440108.326,100866,21.0,21.0,9.0,52.0,22.13,1.03,-128.2,165.0,-3.0,66.9,14.19,-14.19,23.19,-2.331,-1.506,-1.506,0.0,-224.7,60.0,-1.506,0.0,36.0,21.0,0.18,0.6,0.25,9.0,19.09,9.13,30.9,14.19,1,1,107,132,0,1,0,0,0,1,0,0,0,0,2,1,0,23,0,0,1
1785440108.387,100926,20.4,20.4,0.0,55.0,12.24,-7.42,-117.2,165.0,3.0,513.2,16.53,-16.53,16.53,-2.132,-1.123,-1.123,0.0,-198.0,30.3,-1.123,0.0,36.0,20.4,-0.02,-6.73,-0.67,14.84,18.55,7.42,30.15,16.53,1,1,113,144,0,0,0,0,0,1,0,0,0,0,1,1,0,23,0,0,1
1785440108.455,100986,14.8,13.41,-41.0,34.0,-22.4,-32.55,-95.5,165.0,3.0,473.6,12.64,-12.64,-28.36,-1.736,1.765,1.765,0.0,-341.7,60.0,1.765,0.0,36.0,13.41,-0.84,-23.77,-7.95,51.2,12.19,4.69,20.71,12.64,1,1,125,242,0,1,0,0,1,1,1,0,0,0,2,1,0,23,0,0,1
1785440108.514,101046,11.5,9.51,-51.0,39.0,-27.07,-33.26,-61.7,165.0,3.0,412.2,13.49,-13.49,-37.51,-1.122,2.139,2.139,0.0,-288.0,60.0,2.139,0.0,36.0,9.51,-1.03,-22.83,-9.4,55.69,8.65,1.88,14.95,13.49,1,1,144,256,0,1,0,0,1,1,1,0,0,0,1,1,0,23,0,0,1
1785440108.608,101106,6.7,3.64,-68.0,45.0,-39.74,-39.44,-23.7,165.0,3.0,343.0,5.81,-5.81,-62.19,-0.43,2.705,2.705,0.0,-286.8,60.0,2.705,0.0,36.0,3.64,-1.36,-23.66,-14.42,68.98,3.31,0.34,5.81,7.59,1,1,166,279,0,1,0,0,1,1,1,0,0,0,2,1,0,23,0,0,0
1785440108.608,101168,1.1,-3.18,-84.0,51.0,-53.53,-45.77,16.3,165.0,3.0,270.3,5.08,5.08,-89.08,0.297,2.915,2.915,0.0,-282.0,60.0,2.915,0.0,36.0,-3.18,-1.68,-22.7,-21.39,84.0,2.89,0.19,5.08,7.2,1,1,190,288,0,1,0,0,1,1,1,0,0,0,2,1,0,23,0,0,0
1785440108.665,101228,-4.5,-9.46,-92.0,54.0,-60.58,-46.47,51.6,165.0,3.0,206.3,14.87,14.87,-106.87,0.937,2.963,2.963,0.0,-232.2,60.0,2.963,0.0,36.0,-9.46,-1.84,-18.98,-25.65,92.0,8.6,1.33,14.87,15.14,1,1,212,290,0,1,0,0,1,1,1,0,0,0,1,1,0,23,0,0,0
1785440108.725,101288,-10.4,-16.2,-100.0,58.0,-70.1,-49.01,73.2,165.0,3.0,167.0,21.65,21.65,-121.65,1.33,2.982,2.982,0.0,-199.2,60.0,2.982,0.0,36.0,-16.2,-2.0,-16.7,-30.31,100.0,14.72,2.66,24.62,21.65,1,1,226,291,0,1,0,0,1,1,1,0,0,0,2,1,0,23,0,0,1
1785440108.794,101348,-18.7,-21.99,-97.0,34.0,-69.52,-43.21,92.7,165.0,3.0,131.4,25.04,25.04,-122.04,1.686,2.982,2.982,0.0,-115.6,60.0,2.982,0.0,36.0,-21.99,-1.94,-12.75,-28.52,97.0,19.99,4.39,32.11,25.04,1,1,239,291,0,1,0,0,1,1,1,0,0,0,3,1,0,23,0,0,1
1785440108.859,101408,-22.9,-26.05,-83.0,38.0,-60.22,-31.06,108.5,165.0,3.0,102.7,25.9,25.9,-108.9,1.973,2.967,2.967,0.0,-1.2,60.0,2.967,0.0,36.0,-26.05,-1.66,-8.52,-20.88,83.0,23.68,6.23,36.77,25.9,1,1,250,290,0,1,0,0,1,1,1,0,0,0,3,1,0,23,0,0,1
1785440108.929,101471,-26.9,-30.11,-73.0,44.0,-55.84,-23.4,121.4,165.0,3.0,79.2,26.91,26.91,-99.91,2.208,2.949,2.949,0.0,54.1,60.0,2.949,0.0,36.0,-30.11,-1.46,-5.78,-16.15,73.0,27.37,8.04,40.94,26.91,1,1,259,290,0,1,0,0,1,1,1,0,0,0,3,1,0,23,0,0,1
1785440108.986,101531,-29.7,-32.26,-57.0,45.0,-48.23,-14.52,131.0,165.0,3.0,61.9,26.37,26.37,-83.37,2.381,2.889,2.889,0.0,127.4,60.0,2.889,0.0,36.0,-32.26,-1.14,-3.53,-9.85,57.0,29.33,9.59,42.95,26.37,1,1,266,287,0,1,0,0,1,1,1,0,0,0,3,1,0,23,0,0,1
1785440109.045,101591,-30.9,-32.7,-36.0,50.0,-39.78,-6.43,137.7,165.0,3.0,49.6,24.69,24.69,-60.69,2.504,2.684,2.684,0.0,196.7,60.0,2.684,0.0,36.0,-32.7,-0.72,-1.79,-3.93,36.0,29.73,10.81,43.34,24.69,1,1,271,278,0,1,0,0,1,1,1,0,0,0,3,1,0,23,0,0,1
1785440109.115,101651,-31.6,-32.64,-20.0,52.0,-35.4,-2.51,140.4,165.0,3.0,44.7,23.74,23.74,-43.74,2.553,2.335,2.335,0.0,213.9,60.0,2.335,0.0,36.0,-32.64,-0.4,-0.89,-1.21,20.0,29.67,11.32,43.29,23.74,1,1,273,264,0,1,0,0,1,1,1,0,0,0,3,1,0,23,0,0,1
1785440109.179,101711,-30.9,-30.9,2.0,55.0,-17.48,12.2,137.7,165.0,-3.0,550.4,22.73,22.73,-20.73,2.504,1.371,1.371,0.0,261.1,26.7,1.371,0.0,36.0,-30.9,0.07,10.67,1.47,22.0,28.09,10.81,41.69,22.73,1,1,271,227,0,0,0,0,0,1,0,0,0,0,3,1,0,23,0,0,1
1785440109.270,101774,-27.6,-26.58,31.0,33.0,7.18,30.69,121.4,165.0,-3.0,520.8,22.84,22.84,8.16,2.208,-0.576,-0.576,0.0,330.1,60.0,-0.576,0.0,36.0,-26.58,0.64,23.4,6.65,46.83,24.16,8.04,37.34,22.84,1,1,259,161,0,1,0,0,1,1,1,0,0,0,3,1,0,23,0,0,1
1785440109.271,101834,-23.5,-21.45,57.0,36.0,28.52,45.43,92.7,165.0,-3.0,468.6,24.33,24.33,32.67,1.686,-1.954,-1.954,0.0,367.9,60.0,-1.954,0.0,36.0,-21.45,1.16,30.8,13.47,66.67,19.5,4.39,31.45,24.33,1,1,239,118,0,1,0,0,1,1,1,0,0,0,3,1,0,23,0,0,1
1785440109.325,101894,-19.1,-16.37,70.0,39.0,37.74,49.19,62.6,165.0,-3.0,413.7,24.15,24.15,45.85,1.137,-2.392,-2.392,0.0,323.7,60.0,-2.392,0.0,36.0,-16.37,1.41,30.82,16.96,74.81,14.88,1.94,24.87,24.15,1,1,219,105,0,1,0,0,1,1,1,0,0,0,3,1,0,23,0,0,1
1785440109.383,101954,-14.1,-10.58,80.0,44.0,44.51,50.09,27.8,165.0,-3.0,350.5,16.56,16.56,63.44,0.505,-2.721,-2.721,0.0,266.9,60.0,-2.721,0.0,36.0,-10.58,1.61,28.47,20.01,81.26,9.62,0.44,16.56,20.81,1,1,197,95,0,1,0,0,1,1,1,0,0,0,3,1,0,23,0,0,0
1785440109.458,102014,-7.9,-3.05,99.0,49.0,63.13,60.17,-6.8,165.0,-3.0,287.7,4.88,4.88,94.12,-0.123,-2.933,-2.933,0.0,288.2,60.0,-2.933,0.0,36.0,-3.05,1.98,28.48,29.71,99.0,2.78,0.0,4.88,8.34,1,1,176,89,0,1,0,0,1,1,1,0,0,0,2,1,0,23,0,0,0
1785440109.514,102075,-2.4,3.31,102.0,56.0,66.29,57.26,-37.3,165.0,-3.0,232.2,5.28,-5.28,107.28,-0.678,-2.964,-2.964,0.0,212.9,60.0,-2.964,0.0,36.0,3.31,2.04,23.68,31.53,102.0,3.01,0.73,5.28,5.46,1,1,158,88,0,1,0,0,1,1,1,0,0,0,1,1,0,23,0,0,0
1785440109.588,102135,4.6,7.72,92.0,34.0,56.33,44.19,-65.2,165.0,-3.0,181.5,9.84,-9.84,101.84,-1.185,-2.953,-2.953,0.0,95.3,60.0,-2.953,0.0,36.0,7.72,1.84,16.7,25.65,92.0,7.02,2.1,12.21,9.84,1,1,142,89,0,1,0,0,1,1,1,0,0,0,2,1,0,23,0,0,1
1785440109.644,102195,8.8,12.16,84.0,40.0,51.31,35.59,-83.0,165.0,-3.0,149.2,13.55,-13.55,97.55,-1.508,-2.943,-2.943,0.0,19.1,60.0,-2.943,0.0,36.0,12.16,1.68,12.53,21.39,84.0,11.05,3.46,18.89,13.55,1,1,132,89,0,1,0,0,1,1,1,0,0,0,2,1,0,23,0,0,1
1785440109.714,102255,11.3,17.11,83.0,70.0,52.55,32.22,-100.9,165.0,-3.0,116.6,16.51,-16.51,99.51,-1.834,-2.948,-2.948,0.0,7.9,60.0,-2.948,0.0,36.0,17.11,1.66,9.68,20.88,83.0,15.55,5.28,25.86,16.51,1,1,122,89,0,1,0,0,1,1,1,0,1,0,1,1,0,23,0,0,1
1785440109.776,102315,15.2,18.73,63.0,56.0,40.05,19.39,-111.8,165.0,-3.0,96.8,15.87,-15.87,78.87,-2.032,-2.863,-2.863,0.0,-101.8,60.0,-2.863,0.0,36.0,18.73,1.26,6.1,12.03,63.0,17.02,6.65,28.0,15.87,1,1,116,91,0,1,0,0,1,1,1,0,0,0,2,1,0,23,0,0,1
1785440109.865,102378,18.3,19.71,44.0,32.0,31.01,10.28,-120.9,165.0,-3.0,80.2,14.65,-14.65,58.65,-2.198,-2.654,-2.654,0.0,-165.0,60.0,-2.654,0.0,36.0,19.71,0.88,3.53,5.87,44.0,17.91,7.96,29.27,14.65,1,1,111,97,0,1,0,0,1,1,1,0,0,0,1,1,0,23,0,0,1
1785440109.865,102438,19.8,21.13,36.0,37.0,28.89,7.06,-128.2,165.0,-3.0,66.9,14.34,-14.34,50.34,-2.331,-2.5,-2.5,0.0,-157.0,60.0,-2.5,0.0,34.4,21.13,0.72,2.41,3.93,36.0,19.21,9.13,31.06,14.34,1,1,107,102,0,1,0,0,1,1,1,0,0,0,1,1,0,23,0,0,1
1785440109.923,102498,19.6,20.4,19.0,42.0,23.35,2.68,-130.0,165.0,-3.0,63.5,12.92,-12.92,31.92,-2.365,-1.923,-1.923,0.0,-200.0,60.0,-1.923,0.0,34.4,20.4,0.38,1.21,1.09,19.0,18.54,9.44,30.14,12.92,1,1,106,119,0,1,0,0,1,1,1,0,0,0,1,1,0,23,0,0,1
1785440109.984,102558,16.6,16.6,-11.0,46.0,-0.63,-15.66,-122.7,165.0,3.0,523.1,10.19,-10.19,-0.81,-2.231,0.058,0.058,0.0,-294.3,60.0,0.058,0.0,34.4,16.6,-0.24,-13.18,-2.23,27.15,15.09,8.24,25.17,10.19,1,1,110,182,0,1,0,0,0,1,0,0,0,0,2,1,0,23,0,0,1
1785440110.057,102618,14.3,12.95,-27.0,50.0,-11.13,-21.89,-95.5,165.0,3.0,473.6,11.98,-11.98,-15.02,-1.736,1.029,1.029,0.0,-279.1,60.0,1.029,0.0,34.4,12.95,-0.56,-17.14,-4.19,37.2,11.77,4.69,20.05,11.98,1,1,125,215,0,1,0,0,1,1,1,0,0,0,2,1,0,23,0,0,1
1785440110.116,102681,11.8,9.75,-36.0,57.0,-15.49,-22.94,-65.2,165.0,3.0,418.5,13.25,-13.25,-22.75,-1.185,1.482,1.482,0.0,-238.5,60.0,1.482,0.0,34.4,9.75,-0.73,-17.08,-5.14,41.17,8.86,2.1,15.31,13.25,1,1,142,232,0,1,0,0,1,1,1,0,0,0,1,1,0,23,0,0,1
1785440110.185,102741,6.5,2.91,-63.0,57.0,-37.19,-36.45,-28.7,165.0,3.0,352.3,4.65,-4.65,-58.35,-0.523,2.649,2.649,0.0,-292.7,60.0,2.649,0.0,34.4,2.91,-1.27,-22.65,-12.54,64.33,2.65,0.47,4.65,5.5,1,1,163,277,0,1,0,0,1,1,1,0,0,0,2,1,0,23,0,0,0
1785440110.246,102801,0.0,-4.47,-86.0,52.0,-56.87,-47.64,14.7,165.0,3.0,273.3,7.12,7.12,-93.12,0.267,2.93,2.93,0.0,-317.4,60.0,2.93,0.0,34.4,-4.47,-1.72,-23.5,-22.42,86.0,4.06,0.16,7.12,10.24,1,1,189,289,0,1,0,0,1,1,1,0,0,0,2,1,0,23,0,0,0
1785440110.306,102861,-8.2,-11.14,-98.0,30.0,-68.78,-52.4,45.3,165.0,3.0,217.7,17.38,17.38,-115.38,0.823,2.975,2.975,0.0,-286.5,60.0,2.975,0.0,34.4,-11.14,-1.96,-21.34,-29.11,98.0,10.12,1.04,17.38,19.05,1,1,208,291,0,1,0,0,1,1,1,0,0,0,2,1,0,23,0,0,0
1785440110.380,102921,-13.2,-16.71,-95.0,37.0,-67.2,-45.9,68.7,165.0,3.0,175.2,23.38,23.38,-118.38,1.248,2.979,2.979,0.0,-178.5,60.0,2.979,0.0,34.4,-16.71,-1.9,-16.64,-27.35,95.0,15.19,2.34,25.32,23.38,1,1,223,291,0,1,0,0,1,1,1,0,0,0,2,1,0,23,0,0,1
1785440110.439,102985,-19.3,-23.98,-104.0,45.0,-77.98,-49.1,89.7,165.0,3.0,136.9,28.36,28.36,-132.36,1.631,2.989,2.989,0.0,-174.3,60.0,2.989,0.0,34.4,-23.98,-2.08,-14.24,-32.78,104.0,21.8,4.09,34.45,28.36,1,1,237,291,0,1,0,0,1,1,1,0,0,0,3,1,0,23,0,0,1
1785440110.499,103045,-24.0,-28.46,-93.0,48.0,-70.38,-38.11,105.7,165.0,3.0,107.9,29.59,29.59,-122.59,1.921,2.983,2.983,0.0,-62.8,60.0,2.983,0.0,34.4,-28.46,-1.86,-10.03,-26.21,93.0,25.87,5.86,39.31,29.59,1,1,248,291,0,1,0,0,1,1,1,0,0,0,3,1,0,23,0,0,1
1785440110.587,103105,-28.3,-32.66,-84.0,52.0,-65.84,-30.16,118.6,165.0,3.0,84.4,30.66,30.66,-114.66,2.156,2.975,2.975,0.0,-3.2,60.0,2.975,0.0,34.4,-32.66,-1.68,-7.09,-21.39,84.0,29.69,7.61,43.31,30.66,1,1,257,291,0,1,0,0,1,1,1,0,0,0,3,1,0,23,0,0,1
1785440110.587,103165,-31.5,-35.18,-67.0,55.0,-56.55,-19.42,128.3,165.0,3.0,66.8,30.4,30.4,-97.4,2.332,2.943,2.943,0.0,82.4,60.0,2.943,0.0,34.4,-35.18,-1.34,-4.48,-13.61,67.0,31.98,9.14,45.46,30.4,1,1,264,289,0,1,0,0,1,1,1,0,0,0,3,1,0,23,0,0,1
1785440110.648,103225,-35.1,-36.54,-45.0,32.0,-46.73,-9.27,137.7,165.0,3.0,49.6,28.77,28.77,-73.77,2.504,2.826,2.826,0.0,179.1,60.0,2.826,0.0,34.4,-36.54,-0.9,-2.23,-6.14,45.0,33.22,10.81,46.54,28.77,1,1,271,284,0,1,0,0,1,1,1,0,0,0,3,1,0,23,0,0,1
1785440110.718,103288,-35.4,-36.22,-21.0,39.0,-39.07,-2.59,143.1,165.0,3.0,39.8,26.64,26.64,-47.64,2.602,2.437,2.437,0.0,256.6,60.0,2.437,0.0,34.4,-36.22,-0.42,-0.84,-1.34,21.0,32.93,11.85,46.29,26.64,1,1,275,268,0,1,0,0,1,1,1,0,0,0,3,1,0,23,0,0,1
1785440110.778,103348,-34.4,-34.4,4.0,42.0,-18.5,14.45,141.8,165.0,-3.0,557.8,25.18,25.18,-21.18,2.578,1.396,1.396,0.0,310.3,25.8,1.611,0.0,34.4,-34.4,0.11,12.43,1.91,25.11,31.27,11.58,44.81,25.18,1,1,274,236,0,0,0,0,0,1,0,0,0,0,3,1,0,23,0,0,1
1785440110.838,103408,-32.1,-30.79,28.0,47.0,2.97,30.69,131.0,165.0,-3.0,538.1,24.74,24.74,3.26,2.381,-0.232,-0.232,0.0,342.6,60.0,-0.232,0.0,36.0,-30.79,0.59,23.63,6.47,46.21,27.99,9.59,41.59,24.74,1,1,266,172,0,1,0,0,1,1,1,0,0,0,3,1,0,23,0,0,1
1785440110.909,103468,-28.9,-26.56,46.0,51.0,16.63,39.26,105.7,165.0,-3.0,492.1,27.31,27.31,18.69,1.921,-1.253,-1.253,0.0,322.7,60.0,-1.253,0.0,36.0,-26.56,0.94,28.02,10.29,58.27,24.14,5.86,37.32,27.31,1,1,248,140,0,1,0,0,1,1,1,0,0,0,3,1,0,23,0,0,1
1785440110.971,103528,-24.6,-20.86,68.0,55.0,34.24,50.09,73.2,165.0,-3.0,433.0,28.26,28.26,39.74,1.33,-2.214,-2.214,0.0,335.9,60.0,-2.214,0.0,36.0,-20.86,1.37,31.97,16.75,74.33,18.97,2.66,30.73,28.26,1,1,226,111,0,1,0,0,1,1,1,0,0,0,3,1,0,23,0,0,1
1785440111.039,103592,-15.9,-12.45,96.0,36.0,60.02,65.88,32.7,165.0,-3.0,359.4,19.32,19.32,76.68,0.594,-2.848,-2.848,0.0,373.6,60.0,-2.848,0.0,36.0,-12.45,1.93,35.07,28.89,97.62,11.32,0.58,19.32,23.34,1,1,200,92,0,1,0,0,1,1,1,0,0,0,3,1,0,23,0,0,0
1785440111.099,103652,-10.6,-6.55,99.0,41.0,60.64,61.08,-1.7,165.0,-3.0,296.9,10.38,10.38,88.62,-0.031,-2.913,-2.913,0.0,277.1,60.0,-2.913,0.0,36.0,-6.55,1.98,29.4,29.71,99.0,5.95,0.0,10.38,16.25,1,1,179,90,0,1,0,0,1,1,1,0,0,0,2,1,0,23,0,0,0
1785440111.188,103712,-4.9,-0.55,99.0,44.0,59.94,54.99,-35.6,165.0,-3.0,235.4,0.88,0.88,98.12,-0.646,-2.944,-2.944,0.0,191.7,60.0,-2.944,0.0,36.0,-0.55,1.98,23.3,29.71,99.0,0.5,0.0,0.88,1.91,1,1,159,89,0,1,0,0,1,1,1,0,0,0,1,1,0,23,0,0,0
1785440111.188,103772,0.7,5.4,98.0,48.0,60.17,49.79,-60.0,165.0,-3.0,191.0,6.57,-6.57,104.57,-1.09,-2.959,-2.959,0.0,115.4,60.0,-2.959,0.0,36.0,5.4,1.96,18.72,29.11,98.0,4.91,1.78,8.59,6.57,1,1,145,88,0,1,0,0,1,1,1,0,0,0,2,1,0,23,0,0,1
1785440111.253,103832,6.2,11.14,97.0,51.0,61.25,45.56,-79.4,165.0,-3.0,155.7,12.74,-12.74,109.74,-1.443,-2.968,-2.968,0.0,72.2,60.0,-2.968,0.0,36.0,11.14,1.94,15.1,28.52,97.0,10.13,3.15,17.39,12.74,1,1,134,88,0,1,0,0,1,1,1,0,0,0,2,1,0,23,0,0,1
1785440111.310,103895,11.1,16.43,92.0,58.0,59.47,39.12,-95.5,165.0,-3.0,126.4,16.9,-16.9,108.9,-1.736,-2.967,-2.967,0.0,23.7,60.0,-2.967,0.0,36.0,16.43,1.84,11.63,25.65,92.0,14.94,4.69,24.95,16.9,1,1,125,88,0,1,0,0,1,1,1,0,0,0,1,1,0,23,0,0,1
1785440111.380,103955,15.8,18.11,68.0,34.0,42.76,22.41,-108.1,165.0,-3.0,103.5,16.02,-16.02,84.02,-1.965,-2.892,-2.892,0.0,-111.0,60.0,-2.892,0.0,36.0,18.11,1.36,7.04,14.01,68.0,16.46,6.17,27.2,16.02,1,1,118,90,0,1,0,0,1,1,1,0,0,0,2,1,0,23,0,0,1
1785440111.441,104015,19.1,21.55,63.0,39.0,41.96,18.55,-119.1,165.0,-3.0,83.5,17.46,-17.46,80.46,-2.165,-2.873,-2.873,0.0,-104.3,60.0,-2.873,0.0,36.0,21.55,1.26,5.26,12.03,63.0,19.59,7.69,31.58,17.46,1,1,112,91,0,1,0,0,1,1,1,0,0,0,1,1,0,23,0,0,1
1785440111.509,104075,20.6,22.53,46.0,42.0,33.98,10.41,-128.2,165.0,-3.0,66.9,16.04,-16.04,62.04,-2.331,-2.703,-2.703,0.0,-163.8,60.0,-2.703,0.0,36.0,22.53,0.92,3.08,6.41,46.0,20.48,9.13,32.76,16.04,1,1,107,96,0,1,0,0,1,1,1,0,0,0,2,1,0,23,0,0,1
1785440111.571,104135,21.1,22.36,28.0,45.0,27.34,4.53,-133.7,165.0,-3.0,56.9,14.22,-14.22,42.22,-2.431,-2.291,-2.291,0.0,-206.7,60.0,-2.291,0.0,36.0,22.36,0.56,1.59,2.38,28.0,20.33,10.08,32.55,14.22,1,1,104,108,0,1,0,0,1,1,1,0,0,0,2,1,0,23,0,0,1
1785440111.632,104198,21.1,21.91,15.0,54.0,23.98,1.89,-131.9,165.0,-3.0,60.2,14.22,-14.22,29.22,-2.398,-1.805,-1.805,0.0,-205.2,60.0,-1.805,0.0,36.0,21.91,0.3,0.9,0.68,15.0,19.92,9.75,32.01,14.22,1,1,105,123,0,1,0,0,1,1,1,0,0,0,1,1,0,23,0,0,1
1785440111.701,104258,17.0,16.14,-27.0,32.0,-13.43,-26.88,-119.1,165.0,3.0,516.5,10.56,-10.56,-16.44,-2.165,1.118,1.118,0.0,-369.0,60.0,0.256,0.0,36.0,16.14,-0.56,-20.9,-5.42,42.27,14.67,7.69,24.54,10.56,1,1,112,189,0,1,0,0,1,1,1,0,0,0,2,1,0,23,0,0,1
1785440111.761,104318,13.6,12.02,-44.0,36.0,-26.47,-34.99,-95.5,165.0,3.0,473.6,10.62,-10.62,-33.38,-1.736,1.983,1.983,0.0,-347.3,60.0,1.983,0.0,36.0,12.02,-0.9,-25.19,-8.9,54.2,10.93,4.69,18.69,10.62,1,1,125,250,0,1,0,0,1,1,1,0,0,0,2,1,0,23,0,0,1
1785440111.851,104378,9.6,7.06,-62.0,41.0,-37.58,-40.58,-54.7,165.0,3.0,399.5,10.4,-10.4,-51.6,-0.995,2.527,2.527,0.0,-343.8,60.0,2.527,0.0,36.0,7.06,-1.25,-26.2,-13.13,65.82,6.42,1.49,11.18,10.4,1,1,148,272,0,1,0,0,1,1,1,0,0,0,2,1,0,23,0,0,1
1785440111.852,104438,5.4,2.25,-70.0,45.0,-41.59,-39.86,-16.9,165.0,3.0,330.7,3.6,-3.6,-66.4,-0.307,2.756,2.756,0.0,-281.1,60.0,2.756,0.0,36.0,2.25,-1.4,-23.35,-15.11,70.6,2.05,0.2,3.6,5.0,1,1,170,281,0,1,0,0,1,1,1,0,0,0,1,1,0,23,0,0,0
1785440111.910,104500,-1.0,-5.59,-90.0,51.0,-60.15,-49.61,22.9,165.0,3.0,258.4,8.88,8.88,-98.88,0.416,2.946,2.946,0.0,-282.1,60.0,2.946,0.0,36.0,-5.59,-1.8,-23.26,-24.55,90.0,5.08,0.32,8.88,11.81,1,1,194,290,0,1,0,0,1,1,1,0,0,0,2,1,0,23,0,0,0
1785440111.981,104560,-6.5,-11.57,-94.0,54.0,-63.24,-46.98,57.9,165.0,3.0,194.8,17.58,17.58,-111.58,1.052,2.971,2.971,0.0,-213.3,60.0,2.971,0.0,36.0,-11.57,-1.88,-18.31,-26.78,94.0,10.52,1.66,18.03,17.58,1,1,216,291,0,1,0,0,1,1,1,0,0,0,2,1,0,23,0,0,1
1785440112.040,104620,-13.4,-19.78,-110.0,58.0,-81.75,-56.34,77.7,165.0,3.0,158.8,25.72,25.72,-135.72,1.412,2.991,2.991,0.0,-227.8,60.0,2.991,0.0,36.0,-19.78,-2.2,-17.47,-36.67,110.0,17.98,3.01,29.36,25.72,1,1,229,292,0,1,0,0,1,1,1,0,0,0,3,1,0,23,0,0,1
1785440112.099,104680,-21.1,-24.49,-97.0,35.0,-71.45,-42.69,95.7,165.0,3.0,126.1,27.47,27.47,-124.47,1.739,2.984,2.984,0.0,-89.2,60.0,2.984,0.0,36.0,-24.49,-1.94,-12.23,-28.52,97.0,22.26,4.7,35.04,27.47,1,1,241,291,0,1,0,0,1,1,1,0,0,0,3,1,0,23,0,0,1
1785440112.175,104740,-26.0,-29.66,-94.0,39.0,-71.27,-37.82,111.4,165.0,3.0,97.5,29.36,29.36,-123.36,2.025,2.983,2.983,0.0,-47.8,60.0,2.983,0.0,36.0,-29.66,-1.88,-9.16,-26.78,94.0,26.97,6.6,40.5,29.36,1,1,252,291,0,1,0,0,1,1,1,0,0,0,3,1,0,23,0,0,1
1785440112.235,104803,-30.1,-33.57,-79.0,44.0,-62.78,-26.55,122.8,165.0,3.0,76.6,30.35,30.35,-109.35,2.234,2.967,2.967,0.0,46.3,60.0,2.967,0.0,36.0,-33.57,-1.58,-6.05,-18.92,79.0,30.52,8.26,44.1,30.35,1,1,260,291,0,1,0,0,1,1,1,0,0,0,3,1,0,23,0,0,1
1785440112.291,104863,-33.3,-36.47,-66.0,48.0,-56.58,-18.28,133.7,165.0,3.0,57.0,30.03,30.03,-96.03,2.43,2.939,2.939,0.0,103.1,60.0,2.939,0.0,36.0,-36.47,-1.32,-3.76,-13.2,66.0,33.15,10.07,46.48,30.03,1,1,268,289,0,1,0,0,1,1,1,0,0,0,3,1,0,23,0,0,1
1785440112.360,104923,-35.0,-37.38,-45.0,53.0,-47.34,-9.05,140.4,165.0,3.0,44.7,28.76,28.76,-73.76,2.553,2.826,2.826,0.0,171.2,60.0,2.826,0.0,36.0,-37.38,-0.9,-2.01,-6.14,45.0,33.98,11.32,47.19,28.76,1,1,273,284,0,1,0,0,1,1,1,0,0,0,3,1,0,23,0,0,1
1785440112.421,104983,-35.6,-36.1,-16.0,31.0,-38.0,-1.73,143.1,165.0,3.0,39.8,26.51,26.51,-42.51,2.602,2.3,2.3,0.0,270.2,60.0,2.3,0.0,36.0,-36.1,-0.32,-0.64,-0.78,16.0,32.81,11.85,46.19,26.51,1,1,275,263,0,1,0,0,1,1,1,0,0,0,3,1,0,23,0,0,1
1785440112.513,105043,-34.6,-34.6,6.0,36.0,-17.72,15.35,139.1,165.0,-3.0,552.8,26.28,26.28,-20.28,2.528,1.346,1.346,0.0,307.4,25.7,1.39,0.0,36.0,-34.6,0.15,13.09,2.11,26.36,31.45,11.06,44.98,26.28,1,1,272,228,0,0,0,0,0,1,0,0,0,0,3,1,0,23,0,0,1
1785440112.514,105106,-32.2,-30.95,29.0,43.0,2.93,30.81,128.3,165.0,-3.0,533.2,25.77,25.77,3.23,2.332,-0.23,-0.23,0.0,339.5,60.0,-0.23,0.0,36.0,-30.95,0.61,23.64,6.56,46.52,28.14,9.14,41.74,25.77,1,1,264,173,0,1,0,0,1,1,1,0,0,0,3,1,0,23,0,0,1
1785440112.571,105166,-28.7,-26.49,48.0,46.0,18.18,40.61,104.3,165.0,-3.0,489.5,27.63,27.63,20.37,1.895,-1.351,-1.351,0.0,324.2,60.0,-1.351,0.0,36.0,-26.49,0.98,28.73,10.9,59.96,24.09,5.69,37.25,27.63,1,1,247,137,0,1,0,0,1,1,1,0,0,0,3,1,0,23,0,0,1
1785440112.635,105226,-23.1,-19.1,80.0,50.0,47.44,60.49,70.2,165.0,-3.0,427.5,26.49,26.49,53.51,1.275,-2.565,-2.565,0.0,401.2,60.0,-2.565,0.0,36.0,-19.1,1.61,36.53,22.35,85.88,17.37,2.44,28.5,26.49,1,1,224,100,0,1,0,0,1,1,1,0,0,0,3,1,0,23,0,0,1
1785440112.699,105286,-17.9,-12.9,91.0,55.0,54.73,61.48,34.3,165.0,-3.0,362.3,19.97,19.97,71.03,0.623,-2.803,-2.803,0.0,332.1,60.0,-2.803,0.0,36.0,-12.9,1.83,33.58,26.07,92.75,11.73,0.63,19.97,23.86,1,1,201,93,0,1,0,0,1,1,1,0,0,0,3,1,0,23,0,0,0
1785440112.759,105346,-9.6,-6.34,99.0,33.0,60.85,61.08,-1.7,165.0,-3.0,296.9,10.06,10.06,88.94,-0.031,-2.914,-2.914,0.0,269.7,60.0,-2.914,0.0,36.0,-6.34,1.98,29.4,29.71,99.0,5.76,0.0,10.06,15.79,1,1,179,90,0,1,0,0,1,1,1,0,0,0,2,1,0,23,0,0,0
1785440112.831,105407,-3.4,0.66,107.0,38.0,69.26,62.36,-33.8,165.0,-3.0,238.5,0.0,0.0,107.0,-0.615,-2.963,-2.963,0.0,230.9,60.0,-2.963,0.0,36.0,0.66,2.14,25.52,34.7,107.0,0.6,0.61,1.06,0.0,1,1,160,88,0,1,0,0,1,1,1,0,0,0,2,1,0,23,0,0,1
1785440112.891,105467,2.1,6.52,103.0,43.0,65.8,53.89,-60.0,165.0,-3.0,191.0,8.61,-8.61,111.61,-1.09,-2.971,-2.971,0.0,139.0,60.0,-2.971,0.0,36.0,6.52,2.06,19.67,32.15,103.0,5.93,1.78,10.35,8.61,1,1,145,88,0,1,0,0,1,1,1,0,0,0,2,1,0,23,0,0,1
1785440112.959,105527,7.0,11.51,96.0,47.0,60.78,44.8,-79.4,165.0,-3.0,155.7,13.31,-13.31,109.31,-1.443,-2.967,-2.967,0.0,59.5,60.0,-2.967,0.0,36.0,11.51,1.92,14.94,27.93,96.0,10.46,3.15,17.94,13.31,1,1,134,88,0,1,0,0,1,1,1,0,0,0,2,1,0,23,0,0,1
1785440113.019,105587,11.2,15.86,88.0,53.0,55.85,36.35,-95.5,165.0,-3.0,126.4,16.11,-16.11,104.11,-1.736,-2.958,-2.958,0.0,-0.6,60.0,-2.958,0.0,36.0,15.86,1.76,11.12,23.47,88.0,14.42,4.69,24.16,16.11,1,1,125,88,0,1,0,0,1,1,1,0,0,0,1,1,0,23,0,0,1
1785440113.082,105647,14.6,18.81,74.0,57.0,46.85,25.49,-109.9,165.0,-3.0,100.2,16.47,-16.47,90.47,-1.998,-2.92,-2.92,0.0,-68.2,60.0,-2.92,0.0,36.0,18.81,1.48,7.41,16.6,74.0,17.1,6.41,28.12,16.47,1,1,117,90,0,1,0,0,1,1,1,0,0,0,2,1,0,23,0,0,1
1785440113.170,105710,19.1,21.16,59.0,35.0,39.49,16.66,-119.1,165.0,-3.0,83.5,16.97,-16.97,75.97,-2.165,-2.843,-2.843,0.0,-127.0,60.0,-2.843,0.0,36.0,21.16,1.18,4.93,10.55,59.0,19.24,7.69,31.1,16.97,1,1,112,92,0,1,0,0,1,1,1,0,0,0,1,1,0,23,0,0,1
1785440113.170,105770,20.6,22.28,43.0,39.0,32.39,9.2,-130.0,165.0,-3.0,63.5,15.2,-15.2,58.2,-2.365,-2.647,-2.647,0.0,-176.5,60.0,-2.647,0.0,36.0,22.28,0.86,2.73,5.6,43.0,20.25,9.44,32.45,15.2,1,1,106,98,0,1,0,0,1,1,1,0,0,0,1,1,0,23,0,0,1
1785440113.229,105830,20.5,21.53,23.0,45.0,25.24,3.37,-133.7,165.0,-3.0,56.9,13.23,-13.23,36.23,-2.431,-2.093,-2.093,0.0,-224.6,60.0,-2.093,0.0,36.0,21.53,0.46,1.31,1.6,23.0,19.58,10.08,31.55,13.23,1,1,104,114,0,1,0,0,1,1,1,0,0,0,2,1,0,23,0,0,1
1785440113.298,105890,20.6,21.25,13.0,50.0,23.06,1.64,-128.2,165.0,-3.0,66.9,14.49,-14.49,27.49,-2.331,-1.724,-1.724,0.0,-202.5,60.0,-1.724,0.0,36.0,21.25,0.26,0.87,0.51,13.0,19.32,9.13,31.2,14.49,1,1,107,125,0,1,0,0,1,1,1,0,0,0,1,1,0,23,0,0,1
1785440113.367,105950,18.1,18.1,-13.0,56.0,0.84,-15.69,-115.4,165.0,3.0,509.8,14.09,-14.09,1.09,-2.098,-0.078,-0.078,0.0,-263.7,31.2,-0.078,0.0,36.0,18.1,-0.28,-13.13,-2.28,27.42,16.45,7.16,27.18,14.09,1,1,114,177,0,0,0,0,0,1,0,0,0,0,1,1,0,23,0,0,1
1785440113.420,106012,13.1,11.67,-41.0,35.0,-23.69,-32.14,-93.7,165.0,3.0,470.4,10.5,-10.5,-30.5,-1.704,1.862,1.862,0.0,-331.3,60.0,1.862,0.0,36.0,11.67,-0.84,-23.47,-7.84,50.86,10.61,4.5,18.17,10.5,1,1,126,246,0,1,0,0,1,1,1,0,0,0,2,1,0,23,0,0,1
1785440113.489,106072,9.2,6.8,-60.0,40.0,-36.45,-39.32,-56.5,165.0,3.0,402.7,9.66,-9.66,-50.34,-1.027,2.5,2.5,0.0,-339.4,60.0,2.5,0.0,36.0,6.8,-1.21,-25.68,-12.43,64.03,6.18,1.58,10.78,9.66,1,1,147,271,0,1,0,0,1,1,1,0,0,0,2,1,0,24,0,0,1
1785440113.549,106132,4.6,1.59,-70.0,43.0,-42.88,-40.43,-20.3,165.0,3.0,336.9,2.55,-2.55,-67.45,-0.369,2.768,2.768,0.0,-280.2,60.0,2.768,0.0,36.0,1.59,-1.4,-23.84,-15.18,70.78,1.45,0.26,2.55,3.19,1,1,168,282,0,1,0,0,1,1,1,0,0,0,1,1,0,24,0,0,0
1785440113.619,106192,-1.4,-5.66,-87.0,49.0,-57.25,-46.9,24.5,165.0,3.0,255.4,9.0,9.0,-96.0,0.446,2.939,2.939,0.0,-267.8,60.0,2.939,0.0,36.0,-5.66,-1.74,-22.22,-22.94,87.0,5.14,0.36,9.0,11.78,1,1,195,289,0,1,0,0,1,1,1,0,0,0,2,1,0,24,0,0,0
1785440113.683,106252,-7.1,-12.28,-96.0,54.0,-66.3,-49.11,54.7,165.0,3.0,200.6,19.07,19.07,-115.07,0.994,2.975,2.975,0.0,-230.0,60.0,2.975,0.0,36.0,-12.28,-1.92,-19.25,-27.93,96.0,11.16,1.49,19.07,19.31,1,1,214,291,0,1,0,0,1,1,1,0,0,0,2,1,0,24,0,0,0
1785440113.745,106315,-16.1,-19.33,-101.0,32.0,-73.5,-49.25,76.2,165.0,3.0,161.5,25.45,25.45,-126.45,1.385,2.985,2.985,0.0,-179.8,60.0,2.985,0.0,36.0,-19.33,-2.02,-16.31,-30.92,101.0,17.57,2.89,28.78,25.45,1,1,228,291,0,1,0,0,1,1,1,0,0,0,3,1,0,24,0,0,1
1785440113.830,106375,-21.8,-25.5,-103.0,36.0,-77.42,-47.2,95.7,165.0,3.0,126.1,28.74,28.74,-131.74,1.739,2.989,2.989,0.0,-135.3,60.0,2.989,0.0,36.0,-25.5,-2.06,-12.99,-32.15,103.0,23.18,4.7,36.17,28.74,1,1,241,291,0,1,0,0,1,1,1,0,0,0,3,1,0,24,0,0,1
1785440113.830,106435,-26.3,-29.9,-90.0,40.0,-68.79,-35.36,110.0,165.0,3.0,100.1,30.05,30.05,-120.05,1.999,2.98,2.98,0.0,-24.1,60.0,2.98,0.0,36.0,-29.9,-1.8,-9.01,-24.55,90.0,27.18,6.41,40.73,30.05,1,1,251,291,0,1,0,0,1,1,1,0,0,0,3,1,0,24,0,0,1
1785440113.890,106495,-30.3,-33.77,-79.0,44.0,-63.2,-26.76,121.4,165.0,3.0,79.2,31.01,31.01,-110.01,2.208,2.968,2.968,0.0,43.0,60.0,2.968,0.0,36.0,-33.77,-1.58,-6.26,-18.92,79.0,30.7,8.04,44.28,31.01,1,1,259,291,0,1,0,0,1,1,1,0,0,0,3,1,0,24,0,0,1
1785440113.962,106555,-33.1,-36.12,-63.0,48.0,-54.86,-17.03,132.3,165.0,3.0,59.4,30.1,30.1,-93.1,2.406,2.93,2.93,0.0,115.3,60.0,2.93,0.0,36.0,-36.12,-1.26,-3.74,-12.03,63.0,32.84,9.83,46.21,30.1,1,1,267,289,0,1,0,0,1,1,1,0,0,0,3,1,0,24,0,0,1
1785440114.021,106618,-35.3,-38.15,-50.0,57.0,-50.18,-10.93,139.1,165.0,3.0,47.2,30.0,30.0,-80.0,2.528,2.87,2.87,0.0,144.3,60.0,2.87,0.0,36.0,-38.15,-1.0,-2.36,-7.58,50.0,34.68,11.06,47.76,30.0,1,1,272,286,0,1,0,0,1,1,1,0,0,0,3,1,0,24,0,0,1
1785440114.083,106678,-35.9,-36.41,-15.0,34.0,-38.15,-1.58,143.1,165.0,3.0,39.8,26.84,26.84,-41.84,2.602,2.28,2.28,0.0,281.6,60.0,2.28,0.0,36.0,-36.41,-0.3,-0.6,-0.68,15.0,33.1,11.85,46.44,26.84,1,1,275,262,0,1,0,0,1,1,1,0,0,0,3,1,0,24,0,0,1
1785440114.150,106738,-34.8,-34.8,6.0,39.0,-17.92,15.35,139.1,165.0,-3.0,552.8,26.49,26.49,-20.49,2.528,1.358,1.358,0.0,310.8,25.7,1.45,0.0,36.0,-34.8,0.15,13.09,2.11,26.36,31.64,11.06,45.14,26.49,1,1,272,230,0,0,0,0,0,1,0,0,0,0,3,1,0,24,0,0,1
1785440114.213,106798,-32.0,-30.58,33.0,43.0,7.03,34.2,128.3,165.0,-3.0,533.2,25.35,25.35,7.65,2.332,-0.54,-0.54,0.0,361.9,60.0,-0.368,0.0,36.0,-30.58,0.69,25.77,7.74,50.52,27.8,9.14,41.39,25.35,1,1,264,168,0,1,0,0,1,1,1,0,0,0,3,1,0,24,0,0,1
1785440114.275,106858,-28.6,-26.3,49.0,47.0,19.77,41.88,105.7,165.0,-3.0,492.1,27.0,27.0,22.0,1.921,-1.442,-1.442,0.0,333.8,60.0,-1.442,0.0,36.0,-26.3,1.0,29.5,11.38,61.27,23.91,5.86,37.04,27.0,1,1,248,134,0,1,0,0,1,1,1,0,0,0,3,1,0,24,0,0,1
1785440114.347,106922,-23.2,-18.8,80.0,55.0,47.26,60.06,68.7,165.0,-3.0,424.8,26.4,26.4,53.6,1.248,-2.566,-2.566,0.0,382.8,60.0,-2.566,0.0,36.0,-18.8,1.61,36.21,22.24,85.66,17.09,2.34,28.11,26.4,1,1,223,100,0,1,0,0,1,1,1,0,0,0,3,1,0,24,0,0,1
1785440114.404,106982,-15.3,-12.36,92.0,32.0,55.46,61.65,31.1,165.0,-3.0,356.5,19.19,19.19,72.81,0.565,-2.818,-2.818,0.0,324.7,60.0,-2.818,0.0,36.0,-12.36,1.85,33.31,26.49,93.5,11.24,0.53,19.19,23.45,1,1,199,93,0,1,0,0,1,1,1,0,0,0,3,1,0,24,0,0,0
1785440114.491,107042,-9.3,-5.7,100.0,36.0,62.16,61.69,-3.4,165.0,-3.0,293.9,9.07,9.07,90.93,-0.061,-2.922,-2.922,0.0,264.6,60.0,-2.922,0.0,36.0,-5.7,2.0,29.39,30.31,100.0,5.19,0.0,9.07,14.49,1,1,178,89,0,1,0,0,1,1,1,0,0,0,2,1,0,24,0,0,0
1785440114.491,107102,-3.1,1.22,108.0,40.0,69.69,62.25,-39.1,165.0,-3.0,229.0,0.77,-0.77,108.77,-0.71,-2.966,-2.966,0.0,228.1,60.0,-2.966,0.0,36.0,1.22,2.16,24.73,35.35,108.0,1.1,0.79,1.94,0.77,1,1,157,88,0,1,0,0,1,1,1,0,0,0,2,1,0,24,0,0,1
1785440114.552,107162,1.1,5.19,91.0,45.0,53.6,44.01,-61.7,165.0,-3.0,187.8,5.92,-5.92,96.92,-1.122,-2.941,-2.941,0.0,63.2,60.0,-2.941,0.0,36.0,5.19,1.82,17.09,25.1,91.0,4.72,1.88,8.26,5.92,1,1,144,89,0,1,0,0,1,1,1,0,0,0,3,1,0,24,0,0,1
1785440114.624,107224,6.8,11.89,98.0,52.0,62.85,46.32,-79.4,165.0,-3.0,155.7,13.9,-13.9,111.9,-1.443,-2.971,-2.971,0.0,79.8,60.0,-2.971,0.0,36.0,11.89,1.96,15.25,29.11,98.0,10.81,3.15,18.5,13.9,1,1,134,88,0,1,0,0,1,1,1,0,0,0,2,1,0,24,0,0,1
1785440114.682,107284,11.4,16.35,90.0,55.0,57.52,37.43,-97.3,165.0,-3.0,123.1,16.35,-16.35,106.35,-1.769,-2.962,-2.962,0.0,18.2,60.0,-2.962,0.0,36.0,16.35,1.8,11.08,24.55,90.0,14.86,4.88,24.83,16.35,1,1,124,88,0,1,0,0,1,1,1,0,0,0,1,1,0,24,0,0,1
1785440114.753,107344,15.2,19.8,78.0,59.0,50.11,27.55,-111.8,165.0,-3.0,96.8,17.25,-17.25,95.25,-2.032,-2.936,-2.936,0.0,-49.8,60.0,-2.936,0.0,36.0,19.8,1.56,7.55,18.44,78.0,18.0,6.65,29.39,17.25,1,1,116,89,0,1,0,0,1,1,1,0,0,0,2,1,0,24,0,0,1
1785440114.812,107404,19.5,21.57,61.0,34.0,40.48,17.19,-122.7,165.0,-3.0,76.9,16.45,-16.45,77.45,-2.231,-2.854,-2.854,0.0,-116.6,60.0,-2.854,0.0,36.0,21.57,1.22,4.69,11.28,61.0,19.61,8.24,31.6,16.45,1,1,110,91,0,1,0,0,1,1,1,0,0,0,1,1,0,24,0,0,1
1785440114.875,107464,20.6,22.24,42.0,39.0,31.98,8.86,-130.0,165.0,-3.0,63.5,15.15,-15.15,57.15,-2.365,-2.63,-2.63,0.0,-182.9,60.0,-2.63,0.0,36.0,22.24,0.84,2.67,5.35,42.0,20.21,9.44,32.4,15.15,1,1,106,98,0,1,0,0,1,1,1,0,0,0,2,1,0,24,0,0,1
1785440114.943,107527,20.9,22.0,24.0,46.0,25.87,3.51,-135.5,165.0,-3.0,53.6,13.25,-13.25,37.25,-2.464,-2.13,-2.13,0.0,-223.7,60.0,-2.13,0.0,36.0,22.0,0.48,1.29,1.75,24.0,20.0,10.41,32.12,13.25,1,1,103,113,0,1,0,0,1,1,1,0,0,0,2,1,0,24,0,0,1
1785440115.002,107587,20.6,21.11,10.0,51.0,22.29,1.07,-133.7,165.0,-3.0,56.9,12.72,-12.72,22.72,-2.431,-1.481,-1.481,0.0,-222.1,60.0,-1.481,0.0,36.0,21.11,0.2,0.57,0.3,10.0,19.19,10.08,31.03,12.72,1,1,104,133,0,1,0,0,1,1,1,0,0,0,1,1,0,24,0,0,1
1785440115.091,107647,18.8,18.8,-10.0,56.0,3.45,-13.95,-117.2,165.0,3.0,513.2,14.5,-14.5,4.5,-2.132,-0.32,-0.32,0.0,-248.4,30.9,-0.32,0.0,36.0,18.8,-0.22,-11.86,-1.87,24.84,17.09,7.42,28.1,14.5,1,1,113,170,0,0,0,0,0,1,0,0,0,0,1,1,0,24,0,0,1
1785440115.091,107707,14.8,12.56,-38.0,59.0,-18.14,-27.91,-84.8,165.0,3.0,454.1,13.78,-13.78,-24.22,-1.541,1.561,1.561,0.0,-303.8,60.0,1.561,0.0,36.0,12.56,-0.78,-20.66,-6.48,46.23,11.42,3.62,19.48,13.78,1,1,131,234,0,1,0,0,1,1,1,0,0,0,2,1,0,24,0,0,1
1785440115.152,107767,9.5,7.51,-57.0,35.0,-31.97,-35.89,-51.2,165.0,3.0,393.2,11.74,-11.74,-45.26,-0.932,2.377,2.377,0.0,-309.9,60.0,2.377,0.0,36.0,7.51,-1.15,-23.68,-11.06,60.41,6.83,1.31,11.88,11.74,1,1,150,266,0,1,0,0,1,1,1,0,0,0,2,1,0,24,0,0,1
1785440115.213,107830,3.2,-0.41,-86.0,42.0,-57.36,-51.77,-10.1,165.0,3.0,318.4,0.65,0.65,-86.65,-0.184,2.905,2.905,0.0,-366.6,60.0,2.905,0.0,36.0,-0.41,-1.72,-27.48,-22.57,86.3,0.37,0.0,0.65,1.22,1,1,174,288,0,1,0,0,1,1,1,0,0,0,2,1,0,24,0,0,0
1785440115.283,107890,-2.4,-6.72,-94.0,46.0,-63.43,-51.55,31.1,165.0,3.0,243.5,10.65,10.65,-104.65,0.565,2.959,2.959,0.0,-292.4,60.0,2.959,0.0,36.0,-6.72,-1.88,-22.89,-26.78,94.0,6.11,0.53,10.65,13.12,1,1,199,290,0,1,0,0,1,1,1,0,0,0,1,1,0,24,0,0,0
1785440115.352,107950,-7.7,-12.45,-95.0,50.0,-64.69,-47.49,59.4,165.0,3.0,192.0,18.7,18.7,-113.7,1.08,2.973,2.973,0.0,-206.7,60.0,2.973,0.0,36.0,-12.45,-1.9,-18.24,-27.35,95.0,11.31,1.75,19.31,18.7,1,1,217,291,0,1,0,0,1,1,1,0,0,0,1,1,0,24,0,0,1
1785440115.413,108010,-14.4,-19.91,-104.0,53.0,-75.79,-50.81,80.7,165.0,3.0,153.3,25.2,25.2,-129.2,1.467,2.987,2.987,0.0,-188.7,60.0,2.987,0.0,36.0,-19.91,-2.08,-15.94,-32.78,104.0,18.1,3.26,29.53,25.2,1,1,231,291,0,1,0,0,1,1,1,0,0,0,3,1,0,24,0,0,1
1785440115.477,108070,-18.7,-23.83,-90.0,57.0,-65.04,-37.46,97.1,165.0,3.0,123.5,26.26,26.26,-116.26,1.765,2.976,2.976,0.0,-57.0,60.0,2.976,0.0,36.0,-23.83,-1.8,-11.11,-24.55,90.0,21.66,4.86,34.28,26.26,1,1,242,291,0,1,0,0,1,1,1,0,0,0,3,1,0,24,0,0,1
1785440115.536,108134,-26.2,-29.5,-87.0,38.0,-65.48,-32.71,114.3,165.0,3.0,92.3,28.34,28.34,-115.34,2.077,2.975,2.975,0.0,-16.8,60.0,2.975,0.0,36.0,-29.5,-1.74,-8.03,-22.94,87.0,26.82,7.0,40.35,28.34,1,1,254,291,0,1,0,0,1,1,1,0,0,0,3,1,0,24,0,0,1
1785440115.606,108194,-30.0,-33.1,-74.0,42.0,-58.83,-23.38,125.6,165.0,3.0,71.7,28.99,28.99,-102.99,2.283,2.956,2.956,0.0,66.2,60.0,2.956,0.0,36.0,-33.1,-1.48,-5.31,-16.6,74.0,30.1,8.69,43.7,28.99,1,1,262,290,0,1,0,0,1,1,1,0,0,0,3,1,0,24,0,0,1
1785440115.664,108254,-32.3,-34.78,-54.0,46.0,-49.08,-12.99,133.7,165.0,3.0,57.0,28.24,28.24,-82.24,2.43,2.883,2.883,0.0,151.4,60.0,2.883,0.0,36.0,-34.78,-1.08,-3.08,-8.84,54.0,31.62,10.07,45.13,28.24,1,1,268,287,0,1,0,0,1,1,1,0,0,0,3,1,0,24,0,0,1
1785440115.724,108314,-34.1,-36.19,-41.0,51.0,-44.82,-7.85,139.1,165.0,3.0,47.2,27.96,27.96,-68.96,2.528,2.783,2.783,0.0,167.8,60.0,2.783,0.0,36.0,-36.19,-0.82,-1.93,-5.09,41.0,32.9,11.06,46.27,27.96,1,1,272,283,0,1,0,0,1,1,1,0,0,0,3,1,0,24,0,0,1
1785440115.724,108374,-34.4,-35.54,-20.0,57.0,-38.24,-2.46,141.8,165.0,3.0,42.2,26.38,26.38,-46.38,2.578,2.406,2.406,0.0,224.3,60.0,2.406,0.0,36.0,-35.54,-0.4,-0.84,-1.21,20.0,32.31,11.58,45.75,26.38,1,1,274,267,0,1,0,0,1,1,1,0,0,0,3,1,0,24,0,0,1
1785440115.824,108437,-32.2,-32.2,17.0,35.0,-6.78,23.11,136.4,165.0,-3.0,547.9,24.58,24.58,-7.58,2.479,0.536,0.536,0.0,345.1,26.4,0.867,0.0,35.0,-32.2,0.37,18.68,4.07,36.63,29.27,10.56,42.89,24.58,1,1,270,210,0,0,0,0,0,1,0,0,0,0,3,1,0,24,0,0,1
1785440115.875,108497,-29.1,-27.62,40.0,37.0,13.26,37.16,117.1,165.0,-3.0,512.9,25.32,25.32,14.68,2.129,-1.008,-1.008,0.0,362.7,60.0,-1.008,0.0,35.0,-27.62,0.82,27.23,9.11,54.81,25.11,7.4,38.45,25.32,1,1,256,148,0,1,0,0,1,1,1,0,0,0,3,1,0,24,0,0,1
1785440115.945,108557,-25.1,-22.66,61.0,40.0,30.83,48.63,91.2,165.0,-3.0,465.8,26.29,26.29,34.71,1.658,-2.036,-2.036,0.0,363.5,60.0,-2.036,0.0,35.0,-22.66,1.24,32.37,15.02,70.39,20.6,4.24,32.91,26.29,1,1,238,116,0,1,0,0,1,1,1,0,0,0,3,1,0,24,0,0,1
1785440116.008,108617,-20.3,-16.68,77.0,47.0,42.64,53.93,56.3,165.0,-3.0,402.3,25.29,25.29,51.71,1.023,-2.529,-2.529,0.0,334.7,60.0,-2.529,0.0,35.0,-16.68,1.55,32.49,19.89,81.0,15.17,1.57,25.29,25.89,1,1,215,101,0,1,0,0,1,1,1,0,0,0,3,1,0,24,0,0,0
1785440116.065,108677,-15.1,-10.42,90.0,52.0,52.9,57.57,21.2,165.0,-3.0,338.6,16.32,16.32,73.68,0.386,-2.826,-2.826,0.0,303.7,60.0,-2.826,0.0,35.0,-10.42,1.8,30.75,25.01,90.84,9.48,0.28,16.32,21.44,1,1,193,92,0,1,0,0,1,1,1,0,0,0,3,1,0,24,0,0,0
1785440116.136,108740,-8.5,-2.74,103.0,56.0,66.1,62.58,-13.5,165.0,-3.0,275.4,4.37,4.37,98.63,-0.246,-2.946,-2.946,0.0,268.7,60.0,-2.946,0.0,35.0,-2.74,2.06,28.37,32.15,103.0,2.49,0.0,4.37,7.8,1,1,172,89,0,1,0,0,1,1,1,0,0,0,1,1,0,24,0,0,0
1785440116.195,108800,-0.3,2.86,99.0,32.0,61.62,53.42,-44.3,165.0,-3.0,219.5,3.75,-3.75,102.75,-0.805,-2.955,-2.955,0.0,161.9,60.0,-2.955,0.0,35.0,2.86,1.98,21.73,29.71,99.0,2.6,1.0,4.57,3.75,1,1,154,88,0,1,0,0,1,1,1,0,0,0,3,1,0,24,0,0,1
1785440116.269,108860,4.8,8.22,95.0,36.0,58.7,45.89,-68.7,165.0,-3.0,175.2,10.07,-10.07,105.07,-1.248,-2.96,-2.96,0.0,86.3,60.0,-2.96,0.0,35.0,8.22,1.9,16.64,27.35,95.0,7.47,2.34,12.97,10.07,1,1,140,88,0,1,0,0,1,1,1,0,0,0,2,1,0,24,0,0,1
1785440116.325,108920,9.1,12.46,84.0,40.0,50.71,34.78,-88.3,165.0,-3.0,139.4,12.85,-12.85,96.85,-1.606,-2.941,-2.941,0.0,-4.7,60.0,-2.941,0.0,35.0,12.46,1.68,11.71,21.39,84.0,11.32,3.96,19.33,12.85,1,1,129,89,0,1,0,0,1,1,1,0,0,0,2,1,0,24,0,0,1
1785440116.416,108980,13.8,17.49,84.0,44.0,53.64,32.86,-100.9,165.0,-3.0,116.6,17.03,-17.03,101.03,-1.834,-2.952,-2.952,0.0,-3.2,60.0,-2.952,0.0,35.0,17.49,1.68,9.8,21.39,84.0,15.9,5.28,26.38,17.03,1,1,122,89,0,1,0,0,1,1,1,0,0,0,2,1,0,24,0,0,1
1785440116.416,109043,16.3,19.51,63.0,51.0,40.61,19.18,-113.6,165.0,-3.0,93.5,16.39,-16.39,79.39,-2.065,-2.866,-2.866,0.0,-112.7,60.0,-2.866,0.0,35.0,19.51,1.26,5.89,12.03,63.0,17.74,6.9,29.02,16.39,1,1,115,91,0,1,0,0,1,1,1,0,0,0,2,1,0,24,0,0,1
1785440116.477,109103,19.4,22.53,58.0,54.0,39.71,15.62,-124.6,165.0,-3.0,73.5,17.1,-17.1,75.1,-2.265,-2.837,-2.837,0.0,-102.2,60.0,-2.837,0.0,35.0,22.53,1.16,4.26,10.2,58.0,20.48,8.53,32.76,17.1,1,1,109,92,0,1,0,0,1,1,1,0,0,0,1,1,0,24,0,0,1
1785440116.548,109163,20.5,22.88,41.0,58.0,32.25,8.52,-130.0,165.0,-3.0,63.5,15.92,-15.92,56.92,-2.365,-2.626,-2.626,0.0,-154.1,60.0,-2.626,0.0,35.0,22.88,0.82,2.61,5.09,41.0,20.8,9.44,33.17,15.92,1,1,106,98,0,1,0,0,1,1,1,0,0,0,1,1,0,24,0,0,1
1785440116.604,109223,21.0,21.68,20.0,34.0,24.7,2.75,-133.7,165.0,-3.0,56.9,13.41,-13.41,33.41,-2.431,-1.984,-1.984,0.0,-214.0,60.0,-1.984,0.0,35.0,21.68,0.4,1.14,1.21,20.0,19.71,10.08,31.73,13.41,1,1,104,117,0,1,0,0,1,1,1,0,0,0,1,1,0,24,0,0,1
1785440116.667,109283,18.7,18.7,-7.0,39.0,3.8,-13.55,-126.4,165.0,3.0,529.8,11.86,-11.86,4.86,-2.298,-0.346,-0.346,0.0,-299.6,31.0,-0.964,0.0,35.0,18.7,-0.17,-11.63,-1.75,24.05,17.0,8.83,27.97,11.86,1,1,108,149,0,0,0,0,0,1,0,0,0,0,2,1,0,24,0,0,1
1785440116.739,109345,15.3,13.95,-30.0,45.0,-16.35,-27.54,-111.8,165.0,3.0,503.2,9.51,-9.51,-20.49,-2.032,1.358,1.358,0.0,-330.7,60.0,1.358,0.0,35.0,13.95,-0.62,-21.16,-5.76,43.59,12.68,6.65,21.48,9.51,1,1,116,227,0,1,0,0,1,1,1,0,0,0,2,1,0,24,0,0,1
1785440116.795,109405,12.7,10.66,-40.0,51.0,-19.4,-27.33,-74.0,165.0,3.0,434.6,13.06,-13.06,-26.94,-1.346,1.698,1.698,0.0,-276.9,60.0,1.698,0.0,36.0,10.66,-0.81,-19.97,-6.54,46.46,9.69,2.73,16.68,13.06,1,1,137,239,0,1,0,0,1,1,1,0,0,0,2,1,0,24,0,0,1
1785440116.865,109465,8.1,4.65,-64.0,54.0,-38.33,-39.07,-39.1,165.0,3.0,371.0,7.4,-7.4,-56.6,-0.71,2.62,2.62,0.0,-310.5,60.0,2.62,0.0,36.0,4.65,-1.29,-24.51,-13.27,66.17,4.22,0.79,7.4,8.01,1,1,157,276,0,1,0,0,1,1,1,0,0,0,2,1,0,24,0,0,0
1785440116.925,109525,2.6,-2.29,-83.0,59.0,-53.12,-46.21,8.2,165.0,3.0,285.1,3.67,3.67,-86.67,0.149,2.905,2.905,0.0,-307.6,60.0,2.905,0.0,36.0,-2.29,-1.66,-23.67,-20.88,83.0,2.08,0.07,3.67,5.69,1,1,185,288,0,1,0,0,1,1,1,0,0,0,2,1,0,24,0,0,0
1785440116.989,109585,-6.5,-10.03,-104.0,34.0,-74.27,-58.4,40.6,165.0,3.0,226.3,15.73,15.73,-119.73,0.737,2.98,2.98,0.0,-328.9,60.0,2.98,0.0,36.0,-10.03,-2.08,-23.53,-32.78,104.0,9.12,0.85,15.73,17.9,1,1,205,291,0,1,0,0,1,1,1,0,0,0,2,1,0,24,0,0,0
1785440117.079,109648,-12.5,-16.84,-106.0,41.0,-77.7,-55.33,65.6,165.0,3.0,180.7,24.2,24.2,-130.2,1.193,2.988,2.988,0.0,-239.8,60.0,2.988,0.0,36.0,-16.84,-2.12,-19.15,-34.05,106.0,15.31,2.13,25.5,24.2,1,1,221,291,0,1,0,0,1,1,1,0,0,0,2,1,0,24,0,0,1
1785440117.079,109708,-17.6,-21.81,-98.0,43.0,-71.04,-44.75,88.2,165.0,3.0,139.6,25.93,25.93,-123.93,1.604,2.984,2.984,0.0,-126.8,60.0,2.984,0.0,36.0,-21.81,-1.96,-13.68,-29.11,98.0,19.83,3.94,31.89,25.93,1,1,236,291,0,1,0,0,1,1,1,0,0,0,3,1,0,24,0,0,1
1785440117.136,109768,-22.8,-26.98,-91.0,46.0,-67.65,-36.97,104.3,165.0,3.0,110.5,28.22,28.22,-119.22,1.895,2.98,2.98,0.0,-40.7,60.0,2.98,0.0,36.0,-26.98,-1.82,-10.05,-25.1,91.0,24.53,5.69,37.77,28.22,1,1,247,291,0,1,0,0,1,1,1,0,0,0,3,1,0,24,0,0,1
1785440117.195,109828,-26.9,-30.77,-79.0,49.0,-60.88,-27.37,117.1,165.0,3.0,87.1,28.95,28.95,-107.95,2.129,2.965,2.965,0.0,37.4,60.0,2.965,0.0,36.0,-30.77,-1.58,-6.88,-18.92,79.0,27.97,7.4,41.57,28.95,1,1,256,290,0,1,0,0,1,1,1,0,0,0,3,1,0,24,0,0,1
1785440117.267,109888,-30.7,-34.46,-71.0,53.0,-58.05,-21.44,128.3,165.0,3.0,66.8,29.62,29.62,-100.62,2.332,2.951,2.951,0.0,67.2,60.0,2.951,0.0,36.0,-34.46,-1.42,-4.74,-15.28,71.0,31.33,9.14,44.86,29.62,1,1,264,290,0,1,0,0,1,1,1,0,0,0,3,1,0,24,0,0,1
1785440117.327,109951,-34.0,-35.52,-46.0,33.0,-46.09,-9.62,137.7,165.0,3.0,49.6,27.7,27.7,-73.7,2.504,2.826,2.826,0.0,178.7,60.0,2.826,0.0,36.0,-35.52,-0.92,-2.28,-6.41,46.0,32.29,10.81,45.73,27.7,1,1,271,284,0,1,0,0,1,1,1,0,0,0,3,1,0,24,0,0,1
1785440117.396,110011,-34.8,-35.79,-26.0,38.0,-39.82,-3.67,141.8,165.0,3.0,42.2,26.64,26.64,-52.64,2.578,2.548,2.548,0.0,234.2,60.0,2.548,0.0,36.0,-35.79,-0.52,-1.1,-2.05,26.0,32.53,11.58,45.95,26.64,1,1,274,273,0,1,0,0,1,1,1,0,0,0,3,1,0,24,0,0,1
1785440117.457,110071,-34.1,-34.1,-2.0,42.0,-34.26,-0.14,140.4,165.0,3.0,44.7,25.31,25.31,-27.31,2.553,1.715,1.715,0.0,289.0,25.9,1.764,0.0,36.0,-34.1,-0.04,-0.09,-0.01,2.0,31.0,11.32,44.56,25.31,1,1,273,242,0,0,0,0,0,1,0,0,0,0,3,1,0,24,0,0,1
1785440117.516,110131,-31.8,-30.68,25.0,45.0,0.34,28.2,131.0,165.0,-3.0,538.1,24.62,24.62,0.38,2.381,-0.027,-0.027,0.0,343.1,60.0,-0.027,0.0,36.0,-30.68,0.53,22.01,5.66,43.21,27.89,9.59,41.48,24.62,1,1,266,179,0,1,0,0,1,1,1,0,0,0,3,1,0,24,0,0,1
1785440117.594,110191,-28.5,-26.3,45.0,49.0,15.52,38.02,104.3,165.0,-3.0,489.5,27.39,27.39,17.61,1.895,-1.189,-1.189,0.0,332.5,60.0,-1.189,0.0,36.0,-26.3,0.92,27.26,9.84,56.96,23.91,5.69,37.04,27.39,1,1,247,142,0,1,0,0,1,1,1,0,0,0,3,1,0,24,0,0,1
1785440117.649,110254,-24.6,-21.13,62.0,56.0,28.95,45.52,76.2,165.0,-3.0,438.5,27.92,27.92,34.08,1.385,-2.011,-2.011,0.0,316.6,60.0,-2.011,0.0,36.0,-21.13,1.26,29.92,14.35,68.8,19.21,2.89,31.06,27.92,1,1,228,117,0,1,0,0,1,1,1,0,0,0,3,1,0,24,0,0,1
1785440117.735,110314,-16.5,-13.5,91.0,33.0,54.98,62.26,37.4,165.0,-3.0,368.0,20.84,20.84,70.16,0.68,-2.795,-2.795,0.0,367.7,60.0,-2.795,0.0,36.0,-13.5,1.83,34.2,26.23,93.02,12.27,0.73,20.84,24.34,1,1,203,93,0,1,0,0,1,1,1,0,0,0,3,1,0,24,0,0,0
1785440117.736,110374,-11.1,-7.59,95.0,37.0,56.99,58.71,4.9,165.0,-3.0,308.9,12.0,12.0,83.0,0.089,-2.887,-2.887,0.0,277.5,60.0,-2.887,0.0,36.0,-7.59,1.9,29.38,27.42,95.12,6.9,0.04,12.0,17.88,1,1,183,90,0,1,0,0,1,1,1,0,0,0,2,1,0,24,0,0,0
1785440117.796,110434,-4.9,-0.68,103.0,41.0,64.67,59.42,-30.4,165.0,-3.0,244.7,1.09,1.09,101.91,-0.553,-2.954,-2.954,0.0,232.2,60.0,-2.954,0.0,36.0,-0.68,2.06,25.2,32.15,103.0,0.62,0.0,1.09,2.28,1,1,162,89,0,1,0,0,1,1,1,0,0,0,1,1,0,24,0,0,0
1785440117.870,110494,1.3,5.85,106.0,43.0,69.02,57.43,-54.7,165.0,-3.0,200.5,8.2,-8.2,114.2,-0.995,-2.974,-2.974,0.0,171.9,60.0,-2.974,0.0,36.0,5.85,2.12,21.25,34.05,106.0,5.32,1.49,9.3,8.2,1,1,148,88,0,1,0,0,1,1,1,0,0,0,2,1,0,24,0,0,1
1785440117.927,110556,5.6,10.34,93.0,51.0,58.14,43.46,-74.0,165.0,-3.0,165.4,12.55,-12.55,105.55,-1.346,-2.961,-2.961,0.0,54.3,60.0,-2.961,0.0,36.0,10.34,1.86,15.38,26.21,93.0,9.4,2.73,16.19,12.55,1,1,137,88,0,1,0,0,1,1,1,0,0,0,2,1,0,24,0,0,1
1785440117.987,110616,10.3,15.34,90.0,56.0,57.48,38.31,-91.9,165.0,-3.0,132.9,16.21,-16.21,106.21,-1.671,-2.962,-2.962,0.0,23.6,60.0,-2.962,0.0,36.0,15.34,1.8,11.96,24.55,90.0,13.94,4.31,23.43,16.21,1,1,127,88,0,1,0,0,1,1,1,0,0,0,1,1,0,24,0,0,1
1785440118.059,110676,13.6,17.98,73.0,60.0,45.66,25.17,-108.1,165.0,-3.0,103.5,15.85,-15.85,88.85,-1.965,-2.914,-2.914,0.0,-68.4,60.0,-2.914,0.0,36.0,17.98,1.46,7.55,16.15,73.0,16.34,6.17,27.02,15.85,1,1,118,90,0,1,0,0,1,1,1,0,0,0,2,1,0,24,0,0,1
1785440118.116,110736,18.1,19.98,57.0,33.0,37.3,15.75,-119.1,165.0,-3.0,83.5,15.49,-15.49,72.49,-2.165,-2.816,-2.816,0.0,-130.2,60.0,-2.816,0.0,36.0,19.98,1.14,4.76,9.85,57.0,18.16,7.69,29.62,15.49,1,1,112,93,0,1,0,0,1,1,1,0,0,0,1,1,0,24,0,0,1
1785440118.189,110796,20.2,21.94,47.0,37.0,33.97,10.93,-126.4,165.0,-3.0,70.2,15.85,-15.85,62.85,-2.298,-2.714,-2.714,0.0,-146.9,60.0,-2.714,0.0,36.0,21.94,0.94,3.3,6.7,47.0,19.94,8.83,32.04,15.85,1,1,108,96,0,1,0,0,1,1,1,0,0,0,1,1,0,24,0,0,1
1785440118.248,110859,20.7,21.99,30.0,43.0,27.53,5.03,-133.7,165.0,-3.0,56.9,13.78,-13.78,43.78,-2.431,-2.336,-2.336,0.0,-189.2,60.0,-2.336,0.0,36.0,21.99,0.6,1.71,2.73,30.0,19.99,10.08,32.11,13.78,1,1,104,107,0,1,0,0,1,1,1,0,0,0,1,1,0,24,0,0,1
1785440118.342,110919,20.6,21.32,16.0,45.0,23.58,2.06,-131.9,165.0,-3.0,60.2,13.51,-13.51,29.51,-2.398,-1.818,-1.818,0.0,-198.0,60.0,-1.818,0.0,36.0,21.32,0.32,0.96,0.78,16.0,19.38,9.75,31.29,13.51,1,1,105,122,0,1,0,0,1,1,1,0,0,0,1,1,0,24,0,0,1
1785440118.342,110979,17.1,16.07,-21.0,49.0,-8.83,-22.64,-120.9,165.0,3.0,519.8,9.99,-9.99,-11.01,-2.198,0.769,0.769,0.0,-335.4,60.0,0.173,0.0,36.0,16.07,-0.44,-18.11,-4.08,36.71,14.61,7.96,24.45,9.99,1,1,111,186,0,1,0,0,1,1,1,0,0,0,2,1,0,24,0,0,1
1785440118.396,111039,14.6,12.83,-34.0,52.0,-15.74,-25.98,-90.1,165.0,3.0,463.9,13.01,-13.01,-20.99,-1.639,1.386,1.386,0.0,-294.2,60.0,1.386,0.0,36.0,12.83,-0.7,-19.63,-5.65,43.19,11.67,4.13,19.88,13.01,1,1,128,228,0,1,0,0,1,1,1,0,0,0,2,1,0,24,0,0,1
1785440118.460,111099,11.9,9.61,-41.0,56.0,-18.53,-25.57,-60.0,165.0,3.0,409.0,13.95,-13.95,-27.05,-1.09,1.703,1.703,0.0,-236.0,60.0,1.703,0.0,36.0,9.61,-0.83,-18.48,-6.27,45.47,8.73,1.78,15.09,13.95,1,1,145,240,0,1,0,0,1,1,1,0,0,0,1,1,0,24,0,0,1
1785440118.527,111162,3.9,1.4,-76.0,33.0,-48.04,-44.94,-18.6,165.0,3.0,333.8,2.23,-2.23,-73.77,-0.338,2.826,2.826,0.0,-336.7,60.0,2.826,0.0,36.0,1.4,-1.52,-25.6,-17.82,76.69,1.27,0.23,2.23,2.83,1,1,169,284,0,1,0,0,1,1,1,0,0,0,2,1,0,24,0,0,0
1785440118.589,111222,-2.0,-5.29,-89.0,37.0,-58.66,-48.52,24.5,165.0,3.0,255.4,8.41,8.41,-97.41,0.446,2.943,2.943,0.0,-298.8,60.0,2.943,0.0,36.0,-5.29,-1.78,-22.73,-24.01,89.0,4.81,0.36,8.41,11.01,1,1,195,289,0,1,0,0,1,1,1,0,0,0,1,1,0,24,0,0,0
1785440118.659,111282,-7.4,-10.98,-92.0,39.0,-61.52,-45.94,54.7,165.0,3.0,200.6,17.16,17.16,-109.16,0.994,2.967,2.967,0.0,-221.5,60.0,2.967,0.0,36.0,-10.98,-1.84,-18.45,-25.65,92.0,9.99,1.49,17.16,17.18,1,1,214,291,0,1,0,0,1,1,1,0,0,0,2,1,0,24,0,0,0
1785440118.721,111342,-13.8,-18.31,-105.0,43.0,-76.35,-52.76,74.7,165.0,3.0,164.3,24.36,24.36,-129.36,1.357,2.987,2.987,0.0,-227.3,60.0,2.987,0.0,36.0,-18.31,-2.1,-17.25,-33.42,105.0,16.65,2.78,27.46,24.36,1,1,227,291,0,1,0,0,1,1,1,0,0,0,3,1,0,24,0,0,1
1785440118.789,111403,-18.8,-23.45,-97.0,48.0,-70.69,-42.94,94.2,165.0,3.0,128.7,26.53,26.53,-123.53,1.713,2.983,2.983,0.0,-119.5,60.0,2.983,0.0,36.0,-23.45,-1.94,-12.48,-28.52,97.0,21.32,4.55,33.84,26.53,1,1,240,291,0,1,0,0,1,1,1,0,0,0,3,1,0,24,0,0,1
1785440118.854,111467,-22.9,-27.41,-82.0,55.0,-60.65,-30.22,110.0,165.0,3.0,100.1,27.12,27.12,-109.12,1.999,2.967,2.967,0.0,-7.9,60.0,2.967,0.0,35.1,-27.41,-1.64,-8.21,-20.38,82.0,24.91,6.41,38.22,27.12,1,1,251,291,0,1,0,0,1,1,1,0,0,0,3,1,0,24,0,0,1
1785440118.911,111527,-27.1,-31.7,-78.0,59.0,-60.5,-26.18,121.4,165.0,3.0,79.2,28.71,28.71,-106.71,2.208,2.963,2.963,0.0,15.3,60.0,2.963,0.0,35.1,-31.7,-1.56,-6.18,-18.44,78.0,28.82,8.04,42.44,28.71,1,1,259,290,0,1,0,0,1,1,1,0,0,0,3,1,0,24,0,0,1
1785440118.971,111587,-31.3,-33.01,-52.0,33.0,-46.71,-12.45,131.0,165.0,3.0,61.9,27.19,27.19,-79.19,2.381,2.865,2.865,0.0,152.7,60.0,2.865,0.0,35.1,-33.01,-1.04,-3.22,-8.2,52.0,30.01,9.59,43.62,27.19,1,1,266,286,0,1,0,0,1,1,1,0,0,0,3,1,0,24,0,0,1
1785440119.063,111647,-32.5,-33.72,-33.0,37.0,-39.88,-5.6,137.7,165.0,3.0,49.6,25.78,25.78,-58.78,2.504,2.656,2.656,0.0,210.4,60.0,2.656,0.0,35.1,-33.72,-0.66,-1.64,-3.3,33.0,30.65,10.81,44.23,25.78,1,1,271,277,0,1,0,0,1,1,1,0,0,0,3,1,0,24,0,0,1
1785440119.063,111707,-32.6,-33.15,-13.0,42.0,-34.63,-1.35,140.4,165.0,3.0,44.7,24.29,24.29,-37.29,2.553,2.131,2.131,0.0,256.0,60.0,2.131,0.0,35.1,-33.15,-0.26,-0.58,-0.51,13.0,30.13,11.32,43.73,24.29,1,1,273,256,0,1,0,0,1,1,1,0,0,0,3,1,0,24,0,0,1
1785440119.122,111770,-31.6,-31.6,5.0,48.0,-16.42,13.8,135.0,165.0,-3.0,545.5,24.36,24.36,-19.36,2.455,1.292,1.292,0.0,267.4,26.5,1.292,0.0,35.1,-31.6,0.13,11.88,1.79,24.27,28.73,10.31,42.35,24.36,1,1,269,225,0,0,0,0,0,1,0,0,0,0,3,1,0,24,0,0,1
1785440119.192,111830,-29.3,-27.87,28.0,51.0,3.2,28.25,121.4,165.0,-3.0,520.8,24.34,24.34,3.66,2.208,-0.26,-0.26,0.0,302.0,60.0,-0.26,0.0,35.1,-27.87,0.58,21.84,5.82,43.83,25.34,8.04,38.71,24.34,1,1,259,172,0,1,0,0,1,1,1,0,0,0,3,1,0,24,0,0,1
1785440119.252,111890,-25.8,-23.05,50.0,55.0,21.44,40.45,97.1,165.0,-3.0,476.5,25.28,25.28,24.72,1.765,-1.587,-1.587,0.0,317.4,60.0,-1.587,0.0,35.1,-23.05,1.02,28.33,11.1,60.51,20.96,4.86,33.38,25.28,1,1,242,130,0,1,0,0,1,1,1,0,0,0,3,1,0,24,0,0,1
1785440119.311,111950,-21.4,-17.51,66.0,59.0,32.35,45.32,61.0,165.0,-3.0,410.9,26.16,26.16,39.84,1.109,-2.217,-2.217,0.0,291.9,60.0,-2.217,0.0,35.1,-17.51,1.33,28.88,15.11,70.6,15.92,1.84,26.4,26.16,1,1,218,110,0,1,0,0,1,1,1,0,0,0,3,1,0,24,0,0,1
1785440119.382,112010,-16.0,-11.0,82.0,61.0,45.63,51.48,26.2,165.0,-3.0,347.5,17.18,17.18,64.82,0.475,-2.738,-2.738,0.0,283.6,60.0,-2.738,0.0,35.1,-11.0,1.65,28.89,20.95,83.14,10.0,0.4,17.18,21.8,1,1,196,95,0,1,0,0,1,1,1,0,1,0,3,1,0,24,0,0,0
1785440119.445,112073,-7.0,-3.48,98.0,36.0,61.38,58.96,-8.5,165.0,-3.0,284.6,5.55,5.55,92.45,-0.154,-2.927,-2.927,0.0,277.5,60.0,-2.927,0.0,35.1,-3.48,1.96,27.89,29.11,98.0,3.16,0.0,5.55,9.48,1,1,175,89,0,1,0,0,1,1,1,0,0,0,1,1,0,24,0,0,0
1785440119.513,112133,-2.1,1.66,94.0,40.0,56.54,49.89,-40.8,165.0,-3.0,225.8,1.57,-1.57,95.57,-0.742,-2.937,-2.937,0.0,167.1,60.0,-2.937,0.0,35.1,1.66,1.88,21.23,26.78,94.0,1.51,0.86,2.65,1.57,1,1,156,89,0,1,0,0,1,1,1,0,0,0,2,1,0,24,0,0,1
1785440119.575,112193,2.8,7.07,93.0,46.0,56.52,44.95,-65.2,165.0,-3.0,181.5,8.72,-8.72,101.72,-1.185,-2.953,-2.953,0.0,112.8,60.0,-2.953,0.0,35.1,7.07,1.86,16.88,26.21,93.0,6.43,2.1,11.21,8.72,1,1,142,89,0,1,0,0,1,1,1,0,0,0,1,1,0,24,0,0,1
1785440119.662,112253,7.6,12.19,90.0,51.0,55.62,39.48,-84.8,165.0,-3.0,145.9,13.22,-13.22,103.22,-1.541,-2.956,-2.956,0.0,61.2,60.0,-2.956,0.0,35.1,12.19,1.8,13.13,24.55,90.0,11.08,3.62,18.93,13.22,1,1,131,88,0,1,0,0,1,1,1,0,0,0,2,1,0,24,0,0,1
1785440119.663,112313,12.3,16.94,86.0,54.0,54.83,34.45,-99.1,165.0,-3.0,119.9,16.73,-16.73,102.73,-1.801,-2.955,-2.955,0.0,21.2,60.0,-2.955,0.0,35.1,16.94,1.72,10.31,22.42,86.0,15.4,5.08,25.64,16.73,1,1,123,88,0,1,0,0,1,1,1,0,0,0,1,1,0,24,0,0,1
1785440119.723,112376,14.9,18.8,65.0,60.0,41.0,20.18,-113.6,165.0,-3.0,93.5,15.48,-15.48,80.48,-2.065,-2.873,-2.873,0.0,-89.5,60.0,-2.873,0.0,35.1,18.8,1.3,6.08,12.81,65.0,17.09,6.9,28.1,15.48,1,1,115,91,0,1,0,0,1,1,1,0,0,0,3,1,0,24,0,0,1
1785440119.793,112436,17.7,19.13,42.0,34.0,29.64,9.55,-120.9,165.0,-3.0,80.2,13.92,-13.92,55.92,-2.198,-2.609,-2.609,0.0,-179.5,60.0,-2.609,0.0,35.0,19.13,0.84,3.37,5.35,42.0,17.39,7.96,28.52,13.92,1,1,111,99,0,1,0,0,1,1,1,0,0,0,2,1,0,24,0,0,1
1785440119.852,112496,18.6,19.69,28.0,39.0,24.98,4.81,-128.2,165.0,-3.0,66.9,12.58,-12.58,40.58,-2.331,-2.241,-2.241,0.0,-200.8,60.0,-2.241,0.0,35.0,19.69,0.56,1.87,2.38,28.0,17.9,9.13,29.25,12.58,1,1,107,110,0,1,0,0,1,1,1,0,0,0,1,1,0,24,0,0,1
1785440119.912,112556,17.7,17.7,6.0,42.0,18.42,0.65,-126.4,165.0,-3.0,70.2,10.6,-10.6,16.6,-2.298,-1.128,-1.128,0.0,-258.3,60.0,-1.128,0.0,35.0,17.7,0.12,0.42,0.11,6.0,16.09,8.83,26.65,10.6,1,1,108,144,0,1,0,0,0,1,0,0,0,0,2,1,0,24,0,0,1
1785440119.986,112616,15.6,15.6,-16.0,45.0,-3.6,-17.46,-113.6,165.0,3.0,506.5,11.28,-11.28,-4.72,-2.065,0.336,0.336,0.0,-289.9,60.0,0.336,0.0,35.0,15.6,-0.34,-14.39,-2.73,30.0,14.18,6.9,23.8,11.28,1,1,115,191,0,1,0,0,0,1,0,0,0,0,3,1,0,24,0,0,1
1785440120.043,112678,13.6,12.28,-27.0,49.0,-10.72,-20.91,-90.1,165.0,3.0,463.9,12.19,-12.19,-14.81,-1.639,1.016,1.016,0.0,-261.1,60.0,1.016,0.0,35.0,12.28,-0.56,-16.38,-3.97,36.19,11.16,4.13,19.07,12.19,1,1,128,215,0,1,0,0,1,1,1,0,0,0,2,1,0,24,0,0,1
1785440120.112,112738,11.4,9.55,-35.0,53.0,-14.34,-21.72,-61.7,165.0,3.0,412.2,13.54,-13.54,-21.46,-1.122,1.412,1.412,0.0,-219.6,60.0,1.412,0.0,35.0,9.55,-0.71,-16.23,-4.78,39.69,8.68,1.88,15.0,13.54,1,1,144,229,0,1,0,0,1,1,1,0,0,0,1,1,0,24,0,0,1
1785440120.173,112798,6.3,2.94,-59.0,57.0,-33.27,-32.92,-25.4,165.0,3.0,346.1,4.7,-4.7,-54.3,-0.461,2.58,2.58,0.0,-262.0,60.0,2.58,0.0,35.0,2.94,-1.19,-20.79,-10.94,60.09,2.67,0.38,4.7,5.88,1,1,165,274,0,1,0,0,1,1,1,0,0,0,2,1,0,24,0,0,0
1785440120.265,112858,-1.3,-3.82,-79.0,32.0,-49.6,-41.61,18.0,165.0,3.0,267.3,6.1,6.1,-85.1,0.327,2.898,2.898,0.0,-281.1,60.0,2.898,0.0,35.0,-3.82,-1.58,-21.12,-18.92,79.0,3.48,0.22,6.1,8.52,1,1,191,287,0,1,0,0,1,1,1,0,0,0,2,1,0,24,0,0,0
1785440120.265,112918,-6.8,-9.91,-89.0,35.0,-59.03,-44.65,48.4,165.0,3.0,212.0,15.55,15.55,-104.55,0.88,2.959,2.959,0.0,-248.4,60.0,2.959,0.0,35.0,-9.91,-1.78,-18.87,-24.01,89.0,9.01,1.18,15.55,16.43,1,1,210,290,0,1,0,0,1,1,1,0,0,0,2,1,0,24,0,0,0
1785440120.324,112981,-12.9,-17.08,-102.0,41.0,-73.05,-50.88,71.7,165.0,3.0,169.7,23.26,23.26,-125.26,1.303,2.985,2.985,0.0,-245.8,60.0,2.985,0.0,35.0,-17.08,-2.04,-17.31,-31.53,102.0,15.52,2.55,25.82,23.26,1,1,225,291,0,1,0,0,1,1,1,0,0,0,3,1,0,24,0,0,1
1785440120.384,113041,-17.7,-21.84,-92.0,45.0,-65.66,-39.84,91.2,165.0,3.0,134.2,25.21,25.21,-117.21,1.658,2.977,2.977,0.0,-119.1,60.0,2.977,0.0,35.0,-21.84,-1.84,-12.34,-25.65,92.0,19.85,4.24,31.92,25.21,1,1,238,291,0,1,0,0,1,1,1,0,0,0,3,1,0,24,0,0,1
1785440120.453,113101,-21.7,-25.8,-82.0,50.0,-59.75,-30.86,105.7,165.0,3.0,107.9,26.39,26.39,-108.39,1.921,2.966,2.966,0.0,-32.1,60.0,2.966,0.0,35.0,-25.8,-1.64,-8.85,-20.38,82.0,23.45,5.86,36.5,26.39,1,1,248,290,0,1,0,0,1,1,1,0,0,0,3,1,0,24,0,0,1
1785440120.515,113161,-25.6,-29.59,-74.0,54.0,-56.35,-24.33,118.6,165.0,3.0,84.4,27.18,27.18,-101.18,2.156,2.952,2.952,0.0,18.2,60.0,2.952,0.0,35.0,-29.59,-1.48,-6.25,-16.6,74.0,26.9,7.61,40.44,27.18,1,1,257,290,0,1,0,0,1,1,1,0,0,0,3,1,0,24,0,0,1
1785440120.575,113221,-28.7,-32.29,-62.0,58.0,-50.86,-16.88,129.6,165.0,3.0,64.4,26.83,26.83,-88.83,2.356,2.914,2.914,0.0,74.8,60.0,2.914,0.0,35.0,-32.29,-1.24,-3.99,-11.65,62.0,29.36,9.36,42.98,26.83,1,1,265,288,0,1,0,0,1,1,1,0,0,0,3,1,0,24,0,0,1
1785440120.644,113284,-30.4,-31.43,-28.0,37.0,-36.27,-4.39,136.4,165.0,3.0,52.1,23.75,23.75,-51.75,2.479,2.53,2.53,0.0,230.7,60.0,2.53,0.0,35.0,-31.43,-0.56,-1.46,-2.38,28.0,28.58,10.56,42.19,23.75,1,1,270,272,0,1,0,0,1,1,1,0,0,0,3,1,0,24,0,0,1
1785440120.705,113344,-30.3,-30.72,-10.0,42.0,-31.85,-1.02,136.4,165.0,3.0,52.1,22.96,22.96,-32.96,2.479,1.966,1.966,0.0,251.3,60.0,1.966,0.0,35.0,-30.72,-0.2,-0.52,-0.3,10.0,27.93,10.56,41.52,22.96,1,1,270,250,0,1,0,0,1,1,1,0,0,0,3,1,0,24,0,0,1
1785440120.774,113404,-29.9,-29.9,1.0,46.0,-18.61,10.27,131.0,165.0,-3.0,538.1,23.75,23.75,-22.75,2.381,1.483,1.483,0.0,229.5,27.0,1.483,0.0,35.0,-29.9,0.05,9.1,1.12,19.21,27.18,9.59,40.74,23.75,1,1,266,232,0,0,0,0,0,1,0,0,0,0,3,1,0,24,0,0,1
1785440120.833,113464,-28.8,-28.8,14.0,51.0,-9.49,17.55,121.4,165.0,-3.0,520.8,25.41,25.41,-11.41,2.208,0.796,0.796,0.0,227.6,27.4,0.796,0.0,36.0,-28.8,0.3,14.55,2.7,29.83,26.18,8.04,39.65,25.41,1,1,259,207,0,0,0,0,0,1,0,0,0,0,3,1,0,24,0,0,1
1785440120.896,113524,-26.4,-24.59,33.0,55.0,6.43,28.2,104.3,165.0,-3.0,489.5,25.3,25.3,7.7,1.895,-0.544,-0.544,0.0,251.3,60.0,-0.544,0.0,36.0,-24.59,0.68,21.39,6.13,44.96,22.35,5.69,35.15,25.3,1,1,247,162,0,1,0,0,1,1,1,0,0,0,3,1,0,24,0,0,1
1785440120.983,113587,-21.2,-19.33,55.0,34.0,24.17,39.54,76.2,165.0,-3.0,438.5,25.45,25.45,29.55,1.385,-1.82,-1.82,0.0,283.3,60.0,-1.82,0.0,36.0,-19.33,1.12,26.85,11.57,61.8,17.57,2.89,28.79,25.45,1,1,228,122,0,1,0,0,1,1,1,0,0,0,3,1,0,24,0,0,1
1785440120.983,113647,-15.9,-12.9,79.0,38.0,44.66,52.33,42.1,165.0,-3.0,376.6,19.98,19.98,59.02,0.766,-2.66,-2.66,0.0,326.8,60.0,-2.66,0.0,36.0,-12.9,1.59,30.63,20.11,81.46,11.73,0.91,19.98,22.55,1,1,206,97,0,1,0,0,1,1,1,0,0,0,3,1,0,24,0,0,0
1785440121.042,113707,-11.8,-8.29,78.0,45.0,40.92,44.74,8.2,165.0,-3.0,314.9,13.09,13.09,64.91,0.149,-2.739,-2.739,0.0,218.6,60.0,-2.739,0.0,36.0,-8.29,1.56,24.63,18.55,78.22,7.54,0.07,13.09,18.97,1,1,185,95,0,1,0,0,1,1,1,0,0,0,2,1,0,24,0,0,0
1785440121.112,113767,-6.6,-2.39,86.0,49.0,48.18,45.97,-25.4,165.0,-3.0,253.9,3.82,3.82,82.18,-0.461,-2.883,-2.883,0.0,189.4,60.0,-2.883,0.0,36.0,-2.39,1.72,21.83,22.42,86.0,2.17,0.0,3.82,7.34,1,1,165,91,0,1,0,0,1,1,1,0,0,0,1,1,0,24,0,0,0
1785440121.176,113827,-1.3,3.72,93.0,54.0,55.76,47.31,-51.2,165.0,-3.0,206.8,4.62,-4.62,97.62,-0.932,-2.943,-2.943,0.0,166.5,60.0,-2.943,0.0,36.0,3.72,1.86,19.24,26.21,93.0,3.38,1.31,5.93,4.62,1,1,150,89,0,1,0,0,1,1,1,0,0,0,2,1,0,24,0,0,1
1785440121.244,113889,2.9,7.85,84.0,59.0,49.11,37.51,-70.5,165.0,-3.0,171.9,9.14,-9.14,93.14,-1.281,-2.93,-2.93,0.0,71.9,60.0,-2.93,0.0,36.0,7.85,1.68,14.44,21.39,84.0,7.14,2.46,12.41,9.14,1,1,139,89,0,1,0,0,1,1,1,0,0,0,2,1,0,24,0,0,1
1785440121.308,113949,8.8,11.35,73.0,35.0,41.13,27.08,-93.7,165.0,-3.0,129.6,10.03,-10.03,83.03,-1.704,-2.887,-2.887,0.0,-8.6,60.0,-2.887,0.0,36.0,11.35,1.46,9.46,16.15,73.0,10.32,4.5,17.7,10.03,1,1,126,90,0,1,0,0,1,1,1,0,0,0,2,1,0,24,0,0,1
1785440121.365,114009,12.3,15.02,68.0,40.0,39.92,22.64,-106.3,165.0,-3.0,106.8,12.33,-12.33,80.33,-1.932,-2.872,-2.872,0.0,-34.0,60.0,-2.872,0.0,36.0,15.02,1.36,7.26,14.01,68.0,13.65,5.94,22.99,12.33,1,1,119,91,0,1,0,0,1,1,1,0,0,0,1,1,0,24,0,0,1
1785440121.447,114069,14.2,16.48,53.0,43.0,32.07,14.18,-117.2,165.0,-3.0,86.8,11.49,-11.49,64.49,-2.132,-2.734,-2.734,0.0,-106.7,60.0,-2.734,0.0,36.0,16.48,1.06,4.6,8.51,53.0,14.98,7.42,25.01,11.49,1,1,113,95,0,1,0,0,1,1,1,0,0,0,2,1,0,24,0,0,1
1785440121.494,114129,14.9,16.32,31.0,46.0,22.83,5.92,-122.7,165.0,-3.0,76.9,9.83,-9.83,40.83,-2.231,-2.249,-2.249,0.0,-189.7,60.0,-2.249,0.0,36.0,16.32,0.62,2.38,2.91,31.0,14.84,8.24,24.8,9.83,1,1,110,109,0,1,0,0,1,1,1,0,0,0,3,1,0,24,0,0,1
1785440121.494,114192,14.7,15.27,11.0,52.0,16.85,1.43,-122.7,165.0,-3.0,76.9,8.46,-8.46,19.46,-2.231,-1.298,-1.298,0.0,-227.4,60.0,-1.298,0.0,36.0,15.27,0.22,0.85,0.37,11.0,13.88,8.24,23.34,8.46,1,1,110,138,0,1,0,0,1,1,1,0,0,0,2,1,0,24,0,0,1
1785440121.583,114252,13.5,13.5,-8.0,57.0,1.58,-10.84,-106.3,165.0,3.0,493.2,10.23,-10.23,2.23,-1.932,-0.159,-0.159,0.0,-249.9,33.0,-0.159,0.0,36.0,13.5,-0.18,-9.4,-1.26,20.39,12.27,5.94,20.84,10.23,1,1,119,175,0,0,0,0,0,1,0,0,0,0,2,1,0,24,0,0,1
1785440121.643,114312,10.7,9.76,-27.0,35.0,-11.89,-19.68,-83.0,165.0,3.0,450.8,9.86,-9.86,-17.14,-1.508,1.161,1.161,0.0,-272.8,60.0,1.161,0.0,36.0,9.76,-0.56,-15.43,-3.7,34.92,8.87,3.46,15.32,9.86,1,1,132,220,0,1,0,0,1,1,1,0,0,0,1,1,0,24,0,0,1
1785440121.715,114372,6.8,5.02,-47.0,38.0,-26.87,-28.99,-54.7,165.0,3.0,399.5,6.64,-6.64,-40.36,-0.995,2.234,2.234,0.0,-292.6,60.0,2.234,0.0,36.0,5.02,-0.95,-20.21,-7.83,50.82,4.56,1.49,7.99,6.64,1,1,148,260,0,1,0,0,1,1,1,0,0,0,2,1,0,24,0,0,1
1785440121.775,114432,2.2,-0.68,-67.0,43.0,-41.98,-37.55,-16.9,165.0,3.0,330.7,1.08,1.08,-68.08,-0.307,2.774,2.774,0.0,-317.3,60.0,2.774,0.0,36.0,-0.68,-1.34,-22.35,-13.85,67.6,0.62,0.0,1.08,2.09,1,1,170,282,0,1,0,0,1,1,1,0,0,0,2,1,0,24,0,0,0
1785440121.844,114493,-2.2,-5.7,-73.0,48.0,-47.02,-37.56,14.7,165.0,3.0,273.3,9.06,9.06,-82.06,0.267,2.882,2.882,0.0,-250.5,60.0,2.882,0.0,36.0,-5.7,-1.46,-19.95,-16.15,73.0,5.18,0.16,9.06,12.91,1,1,189,287,0,1,0,0,1,1,1,0,0,0,1,1,0,24,0,0,0
1785440121.917,114553,-7.4,-11.71,-83.0,52.0,-55.6,-39.9,50.0,165.0,3.0,209.1,18.24,18.24,-101.24,0.909,2.952,2.952,0.0,-220.9,60.0,2.952,0.0,36.0,-11.71,-1.66,-17.36,-20.88,83.0,10.65,1.25,18.24,19.22,1,1,211,290,0,1,0,0,1,1,1,0,0,0,2,1,0,24,0,0,0
1785440121.963,114613,-11.8,-16.53,-83.0,57.0,-56.82,-36.63,71.7,165.0,3.0,169.7,22.46,22.46,-105.46,1.303,2.961,2.961,0.0,-153.6,60.0,2.961,0.0,36.0,-16.53,-1.66,-14.09,-20.88,83.0,15.02,2.55,25.08,22.46,1,1,225,290,0,1,0,0,1,1,1,0,0,0,2,1,0,24,0,0,1
1785440122.035,114673,-18.9,-21.52,-82.0,32.0,-57.84,-33.02,91.2,165.0,3.0,134.2,24.8,24.8,-106.8,1.658,2.963,2.963,0.0,-96.7,60.0,2.963,0.0,36.0,-21.52,-1.64,-11.0,-20.38,82.0,19.56,4.24,31.54,24.8,1,1,238,290,0,1,0,0,1,1,1,0,0,0,3,1,0,24,0,0,1
1785440122.095,114733,-22.8,-25.42,-73.0,36.0,-53.25,-25.3,107.1,165.0,3.0,105.3,25.54,25.54,-98.54,1.947,2.946,2.946,0.0,-12.8,60.0,2.946,0.0,36.0,-25.42,-1.46,-7.68,-16.15,73.0,23.11,6.04,36.09,25.54,1,1,249,290,0,1,0,0,1,1,1,0,0,0,3,1,0,24,0,0,1
1785440122.187,114796,-25.9,-28.52,-61.0,43.0,-47.76,-17.49,120.0,165.0,3.0,81.8,25.52,25.52,-86.52,2.182,2.904,2.904,0.0,59.2,60.0,2.904,0.0,36.0,-28.52,-1.22,-4.99,-11.28,61.0,25.93,7.82,39.37,25.52,1,1,258,288,0,1,0,0,1,1,1,0,0,0,3,1,0,24,0,0,1
1785440122.187,114856,-27.4,-31.56,-57.0,73.0,-47.68,-14.66,129.6,165.0,3.0,64.4,26.02,26.02,-83.02,2.356,2.887,2.887,0.0,61.4,60.0,2.887,0.0,36.0,-31.56,-1.14,-3.67,-9.85,57.0,28.69,9.36,42.31,26.02,1,1,265,287,0,1,0,0,1,1,1,0,1,0,3,1,0,24,0,0,1
1785440122.241,114916,-29.5,-31.5,-34.0,59.0,-38.15,-6.04,135.0,165.0,3.0,54.5,24.25,24.25,-58.25,2.455,2.648,2.648,0.0,156.7,60.0,2.648,0.0,36.0,-31.5,-0.68,-1.85,-3.5,34.0,28.64,10.31,42.26,24.25,1,1,269,277,0,1,0,0,1,1,1,0,0,0,3,1,0,24,0,0,1
1785440122.301,114976,-29.0,-29.0,-3.0,32.0,-29.27,-0.24,136.4,165.0,3.0,52.1,21.06,21.06,-24.06,2.479,1.552,1.552,0.0,266.1,27.3,1.552,0.0,36.0,-29.0,-0.06,-0.16,-0.03,3.0,26.36,10.56,39.85,21.06,1,1,270,234,0,0,0,0,0,1,0,0,0,0,3,1,0,24,0,0,1
1785440122.374,115036,-27.3,-27.3,18.0,38.0,-3.78,21.38,125.6,165.0,-3.0,528.3,22.45,22.45,-4.45,2.283,0.316,0.316,0.0,298.7,27.8,0.489,0.0,36.0,-27.3,0.39,17.32,3.68,34.84,24.82,8.69,38.11,22.45,1,1,262,196,0,0,0,0,0,1,0,0,0,0,3,1,0,24,0,0,1
1785440122.434,115098,-23.5,-21.3,49.0,45.0,26.1,43.09,110.0,165.0,-3.0,499.9,19.63,19.63,29.37,1.999,-1.812,-1.812,0.0,377.9,60.0,-1.812,0.0,36.0,-21.3,1.0,30.36,11.72,62.19,19.36,6.41,31.26,19.63,1,1,251,123,0,1,0,0,1,1,1,0,0,0,3,1,0,24,0,0,1
1785440122.493,115158,-19.3,-16.02,67.0,49.0,38.96,49.98,76.2,165.0,-3.0,438.5,20.75,20.75,46.25,1.385,-2.403,-2.403,0.0,357.7,60.0,-2.403,0.0,36.0,-16.02,1.36,32.12,16.51,73.8,14.56,2.89,24.38,20.75,1,1,228,105,0,1,0,0,1,1,1,0,0,0,3,1,0,24,0,0,1
1785440122.562,115218,-14.9,-10.88,76.0,53.0,43.4,49.34,40.6,165.0,-3.0,373.7,17.0,17.0,59.0,0.737,-2.659,-2.659,0.0,292.4,60.0,-2.659,0.0,36.0,-10.88,1.53,29.23,18.58,78.31,9.89,0.85,17.0,19.38,1,1,205,97,0,1,0,0,1,1,1,0,0,0,3,1,0,24,0,0,0
1785440122.623,115278,-9.9,-5.0,86.0,57.0,50.88,50.8,4.9,165.0,-3.0,308.9,7.96,7.96,78.04,0.089,-2.857,-2.857,0.0,252.8,60.0,-2.857,0.0,36.0,-5.0,1.72,26.6,22.48,86.12,4.55,0.04,7.96,12.29,1,1,183,91,0,1,0,0,1,1,1,0,0,0,2,1,0,24,0,0,0
1785440122.693,115338,-1.6,1.9,100.0,35.0,64.35,56.78,-30.4,165.0,-3.0,244.7,3.03,-3.03,103.03,-0.553,-2.956,-2.956,0.0,254.5,60.0,-2.956,0.0,36.0,1.9,2.0,24.47,30.31,100.0,1.72,0.51,3.03,3.08,1,1,162,88,0,1,0,0,1,1,1,0,0,0,2,1,0,24,0,0,0
1785440122.753,115400,3.2,7.05,94.0,41.0,59.64,47.81,-53.0,165.0,-3.0,203.7,10.65,-10.65,104.65,-0.963,-2.959,-2.959,0.0,144.4,60.0,-2.959,0.0,36.0,7.05,1.88,19.15,26.78,94.0,6.41,1.4,11.17,10.65,1,1,149,88,0,1,0,0,1,1,1,0,0,0,1,1,0,24,0,0,1
1785440122.841,115460,7.3,11.21,85.0,46.0,52.33,37.38,-75.8,165.0,-3.0,162.2,13.56,-13.56,98.56,-1.378,-2.946,-2.946,0.0,48.9,60.0,-2.946,0.0,35.0,11.21,1.7,13.78,21.9,85.0,10.19,2.87,17.49,13.56,1,1,136,89,0,1,0,0,1,1,1,0,0,0,2,1,0,24,0,0,1
1785440122.841,115520,11.7,16.01,83.0,52.0,52.94,33.57,-91.9,165.0,-3.0,132.9,17.17,-17.17,100.17,-1.671,-2.95,-2.95,0.0,25.6,60.0,-2.95,0.0,35.0,16.01,1.66,11.03,20.88,83.0,14.56,4.31,24.37,17.17,1,1,127,89,0,1,0,0,1,1,1,0,0,0,2,1,0,24,0,0,1
1785440122.901,115580,14.8,18.73,69.0,57.0,43.97,22.95,-108.1,165.0,-3.0,103.5,16.83,-16.83,85.83,-1.965,-2.901,-2.901,0.0,-50.8,60.0,-2.901,0.0,35.0,18.73,1.38,7.14,14.43,69.0,17.03,6.17,28.01,16.83,1,1,118,90,0,1,0,0,1,1,1,0,0,0,3,1,0,24,0,0,1
1785440122.974,115640,18.8,20.78,55.0,36.0,37.33,15.04,-117.2,165.0,-3.0,86.8,17.0,-17.0,72.0,-2.132,-2.812,-2.812,0.0,-107.3,60.0,-2.812,0.0,35.0,20.78,1.1,4.78,9.17,55.0,18.89,7.42,30.62,17.0,1,1,113,93,0,1,0,0,1,1,1,0,0,0,1,1,0,24,0,0,1
1785440123.034,115703,20.4,22.29,43.0,44.0,32.72,9.48,-126.4,165.0,-3.0,70.2,16.28,-16.28,59.28,-2.298,-2.663,-2.663,0.0,-139.1,60.0,-2.663,0.0,35.0,22.29,0.86,3.02,5.6,43.0,20.26,8.83,32.47,16.28,1,1,108,97,0,1,0,0,1,1,1,0,0,0,1,1,0,24,0,0,1
1785440123.093,115763,21.1,22.48,30.0,46.0,28.13,5.13,-131.9,165.0,-3.0,60.2,14.9,-14.9,44.9,-2.398,-2.367,-2.367,0.0,-162.9,60.0,-2.367,0.0,35.0,22.48,0.6,1.81,2.73,30.0,20.44,9.75,32.7,14.9,1,1,105,106,0,1,0,0,1,1,1,0,0,0,1,1,0,24,0,0,1
1785440123.163,115823,18.8,18.8,0.0,50.0,8.07,-9.75,-131.9,165.0,3.0,539.8,10.43,-10.43,10.43,-2.398,-0.73,-0.73,0.0,-277.9,30.9,-1.47,0.0,35.0,18.8,-0.03,-8.7,-1.03,18.45,17.09,9.75,28.1,10.43,1,1,105,133,0,0,0,0,0,1,0,0,0,0,2,1,0,24,0,0,1
1785440123.226,115883,15.8,14.53,-24.0,53.0,-11.56,-23.72,-115.4,165.0,3.0,509.8,9.37,-9.37,-14.63,-2.098,1.005,1.005,0.0,-305.1,60.0,1.005,0.0,35.0,14.53,-0.5,-18.74,-4.47,38.42,13.21,7.16,22.3,9.37,1,1,114,214,0,1,0,0,1,1,1,0,0,0,2,1,0,24,0,0,1
1785440123.294,115943,13.0,10.78,-39.0,57.0,-19.58,-27.6,-79.4,165.0,3.0,444.3,12.18,-12.18,-26.82,-1.443,1.692,1.692,0.0,-283.8,60.0,1.692,0.0,35.0,10.78,-0.8,-20.31,-6.5,46.32,9.8,3.15,16.85,12.18,1,1,134,239,0,1,0,0,1,1,1,0,0,0,2,1,0,24,0,0,1
1785440123.352,116006,6.9,4.47,-64.0,38.0,-38.87,-39.4,-40.8,165.0,3.0,374.2,7.12,-7.12,-56.88,-0.742,2.625,2.625,0.0,-324.3,60.0,2.625,0.0,35.0,4.47,-1.29,-24.78,-13.33,66.33,4.06,0.86,7.12,7.44,1,1,156,276,0,1,0,0,1,1,1,0,0,0,2,1,0,24,0,0,0
1785440123.443,116066,1.8,-1.55,-78.0,43.0,-48.53,-42.7,4.9,165.0,3.0,291.1,2.48,2.48,-80.48,0.089,2.873,2.873,0.0,-297.3,60.0,2.873,0.0,35.0,-1.55,-1.56,-22.7,-18.44,78.0,1.41,0.04,2.48,4.01,1,1,183,286,0,1,0,0,1,1,1,0,0,0,2,1,0,24,0,0,0
1785440123.443,116126,-3.5,-7.45,-86.0,46.0,-55.68,-43.84,39.0,165.0,3.0,229.1,11.79,11.79,-97.79,0.709,2.944,2.944,0.0,-244.8,60.0,2.944,0.0,35.0,-7.45,-1.72,-19.71,-22.42,86.0,6.77,0.79,11.79,13.46,1,1,204,289,0,1,0,0,1,1,1,0,0,0,1,1,0,24,0,0,0
1785440123.503,116186,-9.8,-14.84,-99.0,51.0,-69.37,-49.57,65.6,165.0,3.0,180.7,21.22,21.22,-120.22,1.193,2.98,2.98,0.0,-232.9,60.0,2.98,0.0,35.0,-14.84,-1.98,-17.89,-29.71,99.0,13.5,2.13,22.75,21.22,1,1,221,291,0,1,0,0,1,1,1,0,0,0,2,1,0,24,0,0,1
1785440123.566,116246,-15.3,-20.95,-101.0,56.0,-73.3,-47.59,85.2,165.0,3.0,145.1,25.53,25.53,-126.53,1.549,2.986,2.986,0.0,-171.6,60.0,2.986,0.0,35.0,-20.95,-2.02,-14.66,-30.92,101.0,19.05,3.66,30.84,25.53,1,1,234,291,0,1,0,0,1,1,1,0,0,0,3,1,0,24,0,0,1
1785440123.636,116310,-23.0,-25.97,-90.0,33.0,-66.15,-36.53,102.8,165.0,3.0,113.1,27.38,27.38,-117.38,1.869,2.978,2.978,0.0,-54.6,60.0,2.978,0.0,35.0,-25.97,-1.8,-10.18,-24.55,90.0,23.61,5.52,36.68,27.38,1,1,246,291,0,1,0,0,1,1,1,0,0,0,3,1,0,24,0,0,1
1785440123.695,116370,-26.7,-29.55,-77.0,37.0,-58.38,-26.21,117.1,165.0,3.0,87.1,27.55,27.55,-104.55,2.129,2.959,2.959,0.0,30.7,60.0,2.959,0.0,35.0,-29.55,-1.54,-6.7,-17.97,77.0,26.86,7.4,40.39,27.55,1,1,256,290,0,1,0,0,1,1,1,0,0,0,3,1,0,24,0,0,1
1785440123.757,116430,-29.8,-32.28,-62.0,40.0,-51.18,-17.19,126.9,165.0,3.0,69.3,27.66,27.66,-89.66,2.307,2.917,2.917,0.0,104.5,60.0,2.917,0.0,35.0,-32.28,-1.24,-4.29,-11.65,62.0,29.34,8.91,42.96,27.66,1,1,263,288,0,1,0,0,1,1,1,0,0,0,3,1,0,24,0,0,1
1785440123.826,116490,-31.7,-33.63,-45.0,43.0,-44.07,-9.49,135.0,165.0,3.0,54.5,26.57,26.57,-71.57,2.455,2.808,2.808,0.0,162.7,60.0,2.808,0.0,36.3,-33.63,-0.9,-2.45,-6.14,45.0,30.58,10.31,44.16,26.57,1,1,269,284,0,1,0,0,1,1,1,0,0,0,3,1,0,24,0,0,1
1785440123.890,116550,-32.4,-35.17,-37.0,75.0,-42.27,-6.45,141.8,165.0,3.0,42.2,26.0,26.0,-63.0,2.578,2.715,2.715,0.0,153.3,60.0,2.715,0.0,36.3,-35.17,-0.74,-1.56,-4.15,37.0,31.98,11.58,45.45,26.0,1,1,274,280,0,1,0,0,1,1,1,0,1,0,3,1,0,24,0,0,1
1785440123.957,116613,-32.3,-32.3,3.0,41.0,-16.58,14.29,144.5,165.0,-3.0,562.7,22.05,22.05,-19.05,2.627,1.274,1.274,0.0,281.8,26.3,2.198,0.0,36.3,-32.3,0.09,12.33,1.87,24.87,29.36,12.12,42.98,22.05,1,1,276,259,0,0,0,0,0,1,0,0,0,0,3,1,0,25,0,0,1
1785440124.016,116673,-29.7,-28.32,30.0,46.0,10.26,35.08,140.4,165.0,-3.0,555.3,19.02,19.02,10.98,2.553,-0.767,-0.767,0.0,330.2,60.0,-0.07,0.0,36.3,-28.32,0.63,26.65,7.8,50.73,25.75,11.32,39.17,19.02,1,1,273,178,0,1,0,0,1,1,1,0,0,0,3,1,0,25,0,0,1
1785440124.076,116733,-27.0,-24.85,43.0,50.0,18.91,39.78,117.1,165.0,-3.0,512.9,22.03,22.03,20.97,2.129,-1.385,-1.385,0.0,301.2,60.0,-1.385,0.0,36.3,-24.85,0.88,28.77,10.13,57.81,22.59,7.4,35.45,22.03,1,1,256,136,0,1,0,0,1,1,1,0,0,0,3,1,0,25,0,0,1
1785440124.166,116793,-22.8,-19.46,63.0,53.0,33.75,48.37,83.7,165.0,-3.0,452.2,23.88,23.88,39.12,1.522,-2.194,-2.194,0.0,307.1,60.0,-2.194,0.0,36.3,-19.46,1.28,31.8,15.3,71.04,17.69,3.53,28.96,23.88,1,1,233,111,0,1,0,0,1,1,1,0,0,0,3,1,0,25,0,0,1
1785440124.166,116853,-17.3,-12.49,83.0,58.0,50.31,57.09,46.8,165.0,-3.0,385.2,19.38,19.38,63.62,0.852,-2.723,-2.723,0.0,314.8,60.0,-2.723,0.0,36.3,-12.49,1.67,33.04,22.38,85.93,11.35,1.11,19.38,21.05,1,1,209,95,0,1,0,0,1,1,1,0,0,0,3,1,0,25,0,0,0
1785440124.226,116916,-9.1,-5.44,99.0,37.0,63.93,63.06,8.2,165.0,-3.0,314.9,8.65,8.65,90.35,0.149,-2.92,-2.92,0.0,307.4,60.0,-2.92,0.0,36.3,-5.44,1.98,31.24,29.84,99.22,4.95,0.07,8.65,12.98,1,1,185,90,0,1,0,0,1,1,1,0,0,0,2,1,0,25,0,0,0
1785440124.296,116976,-3.0,1.34,106.0,41.0,70.38,62.76,-27.1,165.0,-3.0,250.8,2.09,-2.09,108.09,-0.492,-2.965,-2.965,0.0,251.7,60.0,-2.965,0.0,36.3,1.34,2.12,26.59,34.05,106.0,1.22,0.42,2.15,2.09,1,1,164,88,0,1,0,0,1,1,1,0,0,0,2,1,0,25,0,0,1
1785440124.356,117036,2.6,7.28,104.0,45.0,69.29,56.37,-51.2,165.0,-3.0,206.8,11.32,-11.32,115.32,-0.932,-2.975,-2.975,0.0,165.0,60.0,-2.975,0.0,36.3,7.28,2.08,21.51,32.78,104.0,6.61,1.31,11.52,11.32,1,1,150,88,0,1,0,0,1,1,1,0,0,0,2,1,0,25,0,0,1
1785440124.416,117096,2.6,13.52,104.0,105.0,70.41,51.73,-75.8,165.0,-3.0,162.2,17.11,-17.11,121.11,-1.378,-2.981,-2.981,0.0,113.4,60.0,-2.981,0.0,36.3,13.52,2.08,16.86,32.78,104.0,12.29,2.87,20.86,17.11,1,1,136,88,0,1,0,0,1,1,1,0,1,1,2,1,0,26,0,0,1
1785440124.488,117156,14.4,18.18,90.0,42.0,60.64,38.6,-90.1,165.0,-3.0,136.1,20.59,-20.59,110.59,-1.639,-2.969,-2.969,0.0,-1.9,60.0,-2.969,0.0,36.3,18.18,1.8,12.25,24.55,90.0,16.52,4.13,27.28,20.59,1,1,128,88,0,1,0,0,1,1,1,0,0,0,2,1,0,26,0,0,1
1785440124.548,117219,18.3,22.38,80.0,51.0,54.87,29.54,-106.3,165.0,-3.0,106.8,21.99,-21.99,101.99,-1.932,-2.954,-2.954,0.0,-52.3,60.0,-2.954,0.0,36.3,22.38,1.6,8.54,19.4,80.0,20.34,5.94,32.57,21.99,1,1,119,89,0,1,0,0,1,1,1,0,0,0,1,1,0,26,0,0,1
1785440124.616,117279,21.0,24.57,65.0,55.0,46.3,19.75,-117.2,165.0,-3.0,86.8,21.66,-21.66,86.66,-2.132,-2.905,-2.905,0.0,-111.3,60.0,-2.905,0.0,36.3,24.57,1.3,5.64,12.81,65.0,22.34,7.42,35.13,21.66,1,1,113,90,0,1,0,0,1,1,1,0,0,0,2,1,0,26,0,0,1
1785440124.677,117339,23.1,24.28,38.0,31.0,32.86,7.8,-126.4,165.0,-3.0,70.2,18.66,-18.66,56.66,-2.298,-2.621,-2.621,0.0,-219.3,60.0,-2.621,0.0,36.3,24.28,0.76,2.67,4.38,38.0,22.07,8.83,34.8,18.66,1,1,108,98,0,1,0,0,1,1,1,0,0,0,2,1,0,26,0,0,1
1785440124.766,117399,23.6,24.33,21.0,35.0,27.66,3.02,-131.9,165.0,-3.0,60.2,17.1,-17.1,38.1,-2.398,-2.159,-2.159,0.0,-246.5,60.0,-2.159,0.0,36.3,24.33,0.42,1.26,1.34,21.0,22.12,9.75,34.86,17.1,1,1,105,112,0,1,0,0,1,1,1,0,0,0,2,1,0,26,0,0,1
1785440124.766,117459,23.2,23.2,6.0,41.0,23.85,0.59,-131.9,165.0,-3.0,60.2,15.76,-15.76,21.76,-2.398,-1.429,-1.429,0.0,-252.0,60.0,-1.429,0.0,33.0,23.2,0.12,0.36,0.11,6.0,21.09,9.75,33.55,15.76,1,1,105,134,0,1,0,0,0,1,0,0,0,0,2,1,0,26,0,0,1
1785440124.825,117521,22.2,22.2,-8.0,46.0,7.28,-13.57,-122.7,165.0,3.0,523.1,17.22,-17.22,9.22,-2.231,-0.648,-0.648,0.0,-250.6,29.6,-0.648,0.0,33.0,22.2,-0.18,-11.61,-1.77,24.15,20.18,8.24,32.36,17.22,1,1,110,159,0,0,0,0,0,1,0,0,0,0,2,1,0,26,0,0,1
1785440124.886,117581,20.6,20.6,-20.0,50.0,0.17,-18.58,-104.4,165.0,3.0,489.9,20.22,-20.22,0.22,-1.899,-0.015,-0.015,0.0,-237.5,30.2,-0.015,0.0,33.0,20.6,-0.42,-15.05,-3.1,32.0,18.73,5.71,30.4,20.22,1,1,120,179,0,0,0,0,0,1,0,0,0,0,2,1,0,26,0,0,1
1785440124.959,117641,16.9,14.46,-46.0,53.0,-22.22,-33.35,-81.2,165.0,3.0,447.6,17.38,-17.38,-28.62,-1.476,1.777,1.777,0.0,-296.9,60.0,1.777,0.0,33.0,14.46,-0.94,-23.7,-8.71,53.62,13.15,3.31,22.21,17.38,1,1,133,242,0,1,0,0,1,1,1,0,0,0,2,1,0,26,0,0,1
1785440125.014,117701,13.0,9.7,-58.0,57.0,-30.27,-36.34,-49.5,165.0,3.0,390.0,15.23,-15.23,-42.77,-0.9,2.308,2.308,0.0,-266.2,60.0,2.308,0.0,33.0,9.7,-1.17,-23.81,-11.36,61.22,8.82,1.23,15.23,15.88,1,1,151,263,0,1,0,0,1,1,1,0,0,0,2,1,0,26,0,0,0
1785440125.086,117761,5.5,2.75,-81.0,34.0,-49.55,-47.54,-10.1,165.0,3.0,318.4,4.39,-4.39,-76.61,-0.184,2.848,2.848,0.0,-306.4,60.0,2.848,0.0,33.0,2.75,-1.62,-25.89,-20.03,81.3,2.5,0.1,4.39,6.67,1,1,174,285,0,1,0,0,1,1,1,0,0,0,2,1,0,26,0,0,0
1785440125.146,117823,0.0,-3.68,-92.0,40.0,-59.17,-50.45,27.8,165.0,3.0,249.5,5.87,5.87,-97.87,0.505,2.944,2.944,0.0,-275.2,60.0,2.944,0.0,33.0,-3.68,-1.84,-22.95,-25.65,92.0,3.34,0.44,5.87,7.25,1,1,197,290,0,1,0,0,1,1,1,0,0,0,2,1,0,26,0,0,0
1785440125.209,117883,-5.6,-9.72,-96.0,43.0,-62.83,-48.28,59.4,165.0,3.0,192.0,14.24,14.24,-110.24,1.08,2.969,2.969,0.0,-208.7,60.0,2.969,0.0,33.0,-9.72,-1.92,-18.43,-27.93,96.0,8.84,1.75,15.27,14.24,1,1,217,291,0,1,0,0,1,1,1,0,0,0,1,1,0,26,0,0,1
1785440125.278,117943,-12.8,-18.11,-113.0,47.0,-82.22,-58.28,80.7,165.0,3.0,153.3,22.71,22.71,-135.71,1.467,2.991,2.991,0.0,-239.4,60.0,2.991,0.0,33.0,-18.11,-2.26,-17.32,-38.7,113.0,16.46,3.26,27.19,22.71,1,1,231,292,0,1,0,0,1,1,1,0,0,0,3,1,0,26,0,0,1
1785440125.337,118004,-17.8,-23.05,-101.0,52.0,-73.0,-45.41,97.1,165.0,3.0,123.5,25.27,25.27,-126.27,1.765,2.985,2.985,0.0,-107.1,60.0,2.985,0.0,33.0,-23.05,-2.02,-12.47,-30.92,101.0,20.95,4.86,33.37,25.27,1,1,242,291,0,1,0,0,1,1,1,0,0,0,3,1,0,26,0,0,1
1785440125.434,118065,-22.1,-27.2,-88.0,58.0,-63.88,-33.35,114.3,165.0,3.0,92.3,25.65,25.65,-113.65,2.077,2.973,2.973,0.0,-11.6,60.0,2.973,0.0,33.0,-27.2,-1.76,-8.12,-23.47,88.0,24.73,7.0,38.0,25.65,1,1,254,291,0,1,0,0,1,1,1,0,0,0,3,1,0,26,0,0,1
1785440125.434,118128,-27.7,-30.18,-69.0,36.0,-53.02,-20.76,125.6,165.0,3.0,71.7,25.74,25.74,-94.74,2.283,2.935,2.935,0.0,96.3,60.0,2.935,0.0,33.0,-30.18,-1.38,-4.95,-14.43,69.0,27.44,8.69,41.01,25.74,1,1,262,289,0,1,0,0,1,1,1,0,0,0,3,1,0,26,0,0,1
1785440125.489,118188,-30.2,-32.32,-53.0,40.0,-46.17,-12.59,133.7,165.0,3.0,57.0,25.57,25.57,-78.57,2.43,2.861,2.861,0.0,155.4,60.0,2.861,0.0,33.0,-32.32,-1.06,-3.02,-8.51,53.0,29.38,10.07,43.0,25.57,1,1,268,286,0,1,0,0,1,1,1,0,0,0,3,1,0,26,0,0,1
1785440125.547,118248,-31.6,-33.14,-35.0,44.0,-39.81,-6.06,139.1,165.0,3.0,47.2,24.72,24.72,-59.72,2.528,2.67,2.67,0.0,202.2,60.0,2.67,0.0,33.0,-33.14,-0.7,-1.65,-3.71,35.0,30.13,11.06,43.73,24.72,1,1,272,278,0,1,0,0,1,1,1,0,0,0,3,1,0,26,0,0,1
1785440125.617,118308,-31.8,-32.5,-15.0,47.0,-34.32,-1.65,140.4,165.0,3.0,44.7,23.6,23.6,-38.6,2.553,2.176,2.176,0.0,243.5,60.0,2.176,0.0,33.0,-32.5,-0.3,-0.67,-0.68,15.0,29.55,11.32,43.17,23.6,1,1,273,258,0,1,0,0,1,1,1,0,0,0,3,1,0,26,0,0,1
1785440125.683,118368,-30.9,-30.9,4.0,51.0,-16.21,13.35,136.4,165.0,-3.0,547.9,23.16,23.16,-19.16,2.479,1.281,1.281,0.0,265.9,26.7,1.281,0.0,33.0,-30.9,0.11,11.55,1.69,23.63,28.09,10.56,41.69,23.16,1,1,270,224,0,0,0,0,0,1,0,0,0,0,3,1,0,26,0,0,1
1785440125.741,118431,-28.7,-27.97,23.0,32.0,-0.88,24.62,122.8,165.0,-3.0,523.4,24.03,24.03,-1.03,2.234,0.073,0.073,0.0,281.2,27.6,0.073,0.0,33.0,-27.97,0.48,19.48,4.65,39.18,25.42,8.26,38.8,24.03,1,1,260,182,0,0,0,0,1,1,1,0,0,0,3,1,0,26,0,0,1
1785440125.810,118491,-25.6,-24.02,44.0,36.0,15.28,35.73,98.5,165.0,-3.0,479.1,26.12,26.12,17.88,1.791,-1.205,-1.205,0.0,312.5,60.0,-1.205,0.0,35.0,-24.02,0.9,25.73,9.1,54.8,21.83,5.02,34.5,26.12,1,1,243,141,0,1,0,0,1,1,1,0,0,0,3,1,0,26,0,0,1
1785440125.870,118551,-21.2,-18.85,62.0,38.0,31.23,45.52,76.2,165.0,-3.0,438.5,24.78,24.78,37.22,1.385,-2.129,-2.129,0.0,308.8,60.0,-2.129,0.0,35.0,-18.85,1.26,29.92,14.35,68.8,17.13,2.89,28.16,24.78,1,1,228,113,0,1,0,0,1,1,1,0,0,0,3,1,0,26,0,0,1
1785440125.936,118611,-16.2,-12.77,78.0,44.0,43.04,50.74,39.0,165.0,-3.0,370.9,19.79,19.79,58.21,0.709,-2.647,-2.647,0.0,289.3,60.0,-2.647,0.0,35.0,-12.77,1.57,29.7,19.48,80.16,11.61,0.79,19.79,22.86,1,1,204,98,0,1,0,0,1,1,1,0,0,0,3,1,0,26,0,0,0
1785440125.997,118671,-10.7,-6.2,92.0,49.0,55.42,56.02,4.9,165.0,-3.0,308.9,9.84,9.84,82.16,0.089,-2.882,-2.882,0.0,278.3,60.0,-2.882,0.0,35.0,-6.2,1.84,28.46,25.72,92.12,5.63,0.04,9.84,14.92,1,1,183,91,0,1,0,0,1,1,1,0,0,0,2,1,0,26,0,0,0
1785440126.088,118733,-5.2,-0.17,95.0,53.0,58.22,53.08,-27.1,165.0,-3.0,250.8,0.27,0.27,94.73,-0.492,-2.935,-2.935,0.0,205.6,60.0,-2.935,0.0,35.0,-0.17,1.9,23.83,27.35,95.0,0.15,0.0,0.27,0.56,1,1,164,89,0,1,0,0,1,1,1,0,0,0,2,1,0,26,0,0,0
1785440126.088,118793,1.2,6.76,103.0,54.0,66.75,54.54,-56.5,165.0,-3.0,197.3,9.58,-9.58,112.58,-1.027,-2.972,-2.972,0.0,178.5,60.0,-2.972,0.0,35.0,6.76,2.06,20.33,32.15,103.0,6.14,1.58,10.71,9.58,1,1,147,88,0,1,0,0,1,1,1,0,0,0,2,1,0,26,0,0,1
1785440126.152,118853,5.5,10.66,89.0,58.0,54.9,40.22,-75.8,165.0,-3.0,162.2,12.7,-12.7,101.7,-1.378,-2.953,-2.953,0.0,52.4,60.0,-2.953,0.0,35.0,10.66,1.78,14.43,24.01,89.0,9.69,2.87,16.67,12.7,1,1,136,89,0,1,0,0,1,1,1,0,0,0,2,1,0,26,0,0,1
1785440126.217,118913,12.0,14.72,80.0,34.0,49.22,31.37,-93.7,165.0,-3.0,129.6,14.92,-14.92,94.92,-1.704,-2.935,-2.935,0.0,-12.4,60.0,-2.935,0.0,35.0,14.72,1.6,10.37,19.4,80.0,13.38,4.5,22.57,14.92,1,1,126,89,0,1,0,0,1,1,1,0,0,0,1,1,0,26,0,0,1
1785440126.284,118973,14.8,17.27,65.0,38.0,40.42,21.05,-106.3,165.0,-3.0,106.8,15.37,-15.37,80.37,-1.932,-2.872,-2.872,0.0,-94.7,60.0,-2.872,0.0,35.0,17.27,1.3,6.94,12.81,65.0,15.7,5.94,26.08,15.37,1,1,119,91,0,1,0,0,1,1,1,0,0,0,2,1,0,26,0,0,1
1785440126.342,119036,16.6,18.67,46.0,45.0,31.13,11.33,-117.2,165.0,-3.0,86.8,14.33,-14.33,60.33,-2.132,-2.679,-2.679,0.0,-167.7,60.0,-2.679,0.0,35.0,18.67,0.92,3.99,6.41,46.0,16.97,7.42,27.93,14.33,1,1,113,97,0,1,0,0,1,1,1,0,0,0,2,1,0,26,0,0,1
1785440126.410,119096,18.5,20.33,39.0,47.0,29.41,8.26,-124.6,165.0,-3.0,73.5,14.41,-14.41,53.41,-2.265,-2.563,-2.563,0.0,-149.8,60.0,-2.563,0.0,35.0,20.33,0.78,2.87,4.61,39.0,18.48,8.53,30.06,14.41,1,1,109,100,0,1,0,0,1,1,1,0,0,0,1,1,0,26,0,0,1
1785440126.486,119156,19.5,20.98,29.0,51.0,26.55,5.07,-128.2,165.0,-3.0,66.9,14.16,-14.16,43.16,-2.331,-2.319,-2.319,0.0,-155.2,60.0,-2.319,0.0,35.0,20.98,0.58,1.94,2.55,29.0,19.07,9.13,30.87,14.16,1,1,107,107,0,1,0,0,1,1,1,0,0,0,1,1,0,26,0,0,1
1785440126.537,119216,18.0,18.0,5.0,54.0,18.6,0.54,-124.6,165.0,-3.0,73.5,11.48,-11.48,16.48,-2.265,-1.12,-1.12,0.0,-221.4,31.2,-1.12,0.0,35.0,18.0,0.1,0.37,0.08,5.0,16.36,8.53,27.05,11.48,1,1,109,144,0,0,0,0,0,1,0,0,0,0,2,1,0,26,0,0,1
1785440126.601,119276,15.8,15.8,-15.0,58.0,-0.85,-15.13,-104.4,165.0,3.0,489.9,13.85,-13.85,-1.15,-1.899,0.082,0.082,0.0,-247.4,60.0,0.082,0.0,35.0,15.8,-0.32,-12.6,-2.21,27.0,14.36,5.71,24.08,13.85,1,1,120,183,0,1,0,0,0,1,0,0,0,0,2,1,0,26,0,0,1
1785440126.688,119338,13.7,11.97,-27.0,64.0,-9.35,-19.39,-81.2,165.0,3.0,447.6,13.65,-13.65,-13.35,-1.476,0.923,0.923,0.0,-232.2,60.0,0.923,0.0,35.0,11.97,-0.56,-15.2,-3.63,34.62,10.88,3.31,18.62,13.65,1,1,133,211,0,1,0,0,1,1,1,0,1,1,2,1,0,27,0,0,1
1785440126.688,119398,7.5,5.18,-61.0,38.0,-38.56,-39.77,-54.7,165.0,3.0,399.5,6.95,-6.95,-54.05,-0.995,2.575,2.575,0.0,-342.2,60.0,2.575,0.0,35.0,5.18,-1.23,-25.8,-12.73,64.82,4.71,1.49,8.25,6.95,1,1,148,274,0,1,0,0,1,1,1,0,0,0,2,1,0,27,0,0,1
1785440126.750,119458,1.9,-1.3,-80.0,40.0,-52.35,-46.42,-8.5,165.0,3.0,315.4,2.07,2.07,-82.07,-0.154,2.882,2.882,0.0,-344.1,60.0,2.882,0.0,36.0,-1.3,-1.6,-25.3,-19.51,80.23,1.18,0.0,2.07,3.73,1,1,175,287,0,1,0,0,1,1,1,0,0,0,2,1,0,27,0,0,0
1785440126.807,119518,-3.2,-7.02,-87.0,44.0,-58.33,-46.64,26.2,165.0,3.0,252.5,11.13,11.13,-98.13,0.475,2.944,2.944,0.0,-271.0,60.0,2.944,0.0,36.0,-7.02,-1.74,-21.96,-22.94,87.0,6.39,0.4,11.13,14.33,1,1,196,290,0,1,0,0,1,1,1,0,0,0,1,1,0,27,0,0,0
1785440126.880,119578,-7.9,-11.98,-85.0,48.0,-56.42,-40.4,56.3,165.0,3.0,197.7,18.53,18.53,-103.53,1.023,2.957,2.957,0.0,-177.0,60.0,2.957,0.0,36.0,-11.98,-1.7,-16.8,-21.9,85.0,10.89,1.57,18.63,18.53,1,1,215,290,0,1,0,0,1,1,1,0,0,0,2,1,0,27,0,0,1
1785440126.943,119641,-14.4,-19.95,-101.0,55.0,-74.13,-49.25,76.2,165.0,3.0,161.5,26.31,26.31,-127.31,1.385,2.986,2.986,0.0,-204.7,60.0,2.986,0.0,36.0,-19.95,-2.02,-16.31,-30.92,101.0,18.14,2.89,29.58,26.31,1,1,228,291,0,1,0,0,1,1,1,0,0,0,3,1,0,27,0,0,1
1785440127.002,119701,-20.8,-23.67,-87.0,33.0,-62.63,-35.42,97.1,165.0,3.0,123.5,26.06,26.06,-113.06,1.765,2.973,2.973,0.0,-73.7,60.0,2.973,0.0,36.0,-23.67,-1.74,-10.74,-22.94,87.0,21.52,4.86,34.09,26.06,1,1,242,291,0,1,0,0,1,1,1,0,0,0,3,1,0,27,0,0,1
1785440127.070,119761,-24.5,-27.27,-75.0,37.0,-55.72,-25.86,111.4,165.0,3.0,97.5,26.56,26.56,-101.56,2.025,2.953,2.953,0.0,13.1,60.0,2.953,0.0,36.0,-27.27,-1.5,-7.31,-17.05,75.0,24.79,6.6,38.08,26.56,1,1,252,290,0,1,0,0,1,1,1,0,0,0,3,1,0,27,0,0,1
1785440127.131,119821,-28.3,-30.78,-67.0,37.0,-52.86,-20.08,122.8,165.0,3.0,76.6,27.23,27.23,-94.23,2.234,2.933,2.933,0.0,55.3,60.0,2.933,0.0,36.0,-30.78,-1.34,-5.14,-13.61,67.0,27.98,8.26,41.58,27.23,1,1,260,289,0,1,0,0,1,1,1,0,0,0,3,1,0,27,0,0,1
1785440127.206,119881,-30.3,-32.18,-47.0,40.0,-43.65,-10.43,132.3,165.0,3.0,59.4,25.85,25.85,-72.85,2.406,2.819,2.819,0.0,149.4,60.0,2.819,0.0,36.0,-32.18,-0.94,-2.79,-6.7,47.0,29.25,9.83,42.87,25.85,1,1,267,284,0,1,0,0,1,1,1,0,0,0,3,1,0,27,0,0,1
1785440127.262,119944,-31.2,-32.61,-30.0,47.0,-37.91,-4.82,137.7,165.0,3.0,49.6,24.59,24.59,-54.59,2.504,2.585,2.585,0.0,187.0,60.0,2.585,0.0,36.0,-32.61,-0.6,-1.49,-2.73,30.0,29.64,10.81,43.26,24.59,1,1,271,274,0,1,0,0,1,1,1,0,0,0,3,1,0,27,0,0,1
1785440127.320,120004,-31.7,-32.52,-16.0,51.0,-34.55,-1.85,139.1,165.0,3.0,47.2,24.05,24.05,-40.05,2.528,2.224,2.224,0.0,203.0,60.0,2.224,0.0,36.0,-32.52,-0.32,-0.75,-0.78,16.0,29.56,11.06,43.18,24.05,1,1,272,260,0,1,0,0,1,1,1,0,0,0,3,1,0,27,0,0,1
1785440127.409,120064,-30.8,-30.8,5.0,55.0,-15.92,13.53,133.7,165.0,-3.0,543.0,23.91,23.91,-18.91,2.43,1.266,1.266,0.0,244.2,26.8,1.266,0.0,36.0,-30.8,0.13,11.67,1.73,23.92,28.0,10.07,41.6,23.91,1,1,268,224,0,0,0,0,0,1,0,0,0,0,3,1,0,27,0,0,1
1785440127.409,120124,-29.5,-29.5,17.0,58.0,-8.43,19.15,118.6,165.0,-3.0,515.6,27.07,27.07,-10.07,2.156,0.706,0.706,0.0,226.4,27.2,0.706,0.0,36.0,-29.5,0.36,15.66,3.13,32.15,26.82,7.61,40.35,27.07,1,1,257,204,0,0,0,0,0,1,0,0,0,0,3,1,0,27,0,0,1
1785440127.471,120184,-24.2,-22.23,58.0,34.0,30.07,47.55,97.1,165.0,-3.0,476.5,24.23,24.23,33.77,1.765,-1.999,-1.999,0.0,379.1,60.0,-1.999,0.0,36.0,-22.23,1.18,32.14,14.23,68.51,20.21,4.86,32.4,24.23,1,1,242,117,0,1,0,0,1,1,1,0,0,0,3,1,0,27,0,0,1
1785440127.541,120247,-20.8,-18.48,58.0,40.0,25.5,39.98,67.2,165.0,-3.0,422.1,26.27,26.27,31.73,1.221,-1.915,-1.915,0.0,257.6,60.0,-1.915,0.0,36.0,-18.48,1.17,26.61,12.2,63.44,16.8,2.23,27.69,26.27,1,1,222,119,0,1,0,0,1,1,1,0,0,0,3,1,0,27,0,0,1
1785440127.600,120307,-15.7,-11.98,81.0,46.0,44.83,51.64,31.1,165.0,-3.0,356.5,18.63,18.63,62.37,0.565,-2.707,-2.707,0.0,299.3,60.0,-2.707,0.0,36.0,-11.98,1.63,29.39,20.63,82.5,10.89,0.53,18.63,22.79,1,1,199,96,0,1,0,0,1,1,1,0,0,0,3,1,0,27,0,0,0
1785440127.658,120367,-10.7,-6.08,89.0,52.0,51.66,52.49,0.0,165.0,-3.0,300.0,9.65,9.65,79.35,0.0,-2.866,-2.866,0.0,247.1,60.0,-2.866,0.0,36.0,-6.08,1.78,26.7,24.01,89.0,5.52,0.0,9.65,15.1,1,1,180,91,0,1,0,0,1,1,1,0,0,0,2,1,0,27,0,0,0
1785440127.729,120427,-8.2,-0.47,91.0,85.0,53.02,48.62,-33.8,165.0,-3.0,238.5,0.75,0.75,90.25,-0.615,-2.919,-2.919,0.0,178.9,60.0,-2.919,0.0,36.0,-0.47,1.82,21.71,25.1,91.0,0.43,0.0,0.75,1.62,1,1,160,90,0,1,0,0,1,1,1,0,1,0,2,1,0,27,0,0,0
1785440127.791,120487,0.7,5.11,92.0,48.0,55.0,45.36,-58.2,165.0,-3.0,194.2,6.3,-6.3,98.3,-1.058,-2.945,-2.945,0.0,128.8,60.0,-2.945,0.0,34.0,5.11,1.84,17.86,25.65,92.0,4.65,1.68,8.14,6.3,1,1,146,89,0,1,0,0,1,1,1,0,0,0,2,1,0,28,0,0,1
1785440127.866,120549,5.7,10.52,91.0,53.0,56.04,41.38,-77.6,165.0,-3.0,158.9,12.13,-12.13,103.13,-1.411,-2.956,-2.956,0.0,85.7,60.0,-2.956,0.0,34.0,10.52,1.82,14.46,25.1,91.0,9.56,3.01,16.46,12.13,1,1,135,88,0,1,0,0,1,1,1,0,0,0,2,1,0,28,0,0,1
1785440127.922,120609,9.5,13.86,78.0,56.0,46.99,30.11,-93.7,165.0,-3.0,129.6,13.7,-13.7,91.7,-1.704,-2.925,-2.925,0.0,-4.9,60.0,-2.925,0.0,34.0,13.86,1.56,10.11,18.44,78.0,12.6,4.5,21.36,13.7,1,1,126,89,0,1,0,0,1,1,1,0,0,0,2,1,0,28,0,0,1
1785440128.009,120669,14.3,16.41,64.0,33.0,38.76,20.32,-108.1,165.0,-3.0,103.5,13.76,-13.76,77.76,-1.965,-2.856,-2.856,0.0,-80.3,60.0,-2.856,0.0,34.0,16.41,1.28,6.62,12.41,64.0,14.92,6.17,24.91,13.76,1,1,118,91,0,1,0,0,1,1,1,0,0,0,2,1,0,28,0,0,1
1785440128.010,120729,15.9,17.56,45.0,37.0,29.44,10.8,-119.1,165.0,-3.0,83.5,12.42,-12.42,57.42,-2.165,-2.634,-2.634,0.0,-161.4,60.0,-2.634,0.0,34.0,17.56,0.9,3.76,6.14,45.0,15.97,7.69,26.47,12.42,1,1,112,98,0,1,0,0,1,1,1,0,0,0,3,1,0,28,0,0,1
1785440128.072,120789,16.4,17.45,25.0,42.0,22.01,4.15,-126.4,165.0,-3.0,70.2,10.28,-10.28,35.28,-2.298,-2.057,-2.057,0.0,-218.1,60.0,-2.057,0.0,34.0,17.45,0.5,1.76,1.89,25.0,15.86,8.83,26.32,10.28,1,1,108,115,0,1,0,0,1,1,1,0,0,0,2,1,0,28,0,0,1
1785440128.140,120852,16.3,16.3,9.0,47.0,17.53,1.12,-122.7,165.0,-3.0,76.9,9.8,-9.8,18.8,-2.231,-1.26,-1.26,0.0,-229.6,60.0,-1.26,0.0,34.0,16.3,0.18,0.69,0.25,9.0,14.82,8.24,24.77,9.8,1,1,110,140,0,1,0,0,0,1,0,0,0,0,2,1,0,28,0,0,1
1785440128.203,120912,14.8,14.8,-11.0,50.0,0.42,-13.07,-108.1,165.0,3.0,496.5,11.58,-11.58,0.58,-1.965,-0.041,-0.041,0.0,-255.4,32.5,-0.041,0.0,34.0,14.8,-0.24,-11.11,-1.71,23.78,13.45,6.17,22.69,11.58,1,1,118,179,0,0,0,0,0,1,0,0,0,0,3,1,0,28,0,0,1
1785440128.261,120972,13.0,11.74,-23.0,55.0,-6.66,-16.73,-81.2,165.0,3.0,447.6,13.29,-13.29,-9.71,-1.476,0.681,0.681,0.0,-234.7,60.0,0.681,0.0,34.0,11.74,-0.48,-13.41,-2.84,30.62,10.67,3.31,18.27,13.29,1,1,133,203,0,1,0,0,1,1,1,0,0,0,2,1,0,28,0,0,1
1785440128.329,121032,7.9,6.32,-51.0,31.0,-28.47,-31.63,-53.0,165.0,3.0,396.3,9.32,-9.32,-41.68,-0.963,2.275,2.275,0.0,-310.2,60.0,2.275,0.0,34.0,6.32,-1.03,-21.56,-9.04,54.61,5.75,1.4,10.03,9.32,1,1,149,262,0,1,0,0,1,1,1,0,0,0,2,1,0,28,0,0,1
1785440128.394,121092,4.3,2.21,-58.0,36.0,-31.57,-30.71,-15.2,165.0,3.0,327.7,3.54,-3.54,-54.46,-0.277,2.583,2.583,0.0,-250.1,60.0,2.583,0.0,34.0,2.21,-1.16,-19.17,-10.38,58.52,2.01,0.17,3.54,5.03,1,1,171,274,0,1,0,0,1,1,1,0,0,0,1,1,0,28,0,0,0
1785440128.461,121154,-1.4,-4.67,-78.0,42.0,-49.86,-41.08,16.3,165.0,3.0,270.3,7.44,7.44,-85.44,0.297,2.899,2.899,0.0,-278.4,60.0,2.899,0.0,34.0,-4.67,-1.56,-21.08,-18.44,78.0,4.25,0.19,7.44,10.54,1,1,190,288,0,1,0,0,1,1,1,0,0,0,2,1,0,28,0,0,0
1785440128.522,121214,-6.7,-10.97,-89.0,48.0,-59.53,-44.15,51.6,165.0,3.0,206.3,17.13,17.13,-106.13,0.937,2.962,2.962,0.0,-254.6,60.0,2.962,0.0,34.0,-10.97,-1.78,-18.36,-24.01,89.0,9.97,1.33,17.13,17.7,1,1,212,290,0,1,0,0,1,1,1,0,0,0,2,1,0,28,0,0,0
1785440128.582,121274,-11.2,-15.72,-87.0,52.0,-58.85,-39.21,73.2,165.0,3.0,167.0,20.96,20.96,-107.96,1.33,2.965,2.965,0.0,-167.0,60.0,2.965,0.0,34.0,-15.72,-1.74,-14.53,-22.94,87.0,14.29,2.66,23.97,20.96,1,1,226,290,0,1,0,0,1,1,1,0,0,0,2,1,0,28,0,0,1
1785440128.673,121334,-18.0,-20.63,-85.0,31.0,-59.13,-35.0,91.2,165.0,3.0,134.2,23.63,23.63,-108.63,1.658,2.966,2.966,0.0,-106.2,60.0,2.966,0.0,34.0,-20.63,-1.7,-11.4,-21.9,85.0,18.76,4.24,30.44,23.63,1,1,238,290,0,1,0,0,1,1,1,0,0,0,3,1,0,28,0,0,1
1785440128.673,121394,-21.9,-24.59,-77.0,35.0,-54.97,-27.62,107.1,165.0,3.0,105.3,24.52,24.52,-101.52,1.947,2.953,2.953,0.0,-30.1,60.0,2.953,0.0,34.0,-24.59,-1.54,-8.11,-17.97,77.0,22.36,6.04,35.15,24.52,1,1,249,290,0,1,0,0,1,1,1,0,0,0,3,1,0,28,0,0,1
1785440128.731,121458,-24.8,-27.46,-62.0,43.0,-47.05,-17.8,121.4,165.0,3.0,79.2,23.87,23.87,-85.87,2.208,2.901,2.901,0.0,53.2,60.0,2.901,0.0,36.0,-27.46,-1.24,-4.91,-11.65,62.0,24.97,8.04,38.28,23.87,1,1,259,288,0,1,0,0,1,1,1,0,0,0,3,1,0,28,0,0,1
1785440128.801,121518,-25.8,-29.77,-53.0,75.0,-44.2,-13.11,128.3,165.0,3.0,66.8,24.45,24.45,-77.45,2.332,2.854,2.854,0.0,77.8,60.0,2.854,0.0,36.0,-29.77,-1.06,-3.54,-8.51,53.0,27.07,9.14,40.61,24.45,1,1,264,286,0,1,0,0,1,1,1,0,1,0,3,1,0,28,0,0,1
1785440128.860,121578,-28.6,-29.55,-25.0,38.0,-33.61,-3.7,136.4,165.0,3.0,52.1,21.67,21.67,-46.67,2.479,2.413,2.413,0.0,218.1,60.0,2.413,0.0,36.0,-29.55,-0.5,-1.3,-1.89,25.0,26.86,10.56,40.39,21.67,1,1,270,267,0,1,0,0,1,1,1,0,0,0,3,1,0,29,0,0,1
1785440128.920,121638,-27.9,-27.9,-2.0,44.0,-28.08,-0.16,135.0,165.0,3.0,54.5,20.24,20.24,-22.24,2.455,1.455,1.455,0.0,269.5,27.7,1.455,0.0,36.0,-27.9,-0.04,-0.11,-0.01,2.0,25.36,10.31,38.73,20.24,1,1,269,231,0,0,0,0,0,1,0,0,0,0,3,1,0,29,0,0,1
1785440128.992,121698,-26.0,-26.0,19.0,47.0,-2.64,21.23,121.4,165.0,-3.0,520.8,22.16,22.16,-3.16,2.208,0.225,0.225,0.0,291.7,28.3,0.225,0.0,36.0,-26.0,0.4,17.15,3.68,34.83,23.64,8.04,36.72,22.16,1,1,259,188,0,0,0,0,0,1,0,0,0,0,3,1,0,29,0,0,1
1785440129.052,121760,-22.5,-20.06,46.0,53.0,22.29,38.5,102.8,165.0,-3.0,486.9,19.94,19.94,26.06,1.869,-1.654,-1.654,0.0,340.6,60.0,-1.654,0.0,36.0,-20.06,0.94,27.48,10.08,57.67,18.24,5.52,29.72,19.94,1,1,246,128,0,1,0,0,1,1,1,0,0,0,3,1,0,29,0,0,1
1785440129.126,121820,-18.5,-14.97,63.0,56.0,34.43,44.91,70.2,165.0,-3.0,427.5,20.49,20.49,42.51,1.275,-2.3,-2.3,0.0,319.1,60.0,-2.3,0.0,36.0,-14.97,1.27,29.26,14.38,68.88,13.61,2.44,22.93,20.49,1,1,224,108,0,1,0,0,1,1,1,0,0,0,3,1,0,29,0,0,1
1785440129.177,121880,-13.9,-9.54,74.0,59.0,41.04,45.98,32.7,165.0,-3.0,359.4,14.99,14.99,59.01,0.594,-2.659,-2.659,0.0,273.3,60.0,-2.659,0.0,36.0,-9.54,1.49,27.16,17.33,75.62,8.67,0.58,14.99,18.2,1,1,200,97,0,1,0,0,1,1,1,0,0,0,3,1,0,29,0,0,0
1785440129.271,121940,-5.4,-2.15,93.0,35.0,59.42,55.97,0.0,165.0,-3.0,300.0,3.44,3.44,89.56,0.0,-2.917,-2.917,0.0,279.9,60.0,-2.917,0.0,36.0,-2.15,1.86,27.9,26.21,93.0,1.95,0.0,3.44,5.79,1,1,180,90,0,1,0,0,1,1,1,0,0,0,1,1,0,29,0,0,0
1785440129.271,122000,0.5,4.18,97.0,38.0,62.8,53.29,-35.6,165.0,-3.0,235.4,6.67,-6.67,103.67,-0.646,-2.957,-2.957,0.0,209.6,60.0,-2.957,0.0,36.0,4.18,1.94,22.83,28.52,97.0,3.8,0.67,6.67,7.48,1,1,159,88,0,1,0,0,1,1,1,0,0,0,2,1,0,29,0,0,0
1785440129.331,122062,5.1,9.06,90.0,44.0,57.26,43.83,-58.2,165.0,-3.0,194.2,13.32,-13.32,103.32,-1.058,-2.957,-2.957,0.0,106.9,60.0,-2.957,0.0,36.0,9.06,1.8,17.48,24.55,90.0,8.23,1.68,14.25,13.32,1,1,146,88,0,1,0,0,1,1,1,0,0,0,2,1,0,29,0,0,1
1785440129.390,122122,10.3,14.71,92.0,48.0,60.71,41.81,-79.4,165.0,-3.0,155.7,18.13,-18.13,110.13,-1.443,-2.969,-2.969,0.0,85.2,60.0,-2.969,0.0,36.0,14.71,1.84,14.32,25.65,92.0,13.37,3.15,22.56,18.13,1,1,134,88,0,1,0,0,1,1,1,0,0,0,1,1,0,29,0,0,1
1785440129.460,122182,14.3,18.48,82.0,51.0,54.1,32.38,-95.5,165.0,-3.0,126.4,19.69,-19.69,101.69,-1.736,-2.953,-2.953,0.0,7.5,60.0,-2.953,0.0,36.0,18.48,1.64,10.36,20.38,82.0,16.8,4.69,27.68,19.69,1,1,125,89,0,1,0,0,1,1,1,0,0,0,2,1,0,29,0,0,1
1785440129.520,122242,17.4,21.08,67.0,55.0,44.9,21.66,-109.9,165.0,-3.0,100.2,19.38,-19.38,86.38,-1.998,-2.903,-2.903,0.0,-65.4,60.0,-2.903,0.0,36.0,21.08,1.34,6.71,13.61,67.0,19.17,6.41,31.0,19.38,1,1,117,90,0,1,0,0,1,1,1,0,0,0,1,1,0,29,0,0,1
1785440129.592,122302,20.5,23.97,61.0,57.0,43.1,17.39,-120.9,165.0,-3.0,80.2,19.89,-19.89,80.89,-2.198,-2.875,-2.875,0.0,-74.8,60.0,-2.875,0.0,36.0,23.97,1.22,4.89,11.28,61.0,21.79,7.96,34.45,19.89,1,1,111,91,0,1,0,0,1,1,1,0,0,0,1,1,0,29,0,0,1
1785440129.653,122365,21.3,22.31,29.0,35.0,27.89,5.07,-128.2,165.0,-3.0,66.9,15.78,-15.78,44.78,-2.331,-2.364,-2.364,0.0,-216.4,60.0,-2.364,0.0,36.0,22.31,0.58,1.94,2.55,29.0,20.29,9.13,32.5,15.78,1,1,107,106,0,1,0,0,1,1,1,0,0,0,2,1,0,29,0,0,1
1785440129.721,122425,21.2,21.71,13.0,39.0,23.46,1.6,-130.0,165.0,-3.0,63.5,14.51,-14.51,27.51,-2.365,-1.725,-1.725,0.0,-237.2,60.0,-1.725,0.0,36.0,21.71,0.26,0.83,0.51,13.0,19.73,9.44,31.76,14.51,1,1,106,125,0,1,0,0,1,1,1,0,0,0,2,1,0,29,0,0,1
1785440129.781,122485,20.4,20.4,-1.0,44.0,10.94,-8.6,-120.9,165.0,3.0,519.8,15.52,-15.52,14.52,-2.198,-0.997,-0.997,0.0,-233.6,30.3,-0.997,0.0,34.0,20.4,-0.04,-7.71,-0.85,16.71,18.55,7.96,30.15,15.52,1,1,111,148,0,0,0,0,0,1,0,0,0,0,1,1,0,29,0,0,1
1785440129.841,122545,17.4,16.11,-27.0,48.0,-10.75,-24.42,-108.1,165.0,3.0,496.5,13.35,-13.35,-13.65,-1.965,0.942,0.942,0.0,-309.5,60.0,0.299,0.0,34.0,16.11,-0.56,-19.06,-4.8,39.78,14.64,6.17,24.5,13.35,1,1,118,190,0,1,0,0,1,1,1,0,0,0,2,1,0,29,0,0,1
1785440129.931,122605,14.1,11.96,-42.0,51.0,-22.11,-30.97,-84.8,165.0,3.0,454.1,12.88,-12.88,-29.12,-1.541,1.8,1.8,0.0,-283.9,60.0,1.8,0.0,34.0,11.96,-0.86,-22.47,-7.65,50.23,10.87,3.62,18.6,12.88,1,1,131,243,0,1,0,0,1,1,1,0,0,0,2,1,0,29,0,0,1
1785440129.931,122668,9.8,6.15,-63.0,58.0,-36.69,-38.94,-42.5,165.0,3.0,377.3,9.76,-9.76,-53.24,-0.773,2.559,2.559,0.0,-302.2,60.0,2.559,0.0,34.0,6.15,-1.27,-24.67,-13.0,65.5,5.59,0.93,9.76,10.5,1,1,155,273,0,1,0,0,1,1,1,0,0,0,2,1,0,29,0,0,0
1785440129.991,122728,2.9,0.32,-76.0,34.0,-45.19,-41.37,3.3,165.0,3.0,294.1,0.51,-0.51,-75.49,0.059,2.84,2.84,0.0,-274.1,60.0,2.84,0.0,34.0,0.32,-1.52,-22.35,-17.51,76.0,0.29,0.0,0.51,0.92,1,1,182,285,0,1,0,0,1,1,1,0,0,0,1,1,0,29,0,0,0
1785440130.064,122788,-3.3,-6.74,-93.0,37.0,-61.64,-49.92,35.8,165.0,3.0,234.9,10.68,10.68,-103.68,0.651,2.957,2.957,0.0,-281.4,60.0,2.957,0.0,34.0,-6.74,-1.86,-21.84,-26.21,93.0,6.12,0.68,10.68,12.53,1,1,202,290,0,1,0,0,1,1,1,0,0,0,1,1,0,29,0,0,0
