pc_time,t,xr,x,v,age,stop,dstop,amodel,abrk,btarget,tslew,venv,vref,ev,beam,fb,us,ua,acc,rate,u,bias,fps,e,ddl,dsl,dss,vas,vc,vb,st,ok,cnt,tgt,sat,brk,stuck,set,mv,vv,px,edge,deg,hold,q,guard,gap,inv,crc,drop,esrc
1785439092.033,20,-51.9,-44.53,125.0,59.0,0.0,0.0,0.0,0.0,0.0,0.0,0.0,0.0,0.0,0.88,0.0,0.0,0.0,0.0,36.0,0.0,0.0,0.0,0.0,0.0,0.0,0.0,0.0,0.0,0.0,1,1,210,210,0,0,0,0,1,1,1,0,0,0,3,1,0,0,0,0,0
1785439092.093,80,-39.9,-35.59,135.0,32.0,38.43,67.29,40.6,165.0,-3.0,62.3,47.97,-47.97,182.97,0.737,-2.999,-2.999,0.0,28.4,60.0,-2.72,0.0,0.0,-35.59,2.71,8.47,56.11,136.06,47.97,112.61,1,1,205,95,0,1,0,0,1,1,1,0,0,0,3,1,0,0,0,0,0
1785439092.163,140,-31.4,-26.47,141.0,35.0,51.11,70.53,6.5,165.0,-3.0,52.0,55.29,-55.29,196.29,0.119,-2.999,-2.999,0.0,47.9,60.0,-2.999,0.0,0.0,-26.47,2.82,7.34,60.37,141.14,55.29,129.86,1,1,184,87,0,1,0,0,1,1,1,0,0,0,2,1,0,0,0,0,0
1785439092.222,200,-21.7,-15.67,159.0,38.0,79.52,86.53,-25.4,165.0,-3.0,42.3,62.46,-62.46,221.46,-0.461,-3.0,-3.0,0.0,134.6,60.0,-3.0,0.0,0.0,-15.67,3.18,6.73,76.62,159.0,62.46,161.98,1,1,165,87,0,1,0,0,1,1,1,0,0,0,2,1,0,0,0,0,0
1785439092.289,260,-12.9,-6.27,158.0,42.0,86.33,84.19,-53.0,165.0,-3.0,33.9,63.17,-63.17,221.17,-0.963,-3.0,-3.0,0.0,87.3,60.0,-3.0,0.0,0.0,-6.27,3.16,5.36,75.66,158.0,63.17,168.77,1,1,149,87,0,1,0,0,1,1,1,0,0,0,1,1,0,0,0,0,0
1785439092.380,320,-4.6,2.57,156.0,46.0,91.68,81.01,-77.6,165.0,-3.0,26.5,63.59,-63.59,219.59,-1.411,-3.0,-3.0,0.0,50.8,60.0,-3.0,0.0,0.0,2.57,3.12,4.13,73.76,156.0,63.59,173.92,1,1,135,87,0,1,0,0,1,1,1,0,0,0,1,1,0,0,0,0,0
1785439092.380,380,2.0,9.38,142.0,52.0,83.19,67.1,-91.9,165.0,-3.0,22.1,62.87,-62.87,204.87,-1.671,-3.0,-3.0,0.0,-37.8,60.0,-3.0,0.0,0.0,9.38,2.84,3.15,61.11,142.0,62.87,165.67,1,1,127,87,0,1,0,0,1,1,1,0,0,0,2,1,0,0,0,0,0
1785439092.440,440,8.6,15.69,129.0,55.0,76.38,55.17,-109.9,165.0,-3.0,16.7,62.04,-62.04,191.04,-1.998,-2.999,-2.999,0.0,-94.0,60.0,-2.999,0.0,0.0,15.69,2.58,2.15,50.44,129.0,62.04,158.74,1,1,117,87,0,1,0,0,1,1,1,0,0,0,2,1,0,0,0,0,0
1785439092.510,500,15.1,22.11,121.0,58.0,75.37,48.41,-120.9,165.0,-3.0,13.4,61.89,-61.89,182.89,-2.198,-2.999,-2.999,0.0,-106.1,60.0,-2.999,0.0,0.0,22.11,2.42,1.62,44.37,121.0,61.89,157.69,1,1,111,87,0,1,0,0,1,1,1,0,0,0,1,1,0,0,0,0,0
1785439092.579,560,22.5,26.17,102.0,36.0,64.22,34.6,-131.9,165.0,-3.0,10.0,59.72,-59.72,161.72,-2.398,-2.997,-2.997,0.0,-178.1,60.0,-2.997,0.0,0.0,26.17,2.04,1.02,31.53,102.0,59.72,145.57,1,1,105,87,0,1,0,0,1,1,1,0,0,0,2,1,0,1,0,0,0
1785439092.640,620,25.5,28.62,80.0,39.0,52.4,21.62,-139.2,165.0,-3.0,7.8,55.84,-55.84,135.84,-2.531,-2.991,-2.991,0.0,-244.9,60.0,-2.991,0.0,0.0,28.62,1.6,0.63,19.4,80.0,55.84,131.49,1,1,101,87,0,1,0,0,1,1,1,0,0,0,1,1,0,1,0,0,0
1785439092.706,681,28.3,31.16,65.0,44.0,47.11,14.5,-144.8,165.0,-3.0,6.1,53.36,-53.36,118.36,-2.632,-2.979,-2.979,0.0,-255.1,60.0,-2.979,0.0,0.0,31.16,1.3,0.4,12.81,65.0,53.36,124.68,1,1,98,88,0,1,0,0,1,1,1,0,0,0,2,1,0,1,0,0,0
1785439092.794,741,30.0,32.4,49.0,49.0,41.72,8.47,-150.3,165.0,-3.0,4.4,50.22,-50.22,99.22,-2.734,-2.947,-2.947,0.0,-261.6,60.0,-2.947,0.0,0.0,32.4,0.98,0.22,7.28,49.0,50.22,117.33,1,1,95,89,0,1,0,0,1,1,1,0,0,0,2,1,0,1,0,0,0
1785439092.794,801,30.3,31.68,26.0,53.0,34.6,2.65,-154.1,165.0,-3.0,3.3,44.97,-44.97,70.97,-2.802,-2.802,-2.802,0.0,-291.7,60.0,-2.802,0.0,0.0,31.68,0.52,0.09,2.05,26.0,44.97,106.84,1,1,93,93,0,1,0,0,1,1,1,0,0,0,2,1,0,1,0,0,0
1785439092.867,861,29.3,29.3,0.0,31.0,29.3,0.0,-152.2,165.0,3.0,0.0,40.15,-40.15,40.15,-2.768,-2.227,-2.227,0.0,-334.9,27.2,-2.227,0.0,0.0,29.3,0.0,0.0,0.0,0.0,40.15,98.32,1,1,94,110,0,0,0,0,0,1,0,0,0,0,2,1,0,1,0,0,0
1785439092.926,921,27.9,27.9,-13.0,34.0,24.45,-3.13,-144.8,165.0,3.0,93.9,35.0,-35.0,22.0,-2.632,-1.442,-1.442,0.0,-303.7,27.7,-1.463,0.0,0.0,27.9,-0.29,-1.74,-1.1,19.07,35.0,89.82,1,1,98,133,0,0,0,0,0,1,0,0,0,0,1,1,0,1,0,0,0
1785439092.997,981,22.7,21.01,-47.0,36.0,5.62,-13.99,-133.7,165.0,3.0,90.5,8.94,-8.94,-38.06,-2.431,2.158,2.158,0.0,-392.7,60.0,0.958,0.0,0.0,21.01,-0.97,-4.71,-8.32,52.38,8.94,43.07,1,1,104,213,0,1,0,0,1,1,1,0,0,0,2,1,0,1,0,0,0
1785439093.057,1041,19.3,17.24,-53.0,39.0,0.68,-15.05,-93.7,165.0,3.0,78.4,1.09,-1.09,-51.91,-1.704,2.533,2.533,0.0,-303.0,60.0,2.533,0.0,35.0,17.24,-1.08,-4.39,-9.57,56.2,1.09,15.03,1,1,126,272,0,1,0,0,1,1,1,0,0,0,1,1,0,1,0,0,0
1785439093.125,1101,13.1,9.88,-75.0,43.0,-16.84,-24.29,-53.0,165.0,3.0,66.1,25.5,25.5,-100.5,-0.963,2.95,2.95,0.0,-306.3,60.0,2.95,0.0,35.0,9.88,-1.51,-5.05,-17.73,76.49,25.5,74.54,1,1,149,290,0,1,0,0,1,1,1,0,0,0,2,1,0,1,0,0,0
1785439093.216,1161,7.6,3.73,-86.0,45.0,-28.13,-28.96,-13.5,165.0,3.0,54.1,38.97,38.97,-124.97,-0.246,2.984,2.984,0.0,-269.9,60.0,2.984,0.0,35.0,3.73,-1.72,-4.67,-22.57,86.3,38.97,96.33,1,1,172,291,0,1,0,0,1,1,1,0,0,0,2,1,0,1,0,0,0
1785439093.216,1221,0.3,-4.98,-110.0,48.0,-52.89,-43.56,24.5,165.0,3.0,42.6,56.04,56.04,-166.04,0.446,2.998,2.998,0.0,-322.7,60.0,2.998,0.0,35.0,-4.98,-2.2,-4.68,-36.67,110.0,56.04,132.1,1,1,195,292,0,1,0,0,1,1,1,0,0,0,2,1,0,1,0,0,0
1785439093.276,1282,-6.9,-13.36,-122.0,53.0,-70.28,-51.75,51.6,165.0,3.0,34.4,61.04,61.04,-183.04,0.937,2.999,2.999,0.0,-283.3,60.0,2.999,0.0,35.0,-13.36,-2.44,-4.19,-45.11,122.0,61.04,152.28,1,1,212,292,0,1,0,0,1,1,1,0,0,0,2,1,0,1,0,0,0
1785439093.345,1342,-13.8,-20.86,-124.0,57.0,-78.34,-52.25,80.7,165.0,3.0,25.6,62.31,62.31,-186.31,1.467,2.999,2.999,0.0,-207.5,60.0,2.999,0.0,35.0,-20.86,-2.48,-3.17,-46.6,124.0,62.31,160.77,1,1,231,292,0,1,0,0,1,1,1,0,0,0,3,1,0,1,0,0,0
1785439093.415,1402,-20.0,-27.25,-119.0,61.0,-79.66,-47.65,100.0,165.0,3.0,19.7,62.48,62.48,-181.48,1.817,2.999,2.999,0.0,-122.7,60.0,2.999,0.0,35.0,-27.25,-2.38,-2.35,-42.92,119.0,62.48,162.12,1,1,244,292,0,1,0,0,1,1,1,0,1,0,3,1,0,1,0,0,0
1785439093.475,1462,-30.3,-34.27,-117.0,34.0,-84.46,-45.63,114.3,165.0,3.0,15.4,63.0,63.0,-180.0,2.077,2.999,2.999,0.0,-65.0,60.0,2.999,0.0,35.0,-34.27,-2.34,-1.8,-41.49,117.0,63.0,166.94,1,1,254,292,0,1,0,0,1,1,1,0,0,0,3,1,0,1,0,0,0
1785439093.544,1522,-35.3,-39.07,-102.0,37.0,-77.34,-34.79,125.6,165.0,3.0,12.0,62.18,62.18,-164.18,2.283,2.998,2.998,0.0,30.5,60.0,2.998,0.0,35.0,-39.07,-2.04,-1.22,-31.53,102.0,62.18,159.74,1,1,262,292,0,1,0,0,1,1,1,0,0,0,3,1,0,1,0,0,0
1785439093.635,1584,-39.5,-43.19,-86.0,43.0,-70.64,-24.95,133.7,165.0,3.0,9.5,61.11,61.11,-147.11,2.43,2.995,2.995,0.0,99.4,60.0,2.995,0.0,35.0,-43.19,-1.72,-0.82,-22.42,86.0,61.11,152.67,1,1,268,292,0,1,0,0,1,1,1,0,0,0,3,1,0,1,0,0,0
1785439093.635,1644,-42.3,-45.24,-64.0,46.0,-60.77,-14.12,143.1,165.0,3.0,6.6,58.79,58.79,-122.79,2.602,2.983,2.983,0.0,184.7,60.0,2.983,0.0,35.0,-45.24,-1.28,-0.42,-12.41,64.0,58.79,141.6,1,1,275,291,0,1,0,0,1,1,1,0,0,0,3,1,0,1,0,0,0
1785439093.692,1704,-42.3,-49.08,-64.0,106.0,-64.5,-14.01,148.5,165.0,3.0,5.0,59.79,59.79,-123.79,2.701,2.984,2.984,0.0,126.9,60.0,2.984,0.0,35.0,-49.08,-1.28,-0.32,-12.41,64.0,59.79,145.88,1,1,279,291,0,1,0,0,1,1,1,0,1,1,3,1,0,2,0,0,0
1785439093.763,1764,-43.7,-43.7,-2.0,39.0,-43.77,-0.06,151.1,165.0,3.0,4.2,51.49,51.49,-53.49,2.748,2.564,2.564,0.0,313.4,23.8,2.564,0.0,35.0,-43.7,-0.04,-0.01,-0.01,2.0,51.49,120.17,1,1,281,273,0,0,0,0,0,1,0,0,0,0,3,1,0,2,0,0,0
1785439093.824,1824,-42.5,-42.5,12.0,42.0,-39.2,3.0,149.9,165.0,-3.0,95.4,48.52,48.52,-36.52,2.725,2.103,2.103,0.0,291.4,24.0,2.103,0.0,35.0,-42.5,0.27,1.7,1.03,18.4,48.52,113.73,1,1,280,255,0,0,0,0,0,1,0,0,0,0,3,1,0,2,0,0,0
1785439093.894,1885,-40.1,-38.69,32.0,44.0,-29.3,8.54,143.1,165.0,-3.0,93.4,40.15,40.15,-8.15,2.602,0.575,0.575,0.0,310.0,24.8,1.291,0.0,35.0,-38.69,0.67,3.5,4.37,37.97,40.15,98.33,1,1,275,225,0,0,0,0,1,1,1,0,0,0,3,1,0,2,0,0,0
1785439093.960,1945,-36.3,-33.56,56.0,49.0,-14.27,17.54,121.4,165.0,-3.0,86.8,21.94,21.94,34.06,2.208,-2.01,-2.01,0.0,339.8,60.0,-1.924,0.0,35.0,-33.56,1.14,5.24,11.15,60.66,21.94,68.62,1,1,259,119,0,1,0,0,1,1,1,0,0,0,3,1,0,2,0,0,0
1785439094.021,2005,-31.6,-27.42,76.0,55.0,1.7,26.47,88.2,165.0,-3.0,76.7,2.71,-2.71,78.71,1.604,-2.862,-2.862,0.0,335.4,60.0,-2.862,0.0,34.0,-27.42,1.54,6.05,18.89,78.94,2.71,23.66,1,1,236,91,0,1,0,0,1,1,1,0,0,0,3,1,0,2,0,0,0
1785439094.113,2065,-25.6,-20.34,94.0,56.0,19.08,35.84,53.1,165.0,-3.0,66.1,28.47,-28.47,122.47,0.966,-2.982,-2.982,0.0,320.8,60.0,-2.982,0.0,34.0,-20.34,1.89,6.31,27.64,95.49,28.47,79.34,1,1,213,88,0,1,0,0,1,1,1,0,0,0,3,1,0,2,0,0,0
1785439094.113,2125,-19.0,-12.68,109.0,58.0,36.12,44.36,14.7,165.0,-3.0,54.5,46.21,-46.21,155.21,0.267,-2.996,-2.996,0.0,295.8,60.0,-2.996,0.0,34.0,-12.68,2.18,5.95,36.23,109.33,46.21,109.16,1,1,189,87,0,1,0,0,1,1,1,0,0,0,3,1,0,2,0,0,0
1785439094.183,2187,-7.9,-3.37,126.0,36.0,58.62,56.36,-15.2,165.0,-3.0,45.4,58.13,-58.13,184.13,-0.277,-2.999,-2.999,0.0,285.3,60.0,-2.999,0.0,34.0,-3.37,2.52,5.72,48.12,126.0,58.13,139.08,1,1,171,87,0,1,0,0,1,1,1,0,0,0,2,1,0,2,0,0,0
1785439094.243,2247,-1.0,3.95,124.0,40.0,62.79,53.49,-47.8,165.0,-3.0,35.5,59.35,-59.35,183.35,-0.868,-2.999,-2.999,0.0,183.5,60.0,-2.999,0.0,34.0,3.95,2.48,4.41,46.6,124.0,59.35,143.94,1,1,152,87,0,1,0,0,1,1,1,0,0,0,2,1,0,2,0,0,0
1785439094.313,2307,6.0,11.49,125.0,44.0,70.28,53.44,-70.5,165.0,-3.0,28.7,61.04,-61.04,186.04,-1.281,-2.999,-2.999,0.0,134.6,60.0,-2.999,0.0,34.0,11.49,2.5,3.58,47.36,125.0,61.04,152.27,1,1,139,87,0,1,0,0,1,1,1,0,0,0,1,1,0,2,0,0,0
1785439094.372,2367,11.5,16.49,111.0,45.0,62.78,42.08,-90.1,165.0,-3.0,22.7,59.35,-59.35,170.35,-1.639,-2.998,-2.998,0.0,27.0,60.0,-2.998,0.0,34.0,16.49,2.22,2.52,37.34,111.0,59.35,143.92,1,1,128,87,0,1,0,0,1,1,1,0,0,0,2,1,0,2,0,0,0
1785439094.440,2427,16.4,20.95,97.0,47.0,56.36,32.18,-106.3,165.0,-3.0,17.8,57.37,-57.37,154.37,-1.932,-2.996,-2.996,0.0,-52.1,60.0,-2.996,0.0,34.0,20.95,1.94,1.73,28.52,97.0,57.37,136.36,1,1,119,87,0,1,0,0,1,1,1,0,0,0,2,1,0,2,0,0,0
1785439094.531,2488,20.9,25.25,87.0,50.0,53.78,25.94,-117.2,165.0,-3.0,14.5,56.4,-56.4,143.4,-2.132,-2.994,-2.994,0.0,-93.3,60.0,-2.994,0.0,34.0,25.25,1.74,1.26,22.94,87.0,56.4,133.21,1,1,113,87,0,1,0,0,1,1,1,0,0,0,2,1,0,2,0,0,0
1785439094.531,2548,23.7,27.18,67.0,52.0,44.44,15.69,-128.2,165.0,-3.0,11.1,51.89,-51.89,118.89,-2.331,-2.979,-2.979,0.0,-161.2,60.0,-2.979,0.0,34.0,27.18,1.34,0.75,13.61,67.0,51.89,121.09,1,1,107,88,0,1,0,0,1,1,1,0,0,0,2,1,0,2,0,0,0
1785439094.600,2608,25.8,28.66,52.0,55.0,39.33,9.7,-135.5,165.0,-3.0,8.9,48.61,-48.61,100.61,-2.464,-2.951,-2.951,0.0,-180.6,60.0,-2.951,0.0,34.0,28.66,1.04,0.46,8.2,52.0,48.61,113.91,1,1,103,89,0,1,0,0,1,1,1,0,0,0,1,1,0,2,0,0,0
1785439094.660,2668,28.0,30.71,46.0,59.0,39.12,7.64,-142.9,165.0,-3.0,6.7,48.46,-48.46,94.46,-2.598,-2.934,-2.934,0.0,-154.6,60.0,-2.934,0.0,34.0,30.71,0.92,0.31,6.41,46.0,48.46,113.61,1,1,99,89,0,1,0,0,1,1,1,0,0,0,1,1,0,2,0,0,0
1785439094.731,2728,28.5,29.28,23.0,34.0,31.68,2.18,-148.5,165.0,-3.0,5.0,42.42,-42.42,65.42,-2.7,-2.745,-2.745,0.0,-228.8,60.0,-2.745,0.0,34.0,29.28,0.46,0.12,1.6,23.0,42.42,102.23,1,1,96,95,0,1,0,0,1,1,1,0,0,0,1,1,0,2,0,0,0
1785439094.789,2788,25.3,25.3,-8.0,38.0,22.97,-2.12,-148.5,165.0,3.0,95.0,33.28,-33.28,25.28,-2.7,-1.615,-1.615,0.0,-333.3,28.5,-2.012,0.0,34.0,25.3,-0.19,-1.31,-0.62,14.31,33.28,87.05,1,1,96,117,0,0,0,0,0,1,0,0,0,0,1,1,0,2,0,0,0
1785439094.857,2848,22.2,21.09,-27.0,41.0,13.68,-6.74,-137.4,165.0,3.0,91.6,21.1,-21.1,-5.9,-2.498,0.419,0.419,0.0,-329.7,60.0,0.419,0.0,34.0,21.09,-0.57,-2.95,-3.22,32.61,21.1,67.19,1,1,102,194,0,1,0,0,1,1,1,0,0,0,2,1,0,2,0,0,0
1785439094.947,2908,20.0,18.55,-33.0,44.0,9.97,-7.8,-106.3,165.0,3.0,82.2,15.63,-15.63,-17.37,-1.932,1.174,1.174,0.0,-256.6,60.0,1.174,0.0,34.0,18.55,-0.68,-3.01,-4.11,36.84,15.63,57.34,1,1,119,220,0,1,0,0,1,1,1,0,0,0,1,1,0,2,0,0,0
1785439094.947,2968,13.9,10.59,-69.0,48.0,-13.24,-21.67,-66.9,165.0,3.0,70.3,20.47,20.47,-89.47,-1.217,2.916,2.916,0.0,-359.3,60.0,2.916,0.0,34.0,10.59,-1.39,-4.99,-15.29,71.02,20.47,66.1,1,1,141,288,0,1,0,0,1,1,1,0,0,0,2,1,0,2,0,0,0
1785439095.008,3028,8.3,3.73,-88.0,52.0,-30.09,-30.74,-27.1,165.0,3.0,58.2,40.92,40.92,-128.92,-0.492,2.987,2.987,0.0,-357.3,60.0,2.987,0.0,35.0,3.73,-1.77,-5.16,-23.82,88.65,40.92,99.64,1,1,164,291,0,1,0,0,1,1,1,0,0,0,2,1,0,2,0,0,0
1785439095.078,3089,1.8,-3.75,-101.0,55.0,-45.26,-37.74,8.2,165.0,3.0,47.5,52.36,52.36,-153.36,0.149,2.996,2.996,0.0,-311.7,60.0,2.996,0.0,35.0,-3.75,-2.02,-4.8,-30.92,101.0,52.36,122.2,1,1,185,292,0,1,0,0,1,1,1,0,0,0,2,1,0,2,0,0,0
1785439095.148,3149,-4.8,-10.95,-108.0,57.0,-56.52,-41.43,45.3,165.0,3.0,36.3,57.43,57.43,-165.43,0.823,2.998,2.998,0.0,-246.8,60.0,2.998,0.0,35.0,-10.95,-2.16,-3.92,-35.35,108.0,57.43,136.56,1,1,208,292,0,1,0,0,1,1,1,0,0,0,1,1,0,2,0,0,0
1785439095.207,3209,-15.8,-19.63,-120.0,32.0,-74.02,-49.44,71.7,165.0,3.0,28.3,61.69,61.69,-181.69,1.303,2.999,2.999,0.0,-228.4,60.0,2.999,0.0,35.0,-19.63,-2.4,-3.39,-43.64,120.0,61.69,156.27,1,1,225,292,0,1,0,0,1,1,1,0,0,0,3,1,0,2,0,0,0
1785439095.276,3269,-22.1,-26.23,-115.0,36.0,-75.68,-44.95,91.2,165.0,3.0,22.4,61.94,61.94,-176.94,1.658,2.999,2.999,0.0,-124.8,60.0,2.999,0.0,35.0,-26.23,-2.3,-2.57,-40.08,115.0,61.94,158.02,1,1,238,292,0,1,0,0,1,1,1,0,0,0,3,1,0,2,0,0,0
1785439095.367,3329,-28.9,-33.54,-119.0,39.0,-85.61,-47.34,108.5,165.0,3.0,17.1,63.11,63.11,-182.11,1.973,2.999,2.999,0.0,-109.9,60.0,2.999,0.0,35.0,-33.54,-2.38,-2.04,-42.92,119.0,63.11,168.06,1,1,250,292,0,1,0,0,1,1,1,0,0,0,3,1,0,2,0,0,0
1785439095.367,3391,-34.3,-39.05,-108.0,44.0,-81.93,-38.99,120.0,165.0,3.0,13.6,62.74,62.74,-170.74,2.182,2.998,2.998,0.0,-26.4,60.0,2.998,0.0,35.0,-39.05,-2.16,-1.47,-35.35,108.0,62.74,164.41,1,1,258,292,0,1,0,0,1,1,1,0,0,0,3,1,0,2,0,0,0
1785439095.427,3451,-38.6,-42.96,-89.0,49.0,-72.29,-26.67,132.3,165.0,3.0,9.9,61.4,61.4,-150.4,2.406,2.995,2.995,0.0,80.6,60.0,2.995,0.0,35.0,-42.96,-1.78,-0.88,-24.01,89.0,61.4,154.44,1,1,267,292,0,1,0,0,1,1,1,0,0,0,3,1,0,2,0,0,0
1785439095.496,3511,-42.0,-45.87,-73.0,53.0,-65.84,-18.16,140.4,165.0,3.0,7.4,60.11,60.11,-133.11,2.553,2.989,2.989,0.0,132.3,60.0,2.989,0.0,35.0,-45.87,-1.46,-0.54,-16.15,73.0,60.11,147.38,1,1,273,291,0,1,0,0,1,1,1,0,0,0,3,1,0,2,0,0,0
1785439095.556,3571,-44.0,-46.85,-50.0,57.0,-56.6,-8.87,145.8,165.0,3.0,5.8,57.45,57.45,-107.45,2.651,2.964,2.964,0.0,203.5,60.0,2.964,0.0,35.0,-46.85,-1.0,-0.29,-7.58,50.0,57.45,136.66,1,1,277,290,0,1,0,0,1,1,1,0,0,0,3,1,0,2,0,0,0
1785439095.627,3631,-44.0,-49.85,-50.0,117.0,-59.53,-8.81,149.9,165.0,3.0,4.6,58.42,58.42,-108.42,2.725,2.966,2.966,0.0,139.8,60.0,2.966,0.0,35.0,-49.85,-1.0,-0.23,-7.58,50.0,58.42,140.15,1,1,280,290,0,1,0,0,1,1,1,0,1,1,3,1,0,3,0,0,0
1785439095.687,3693,-43.6,-43.6,11.0,50.0,-40.55,2.78,149.9,165.0,-3.0,95.4,49.45,49.45,-38.45,2.725,2.171,2.171,0.0,292.3,23.8,2.171,0.0,35.0,-43.6,0.25,1.61,0.92,17.4,49.45,115.66,1,1,280,258,0,0,0,0,0,1,0,0,0,0,3,1,0,3,0,0,0
1785439095.754,3753,-42.2,-41.07,21.0,54.0,-35.43,5.13,143.1,165.0,-3.0,93.4,45.66,45.66,-24.66,2.602,1.583,1.583,0.0,250.2,24.3,1.583,0.0,35.0,-41.07,0.45,2.47,2.2,26.97,45.66,108.12,1,1,275,235,0,0,0,0,1,1,1,0,0,0,3,1,0,3,0,0,0
1785439095.845,3813,-38.7,-35.99,46.0,59.0,-21.41,13.25,125.6,165.0,-3.0,88.0,31.41,31.41,14.59,2.283,-1.002,-1.002,0.0,293.1,60.0,-1.002,0.0,35.0,-35.99,0.95,4.45,7.85,50.9,31.41,84.06,1,1,262,148,0,1,0,0,1,1,1,0,0,0,3,1,0,3,0,0,0
1785439095.845,3873,-34.5,-30.66,62.0,62.0,-9.4,19.33,95.7,165.0,-3.0,79.0,14.78,14.78,47.22,1.739,-2.427,-2.427,0.0,275.8,60.0,-2.427,0.0,35.0,-30.66,1.26,5.14,12.92,65.3,14.78,55.69,1,1,241,104,0,1,0,0,1,1,1,0,1,0,3,1,0,3,0,0,0
1785439095.918,3933,-24.8,-21.44,99.0,34.0,22.2,39.68,61.0,165.0,-3.0,68.5,32.37,-32.37,131.37,1.109,-2.989,-2.989,0.0,372.7,60.0,-2.989,0.0,35.0,-21.44,1.99,6.9,30.79,100.78,32.37,85.59,1,1,218,88,0,1,0,0,1,1,1,0,0,0,3,1,0,3,0,0,0
1785439095.975,3994,-18.2,-13.91,110.0,39.0,36.56,45.88,29.4,165.0,-3.0,58.9,46.55,-46.55,156.55,0.535,-2.997,-2.997,0.0,314.5,60.0,-2.997,0.0,35.0,-13.91,2.21,6.52,37.15,110.72,46.55,109.82,1,1,198,87,0,1,0,0,1,1,1,0,0,0,3,1,0,3,0,0,0
1785439096.045,4054,-10.6,-5.52,124.0,41.0,54.8,54.84,-11.8,165.0,-3.0,46.4,56.8,-56.8,180.8,-0.215,-2.999,-2.999,0.0,294.3,60.0,-2.999,0.0,33.7,-5.52,2.48,5.76,46.6,124.0,56.8,134.46,1,1,173,87,0,1,0,0,1,1,1,0,0,0,2,1,0,3,0,0,0
1785439096.105,4114,-3.7,1.26,121.0,41.0,57.74,51.35,-40.8,165.0,-3.0,37.6,57.84,-57.84,178.84,-0.742,-2.999,-2.999,0.0,188.0,60.0,-2.999,0.0,33.7,1.26,2.42,4.55,44.37,121.0,57.84,138.02,1,1,156,87,0,1,0,0,1,1,1,0,0,0,1,1,0,3,0,0,0
1785439096.172,4174,3.0,8.47,119.0,46.0,62.26,48.9,-65.2,165.0,-3.0,30.3,59.21,-59.21,178.21,-1.185,-2.999,-2.999,0.0,112.1,60.0,-2.999,0.0,33.7,8.47,2.38,3.6,42.92,119.0,59.21,143.32,1,1,142,87,0,1,0,0,1,1,1,0,0,0,2,1,0,3,0,0,0
1785439096.264,4234,8.5,14.0,108.0,51.0,58.22,40.2,-83.0,165.0,-3.0,24.9,58.0,-58.0,166.0,-1.508,-2.998,-2.998,0.0,9.7,60.0,-2.998,0.0,33.7,14.0,2.16,2.68,35.35,108.0,58.0,138.6,1,1,132,87,0,1,0,0,1,1,1,0,0,0,2,1,0,3,0,0,0
1785439096.264,4295,14.5,20.38,107.0,55.0,63.26,38.98,-99.1,165.0,-3.0,20.0,59.47,-59.47,166.47,-1.801,-2.998,-2.998,0.0,2.1,60.0,-2.998,0.0,33.7,20.38,2.14,2.14,34.7,107.0,59.47,144.47,1,1,123,87,0,1,0,0,1,1,1,0,0,0,2,1,0,3,0,0,0
1785439096.323,4355,21.1,24.03,89.0,33.0,53.92,27.17,-113.6,165.0,-3.0,15.6,56.46,-56.46,145.46,-2.065,-2.994,-2.994,0.0,-91.4,60.0,-2.994,0.0,33.7,24.03,1.78,1.39,24.01,89.0,56.46,133.39,1,1,115,87,0,1,0,0,1,1,1,0,0,0,1,1,0,4,0,0,0
1785439096.393,4415,22.2,27.2,77.0,65.0,49.7,20.45,-124.6,165.0,-3.0,12.3,54.64,-54.64,131.64,-2.265,-2.989,-2.989,0.0,-125.1,60.0,-2.989,0.0,33.7,27.2,1.54,0.94,17.97,77.0,54.64,128.06,1,1,109,87,0,1,0,0,1,1,1,0,1,0,2,1,0,4,0,0,0
1785439096.463,4475,24.9,28.38,58.0,60.0,41.47,11.91,-133.7,165.0,-3.0,9.5,50.06,-50.06,108.06,-2.431,-2.965,-2.965,0.0,-180.8,60.0,-2.965,0.0,33.7,28.38,1.16,0.55,10.2,58.0,50.06,116.98,1,1,104,88,0,1,0,0,1,1,1,0,0,0,1,1,0,4,0,0,0
1785439096.523,4535,25.9,29.63,45.0,83.0,37.73,7.36,-141.0,165.0,-3.0,7.3,47.45,-47.45,92.45,-2.564,-2.927,-2.927,0.0,-183.7,60.0,-2.927,0.0,33.7,29.63,0.9,0.33,6.14,45.0,47.45,111.58,1,1,100,89,0,1,0,0,1,1,1,0,1,1,1,1,0,5,0,0,0
1785439096.586,4596,27.9,31.1,39.0,82.0,37.29,5.63,-144.8,165.0,-3.0,6.1,47.12,-47.12,86.12,-2.632,-2.902,-2.902,0.0,-153.7,60.0,-2.902,0.0,33.7,31.1,0.78,0.24,4.61,39.0,47.12,110.92,1,1,98,90,0,1,0,0,1,1,1,0,1,1,1,1,0,6,0,0,0
1785439096.682,4656,25.6,25.6,0.0,35.0,25.6,0.0,-150.3,165.0,3.0,0.0,36.28,-36.28,36.28,-2.734,-2.095,-2.095,0.0,-321.8,28.4,-2.129,0.0,33.7,25.6,0.0,0.0,0.0,0.0,36.28,91.9,1,1,95,113,0,0,0,0,0,1,0,0,0,0,1,1,0,7,0,0,0
1785439096.682,4716,22.7,22.7,-19.0,39.0,17.66,-4.58,-142.9,165.0,3.0,93.3,26.61,-26.61,7.61,-2.598,-0.537,-0.537,0.0,-325.2,29.4,-0.926,0.0,33.7,22.7,-0.41,-2.28,-1.89,24.95,26.61,76.34,1,1,99,150,0,0,0,0,0,1,0,0,0,0,2,1,0,7,0,0,0
1785439096.741,4776,20.8,19.61,-27.0,44.0,12.72,-6.27,-119.1,165.0,3.0,86.1,19.71,-19.71,-7.29,-2.165,0.515,0.515,0.0,-265.3,60.0,0.515,0.0,33.7,19.61,-0.56,-2.69,-3.01,31.53,19.71,64.79,1,1,112,197,0,1,0,0,1,1,1,0,0,0,2,1,0,7,0,0,0
1785439096.811,4836,15.7,12.62,-63.0,49.0,-8.76,-19.44,-86.6,165.0,3.0,76.2,13.81,13.81,-76.81,-1.573,2.849,2.849,0.0,-386.2,60.0,2.437,0.0,33.7,12.62,-1.28,-5.01,-13.15,65.87,13.81,53.78,1,1,130,268,0,1,0,0,1,1,1,0,0,0,3,1,0,7,0,0,0
1785439096.881,4897,12.1,8.52,-64.0,56.0,-11.95,-18.61,-53.0,165.0,3.0,66.1,18.59,18.59,-82.59,-0.963,2.885,2.885,0.0,-270.5,60.0,2.885,0.0,33.7,8.52,-1.29,-4.32,-13.0,65.49,18.59,62.8,1,1,149,287,0,1,0,0,1,1,1,0,0,0,2,1,0,7,0,0,0
1785439096.941,4957,3.9,0.95,-87.0,34.0,-31.28,-29.29,-6.8,165.0,3.0,52.0,42.05,42.05,-129.05,-0.123,2.987,2.987,0.0,-300.5,60.0,2.987,0.0,33.7,0.95,-1.74,-4.54,-23.02,87.14,42.05,101.58,1,1,176,291,0,1,0,0,1,1,1,0,0,0,1,1,0,7,0,0,0
1785439097.009,5017,-3.1,-6.94,-104.0,37.0,-49.99,-39.13,29.4,165.0,3.0,41.1,54.78,54.78,-158.78,0.535,2.997,2.997,0.0,-295.4,60.0,2.997,0.0,36.0,-6.94,-2.08,-4.27,-32.78,104.0,54.78,128.43,1,1,198,292,0,1,0,0,1,1,1,0,0,0,1,1,0,7,0,0,0
1785439097.102,5077,-10.0,-14.7,-112.0,42.0,-62.93,-43.84,59.4,165.0,3.0,32.0,59.38,59.38,-171.38,1.08,2.998,2.998,0.0,-243.1,60.0,2.998,0.0,36.0,-14.7,-2.24,-3.58,-38.02,112.0,59.38,144.09,1,1,217,292,0,1,0,0,1,1,1,0,0,0,2,1,0,7,0,0,0
1785439097.102,5137,-17.7,-23.62,-126.0,47.0,-82.73,-53.74,83.7,165.0,3.0,24.6,62.82,62.82,-188.82,1.522,2.999,2.999,0.0,-237.6,60.0,2.999,0.0,36.0,-23.62,-2.52,-3.1,-48.12,126.0,62.82,165.22,1,1,233,292,0,1,0,0,1,1,1,0,0,0,3,1,0,7,0,0,0
1785439097.162,5199,-24.1,-30.8,-122.0,55.0,-85.76,-49.96,100.0,165.0,3.0,19.7,63.12,63.12,-185.12,1.817,2.999,2.999,0.0,-144.3,60.0,2.999,0.0,36.0,-30.8,-2.44,-2.41,-45.11,122.0,63.12,168.21,1,1,244,292,0,1,0,0,1,1,1,0,0,0,3,1,0,7,0,0,0
1785439097.230,5259,-32.0,-35.16,-102.0,31.0,-73.76,-35.1,115.7,165.0,3.0,14.9,61.65,61.65,-163.65,2.103,2.998,2.998,0.0,6.0,60.0,2.998,0.0,36.0,-35.16,-2.04,-1.52,-31.53,102.0,61.65,156.01,1,1,255,292,0,1,0,0,1,1,1,0,0,0,3,1,0,7,0,0,0
1785439097.290,5319,-37.2,-40.62,-95.0,36.0,-74.0,-30.35,126.9,165.0,3.0,11.5,61.68,61.68,-156.68,2.307,2.997,2.997,0.0,45.3,60.0,2.997,0.0,36.0,-40.62,-1.9,-1.1,-27.35,95.0,61.68,156.26,1,1,263,292,0,1,0,0,1,1,1,0,0,0,3,1,0,7,0,0,0
1785439097.360,5379,-41.1,-44.46,-82.0,41.0,-69.46,-22.73,136.4,165.0,3.0,8.7,60.88,60.88,-142.88,2.479,2.993,2.993,0.0,100.7,60.0,2.993,0.0,36.0,-44.46,-1.64,-0.71,-20.38,82.0,60.88,151.39,1,1,270,292,0,1,0,0,1,1,1,0,0,0,3,1,0,7,0,0,0
1785439097.422,5439,-43.4,-46.02,-57.0,46.0,-58.55,-11.39,141.8,165.0,3.0,7.0,58.11,58.11,-115.11,2.578,2.975,2.975,0.0,200.6,60.0,2.975,0.0,36.0,-46.02,-1.14,-0.4,-9.85,57.0,58.11,138.99,1,1,274,291,0,1,0,0,1,1,1,0,0,0,3,1,0,7,0,0,0
1785439097.487,5500,-44.4,-46.0,-32.0,50.0,-50.31,-3.92,147.2,165.0,3.0,5.4,54.92,54.92,-86.92,2.676,2.906,2.906,0.0,267.9,60.0,2.906,0.0,36.0,-46.0,-0.64,-0.17,-3.1,32.0,54.92,128.83,1,1,278,288,0,1,0,0,1,1,1,0,0,0,3,1,0,7,0,0,0
1785439097.577,5560,-44.3,-44.89,-11.0,54.0,-45.59,-0.64,149.9,165.0,3.0,4.6,52.54,52.54,-63.54,2.725,2.722,2.722,0.0,286.9,60.0,2.722,0.0,36.0,-44.89,-0.22,-0.05,-0.37,11.0,52.54,122.65,1,1,280,280,0,1,0,0,1,1,1,0,0,0,3,1,0,7,0,0,0
1785439097.577,5620,-43.6,-43.6,4.0,58.0,-42.08,1.38,149.9,165.0,-3.0,95.4,50.46,50.46,-46.46,2.725,2.408,2.408,0.0,269.5,23.8,2.408,0.0,36.0,-43.6,0.11,0.94,0.33,10.4,50.46,117.83,1,1,280,267,0,0,0,0,0,1,0,0,0,0,3,1,0,7,0,0,0
1785439097.648,5680,-40.3,-39.18,32.0,35.0,-29.79,8.54,143.1,165.0,-3.0,93.4,40.63,40.63,-8.63,2.602,0.608,0.608,0.0,329.2,24.7,1.042,0.0,36.0,-39.18,0.67,3.5,4.37,37.97,40.63,99.14,1,1,275,216,0,0,0,0,1,1,1,0,0,0,3,1,0,7,0,0,0
1785439097.708,5740,-36.2,-34.02,56.0,39.0,-14.66,17.6,122.8,165.0,-3.0,87.2,22.49,22.49,33.51,2.234,-1.989,-1.989,0.0,353.5,60.0,-1.823,0.0,36.0,-34.02,1.14,5.27,11.18,60.74,22.49,69.55,1,1,260,122,0,1,0,0,1,1,1,0,0,0,3,1,0,7,0,0,0
1785439097.778,5801,-31.4,-28.03,75.0,45.0,0.87,26.27,95.7,165.0,-3.0,79.0,1.39,-1.39,76.39,1.739,-2.846,-2.846,0.0,346.3,60.0,-2.846,0.0,36.0,-28.03,1.52,6.17,18.58,78.3,1.39,16.95,1,1,241,92,0,1,0,0,1,1,1,0,0,0,3,1,0,7,0,0,0
1785439097.838,5861,-24.1,-18.34,113.0,51.0,36.18,49.56,53.1,165.0,-3.0,66.1,46.26,-46.26,159.26,0.966,-2.997,-2.997,0.0,426.6,60.0,-2.997,0.0,36.0,-18.34,2.27,7.57,39.73,114.49,46.26,109.26,1,1,213,87,0,1,0,0,1,1,1,0,0,0,3,1,0,7,0,0,0
1785439097.905,5921,-18.3,-12.09,109.0,57.0,36.8,44.45,16.3,165.0,-3.0,55.0,46.74,-46.74,155.74,0.297,-2.996,-2.996,0.0,272.9,60.0,-2.996,0.0,36.0,-12.09,2.18,6.01,36.25,109.37,46.74,110.19,1,1,190,87,0,1,0,0,1,1,1,0,0,0,3,1,0,7,0,0,0
1785439097.997,5981,-7.8,-3.47,124.0,35.0,56.65,54.65,-16.9,165.0,-3.0,44.9,57.47,-57.47,181.47,-0.307,-2.999,-2.999,0.0,260.3,60.0,-2.999,0.0,36.0,-3.47,2.48,5.56,46.6,124.0,57.47,136.71,1,1,170,87,0,1,0,0,1,1,1,0,0,0,2,1,0,7,0,0,0
1785439097.997,6041,-0.9,4.39,126.0,42.0,65.16,55.25,-44.3,165.0,-3.0,36.6,59.95,-59.95,185.95,-0.805,-2.999,-2.999,0.0,188.5,60.0,-2.999,0.0,36.0,4.39,2.52,4.61,48.12,126.0,59.95,146.62,1,1,154,87,0,1,0,0,1,1,1,0,0,0,2,1,0,7,0,0,0
1785439098.068,6102,5.4,10.87,119.0,46.0,64.59,48.84,-66.9,165.0,-3.0,29.7,59.81,-59.81,178.81,-1.217,-2.999,-2.999,0.0,89.6,60.0,-2.999,0.0,36.0,10.87,2.38,3.54,42.92,119.0,59.81,145.98,1,1,141,87,0,1,0,0,1,1,1,0,0,0,2,1,0,7,0,0,0
1785439098.126,6162,11.8,17.81,118.0,51.0,69.92,47.37,-86.6,165.0,-3.0,23.8,60.97,-60.97,178.97,-1.573,-2.999,-2.999,0.0,60.9,60.0,-2.999,0.0,36.0,17.81,2.36,2.81,42.2,118.0,60.97,151.88,1,1,130,87,0,1,0,0,1,1,1,0,0,0,2,1,0,7,0,0,0
1785439098.197,6222,16.9,22.62,104.0,55.0,63.06,36.77,-104.4,165.0,-3.0,18.4,59.42,-59.42,163.42,-1.899,-2.997,-2.997,0.0,-26.6,60.0,-2.997,0.0,36.0,22.62,2.08,1.91,32.78,104.0,59.42,144.25,1,1,120,87,0,1,0,0,1,1,1,0,0,0,2,1,0,7,0,0,0
1785439098.257,6282,21.8,27.31,95.0,58.0,61.0,30.63,-117.2,165.0,-3.0,14.5,58.85,-58.85,153.85,-2.132,-2.996,-2.996,0.0,-63.7,60.0,-2.996,0.0,36.0,27.31,1.9,1.37,27.35,95.0,58.85,141.86,1,1,113,87,0,1,0,0,1,1,1,0,0,0,2,1,0,7,0,0,0
1785439098.323,6342,25.9,28.01,66.0,32.0,44.79,15.26,-128.2,165.0,-3.0,11.1,52.09,-52.09,118.09,-2.331,-2.978,-2.978,0.0,-185.8,60.0,-2.978,0.0,36.0,28.01,1.32,0.74,13.2,66.0,52.09,121.57,1,1,107,88,0,1,0,0,1,1,1,0,0,0,1,1,0,7,0,0,0
1785439098.413,6403,28.2,30.25,54.0,38.0,41.69,10.4,-135.5,165.0,-3.0,8.9,50.2,-50.2,104.2,-2.464,-2.958,-2.958,0.0,-196.9,60.0,-2.958,0.0,36.0,30.25,1.08,0.48,8.84,54.0,50.2,117.28,1,1,103,88,0,1,0,0,1,1,1,0,0,0,2,1,0,7,0,0,0
1785439098.413,6463,29.3,31.01,39.0,44.0,37.21,5.63,-144.8,165.0,-3.0,6.1,47.06,-47.06,86.06,-2.632,-2.902,-2.902,0.0,-213.0,60.0,-2.902,0.0,36.0,31.01,0.78,0.24,4.61,39.0,47.06,110.8,1,1,98,90,0,1,0,0,1,1,1,0,0,0,2,1,0,7,0,0,0
1785439098.472,6523,29.5,30.55,21.0,50.0,32.6,1.86,-148.5,165.0,-3.0,5.0,43.25,-43.25,64.25,-2.7,-2.731,-2.731,0.0,-234.9,60.0,-2.731,0.0,36.0,30.55,0.42,0.11,1.34,21.0,43.25,103.71,1,1,96,95,0,1,0,0,1,1,1,0,0,0,2,1,0,7,0,0,0
1785439098.543,6583,28.0,28.0,-3.0,55.0,26.72,-1.16,-146.6,165.0,3.0,94.4,37.49,-37.49,34.49,-2.666,-2.027,-2.027,0.0,-278.0,27.6,-2.027,0.0,36.0,28.0,-0.09,-0.82,-0.26,9.19,37.49,93.89,1,1,97,116,0,0,0,0,0,1,0,0,0,0,2,1,0,7,0,0,0
1785439098.614,6643,23.8,22.51,-38.0,34.0,10.88,-10.57,-139.2,165.0,3.0,92.2,17.01,-17.01,-20.99,-2.531,1.386,1.386,0.0,-389.2,60.0,-0.268,0.0,36.0,22.51,-0.79,-3.99,-5.79,43.72,17.01,59.92,1,1,101,171,0,1,0,0,1,1,1,0,0,0,2,1,0,8,0,0,0
1785439098.677,6704,20.8,19.01,-46.0,39.0,4.85,-12.87,-115.4,165.0,3.0,85.0,7.72,-7.72,-38.28,-2.098,2.165,2.165,0.0,-311.7,60.0,2.165,0.0,36.0,19.01,-0.94,-4.25,-7.68,50.33,7.72,40.0,1,1,114,257,0,1,0,0,1,1,1,0,0,0,1,1,0,8,0,0,0
1785439098.742,6764,15.6,12.48,-71.0,44.0,-12.51,-22.72,-66.9,165.0,3.0,70.3,19.41,19.41,-90.41,-1.217,2.92,2.92,0.0,-342.9,60.0,2.92,0.0,36.0,12.48,-1.43,-5.13,-16.16,73.02,19.41,64.25,1,1,141,288,0,1,0,0,1,1,1,0,0,0,3,1,0,8,0,0,0
1785439098.833,6824,13.1,7.33,-76.0,76.0,-18.85,-23.79,-27.1,165.0,3.0,58.2,28.16,28.16,-104.16,-0.492,2.958,2.958,0.0,-258.5,60.0,2.958,0.0,36.0,7.33,-1.53,-4.46,-17.81,76.65,28.16,78.85,1,1,164,290,0,1,0,0,1,1,1,0,1,1,2,1,0,9,0,0,0
1785439098.833,6884,4.8,-0.22,-93.0,54.0,-35.86,-32.4,11.4,165.0,3.0,46.5,46.0,46.0,-139.0,0.208,2.992,2.992,0.0,-257.2,60.0,2.992,0.0,36.0,-0.22,-1.86,-4.33,-26.21,93.0,46.0,108.77,1,1,187,292,0,1,0,0,1,1,1,0,0,0,2,1,0,9,0,0,0
1785439098.893,6944,-2.5,-8.82,-111.0,57.0,-56.77,-43.59,45.3,165.0,3.0,36.3,57.51,57.51,-168.51,0.823,2.998,2.998,0.0,-261.6,60.0,2.998,0.0,36.0,-8.82,-2.22,-4.03,-37.34,111.0,57.51,136.86,1,1,208,292,0,1,0,0,1,1,1,0,0,0,1,1,0,9,0,0,0
1785439098.962,7005,-12.6,-16.54,-116.0,34.0,-67.68,-46.49,68.7,165.0,3.0,29.2,60.52,60.52,-176.52,1.248,2.999,2.999,0.0,-203.0,60.0,2.999,0.0,36.0,-16.54,-2.32,-3.39,-40.78,116.0,60.52,149.43,1,1,223,292,0,1,0,0,1,1,1,0,0,0,3,1,0,9,0,0,0
1785439099.022,7065,-20.1,-24.47,-125.0,35.0,-82.32,-52.6,92.7,165.0,3.0,21.9,62.78,62.78,-187.78,1.686,2.999,2.999,0.0,-191.7,60.0,2.999,0.0,35.6,-24.47,-2.5,-2.74,-47.36,125.0,62.78,164.81,1,1,239,292,0,1,0,0,1,1,1,0,0,0,3,1,0,9,0,0,0
1785439099.093,7125,-25.5,-29.9,-110.0,40.0,-74.73,-40.76,108.5,165.0,3.0,17.1,61.8,61.8,-171.8,1.973,2.998,2.998,0.0,-51.1,60.0,2.998,0.0,35.6,-29.9,-2.2,-1.88,-36.67,110.0,61.8,157.02,1,1,250,292,0,1,0,0,1,1,1,0,0,0,3,1,0,9,0,0,0
1785439099.153,7185,-30.4,-34.81,-98.0,45.0,-70.4,-32.36,121.4,165.0,3.0,13.2,61.06,61.06,-159.06,2.208,2.997,2.997,0.0,27.7,60.0,2.997,0.0,35.6,-34.81,-1.96,-1.29,-29.11,98.0,61.06,152.41,1,1,259,292,0,1,0,0,1,1,1,0,0,0,3,1,0,9,0,0,0
1785439099.220,7245,-35.0,-39.64,-91.0,51.0,-70.28,-27.86,131.0,165.0,3.0,10.3,61.04,61.04,-152.04,2.381,2.996,2.996,0.0,52.4,60.0,2.996,0.0,35.6,-39.64,-1.82,-0.94,-25.1,91.0,61.04,152.28,1,1,266,292,0,1,0,0,1,1,1,0,0,0,3,1,0,9,0,0,0
1785439099.310,7306,-38.1,-42.03,-69.0,57.0,-60.02,-16.35,139.1,165.0,3.0,7.9,58.56,58.56,-127.56,2.528,2.986,2.986,0.0,145.9,60.0,2.986,0.0,35.6,-42.03,-1.38,-0.54,-14.43,69.0,58.56,140.72,1,1,272,291,0,1,0,0,1,1,1,0,0,0,3,1,0,9,0,0,0
1785439099.310,7366,-41.5,-43.16,-49.0,34.0,-52.56,-8.54,145.8,165.0,3.0,5.8,55.91,55.91,-104.91,2.651,2.96,2.96,0.0,200.8,60.0,2.96,0.0,35.6,-43.16,-0.98,-0.28,-7.28,49.0,55.91,131.69,1,1,277,290,0,1,0,0,1,1,1,0,0,0,3,1,0,9,0,0,0
1785439099.380,7426,-42.0,-42.95,-25.0,38.0,-45.71,-2.51,149.9,165.0,3.0,4.6,52.61,52.61,-77.61,2.725,2.855,2.855,0.0,270.1,60.0,2.855,0.0,35.6,-42.95,-0.5,-0.11,-1.89,25.0,52.61,122.81,1,1,280,286,0,1,0,0,1,1,1,0,0,0,3,1,0,9,0,0,0
1785439099.439,7486,-41.3,-41.3,-2.0,44.0,-41.37,-0.06,151.1,165.0,3.0,4.2,50.0,50.0,-52.0,2.748,2.535,2.535,0.0,306.5,24.2,2.535,0.0,35.6,-41.3,-0.04,-0.01,-0.01,2.0,50.0,116.83,1,1,281,272,0,0,0,0,0,1,0,0,0,0,3,1,0,9,0,0,0
1785439099.510,7546,-39.1,-37.9,25.0,48.0,-30.83,6.43,148.5,165.0,-3.0,95.0,41.63,41.63,-16.63,2.701,1.129,1.129,0.0,356.4,24.9,1.718,0.0,35.6,-37.9,0.53,2.92,2.97,31.31,41.63,100.86,1,1,279,240,0,0,0,0,1,1,1,0,0,0,3,1,0,9,0,0,0
1785439099.569,7607,-35.7,-33.17,46.0,55.0,-18.14,13.67,136.4,165.0,-3.0,91.3,27.23,27.23,18.77,2.479,-1.258,-1.258,0.0,353.8,60.0,-1.183,0.0,35.6,-33.17,0.95,4.67,8.05,51.54,27.23,77.36,1,1,270,142,0,1,0,0,1,1,1,0,0,0,3,1,0,9,0,0,0
1785439099.639,7667,-31.6,-27.76,64.0,60.0,-5.12,20.58,101.4,165.0,-3.0,80.7,8.15,8.15,55.85,1.843,-2.608,-2.608,0.0,330.4,60.0,-2.608,0.0,35.6,-27.76,1.3,5.44,13.84,67.59,8.15,41.1,1,1,245,99,0,1,0,0,1,1,1,0,0,0,3,1,0,9,0,0,0
1785439099.727,7727,-23.7,-19.43,93.0,46.0,20.0,35.84,65.6,165.0,-3.0,69.9,29.64,-29.64,122.64,1.193,-2.983,-2.983,0.0,363.7,60.0,-2.983,0.0,35.6,-19.43,1.87,6.63,27.33,94.97,29.64,81.23,1,1,221,88,0,1,0,0,1,1,1,0,0,0,3,1,0,9,0,0,0
1785439099.727,7787,-15.5,-10.52,116.0,43.0,44.92,50.4,27.8,165.0,-3.0,58.4,52.17,-52.17,168.17,0.505,-2.998,-2.998,0.0,356.5,60.0,-2.998,0.0,35.6,-10.52,2.33,6.82,41.26,116.67,52.17,121.74,1,1,197,87,0,1,0,0,1,1,1,0,0,0,3,1,0,9,0,0,0
1785439099.788,7847,-8.5,-2.43,124.0,49.0,58.1,55.03,-6.8,165.0,-3.0,48.0,57.96,-57.96,181.96,-0.123,-2.999,-2.999,0.0,281.5,60.0,-2.999,0.0,35.6,-2.43,2.48,5.95,46.6,124.0,57.96,138.46,1,1,176,87,0,1,0,0,1,1,1,0,0,0,2,1,0,9,0,0,0
1785439099.858,7908,-1.9,4.93,122.0,56.0,62.57,52.4,-33.8,165.0,-3.0,39.8,59.29,-59.29,181.29,-0.615,-2.999,-2.999,0.0,183.0,60.0,-2.999,0.0,35.6,4.93,2.44,4.85,45.11,122.0,59.29,143.68,1,1,160,87,0,1,0,0,1,1,1,0,0,0,1,1,0,9,0,0,0
1785439099.928,7968,8.1,11.81,120.0,31.0,66.6,49.8,-61.7,165.0,-3.0,31.3,60.28,-60.28,180.28,-1.122,-2.999,-2.999,0.0,109.8,60.0,-2.999,0.0,35.6,11.81,2.4,3.76,43.64,120.0,60.28,148.23,1,1,144,87,0,1,0,0,1,1,1,0,0,0,2,1,0,9,0,0,0
1785439099.987,8028,13.9,18.08,113.0,37.0,66.29,43.83,-81.2,165.0,-3.0,25.4,60.21,-60.21,173.21,-1.476,-2.998,-2.998,0.0,34.2,60.0,-2.998,0.0,36.0,18.08,2.26,2.87,38.7,113.0,60.21,147.89,1,1,133,87,0,1,0,0,1,1,1,0,0,0,2,1,0,9,0,0,0
1785439100.055,8088,19.3,23.31,103.0,39.0,63.27,36.33,-97.3,165.0,-3.0,20.5,59.48,-59.48,162.48,-1.769,-2.997,-2.997,0.0,-29.8,60.0,-2.997,0.0,36.0,23.31,2.06,2.11,32.15,103.0,59.48,144.49,1,1,124,87,0,1,0,0,1,1,1,0,0,0,1,1,0,9,0,0,0
1785439100.153,8148,23.9,28.03,94.0,44.0,61.23,30.18,-111.8,165.0,-3.0,16.1,58.92,-58.92,152.92,-2.032,-2.996,-2.996,0.0,-66.9,60.0,-2.996,0.0,36.0,28.03,1.88,1.52,26.78,94.0,58.92,142.13,1,1,116,87,0,1,0,0,1,1,1,0,0,0,1,1,0,9,0,0,0
1785439100.153,8209,27.4,31.27,79.0,49.0,54.97,21.55,-120.9,165.0,-3.0,13.4,56.86,-56.86,135.86,-2.198,-2.991,-2.991,0.0,-127.7,60.0,-2.991,0.0,36.0,31.27,1.58,1.06,18.92,79.0,56.86,134.68,1,1,111,87,0,1,0,0,1,1,1,0,0,0,2,1,0,9,0,0,0
1785439100.205,8269,30.0,33.34,63.0,53.0,48.65,13.92,-131.9,165.0,-3.0,10.0,54.14,-54.14,117.14,-2.398,-2.977,-2.977,0.0,-166.5,60.0,-2.977,0.0,36.0,33.34,1.26,0.63,12.03,63.0,54.14,126.7,1,1,105,88,0,1,0,0,1,1,1,0,0,0,3,1,0,9,0,0,0
1785439100.278,8329,31.3,33.64,41.0,57.0,40.49,6.24,-139.2,165.0,-3.0,7.8,49.42,-49.42,90.42,-2.531,-2.92,-2.92,0.0,-221.2,60.0,-2.92,0.0,36.0,33.64,0.82,0.32,5.09,41.0,49.42,115.59,1,1,101,90,0,1,0,0,1,1,1,0,0,0,3,1,0,9,0,0,0
1785439100.347,8389,31.4,31.78,11.0,35.0,32.5,0.65,-144.8,165.0,-3.0,6.1,43.17,-43.17,54.17,-2.632,-2.577,-2.577,0.0,-305.9,60.0,-2.577,0.0,36.0,31.78,0.22,0.07,0.37,11.0,43.17,103.56,1,1,98,100,0,1,0,0,1,1,1,0,0,0,3,1,0,9,0,0,0
1785439100.404,8449,30.9,30.9,-2.0,39.0,29.82,-0.98,-144.8,165.0,3.0,93.9,40.66,-40.66,38.66,-2.632,-2.178,-2.178,0.0,-281.8,26.7,-2.178,0.0,36.0,30.9,-0.07,-0.71,-0.2,8.07,40.66,99.2,1,1,98,112,0,0,0,0,0,1,0,0,0,0,3,1,0,9,0,0,0
1785439100.472,8509,29.7,29.7,-14.0,43.0,26.11,-3.26,-139.2,165.0,3.0,92.2,36.84,-36.84,22.84,-2.531,-1.488,-1.488,0.0,-260.7,27.1,-1.488,0.0,36.0,29.7,-0.31,-1.78,-1.18,19.72,36.84,92.82,1,1,101,133,0,0,0,0,0,1,0,0,0,0,2,1,0,9,0,0,0
1785439100.565,8569,28.1,27.2,-21.0,43.0,22.06,-4.67,-122.7,165.0,3.0,87.2,32.2,-32.2,11.2,-2.231,-0.781,-0.781,0.0,-213.7,27.9,-0.781,0.0,36.0,27.2,-0.44,-2.22,-2.01,25.74,32.2,85.32,1,1,110,155,0,0,0,0,1,1,1,0,0,0,1,1,0,9,0,0,0
1785439100.565,8629,24.3,20.94,-51.0,66.0,4.83,-14.64,-106.3,165.0,3.0,82.2,7.69,-7.69,-43.31,-1.932,2.323,2.323,0.0,-302.5,60.0,1.646,0.0,36.0,20.94,-1.04,-4.49,-9.11,54.84,7.69,39.91,1,1,119,238,0,1,0,0,1,1,1,0,1,0,2,1,0,9,0,0,0
1785439100.623,8689,15.6,12.75,-84.0,34.0,-20.52,-30.25,-68.7,165.0,3.0,70.8,30.3,30.3,-114.3,-1.248,2.974,2.974,0.0,-384.9,60.0,2.974,0.0,36.0,12.75,-1.69,-6.09,-22.46,86.09,30.3,82.29,1,1,140,291,0,1,0,0,1,1,1,0,0,0,2,1,0,9,0,0,0
1785439100.692,8749,10.6,7.22,-89.0,38.0,-27.36,-31.44,-28.7,165.0,3.0,58.7,38.17,38.17,-127.17,-0.523,2.986,2.986,0.0,-294.5,60.0,2.986,0.0,36.0,7.22,-1.79,-5.27,-24.39,89.7,38.17,95.01,1,1,163,291,0,1,0,0,1,1,1,0,0,0,1,1,0,9,0,0,0
1785439100.753,8810,4.5,-0.04,-101.0,45.0,-41.61,-37.79,6.5,165.0,3.0,48.0,50.15,50.15,-151.15,0.119,2.996,2.996,0.0,-263.8,60.0,2.996,0.0,36.0,-0.04,-2.02,-4.85,-30.92,101.0,50.15,117.17,1,1,184,292,0,1,0,0,1,1,1,0,0,0,1,1,0,9,0,0,0
1785439100.823,8870,-2.9,-8.86,-117.0,51.0,-61.74,-48.07,45.3,165.0,3.0,36.3,59.06,59.06,-176.06,0.823,2.999,2.999,0.0,-255.8,60.0,2.999,0.0,36.0,-8.86,-2.34,-4.25,-41.49,117.0,59.06,142.73,1,1,208,292,0,1,0,0,1,1,1,0,0,0,2,1,0,9,0,0,0
1785439100.894,8930,-9.3,-15.56,-116.0,54.0,-66.58,-46.38,71.7,165.0,3.0,28.3,60.28,60.28,-176.28,1.303,2.999,2.999,0.0,-171.8,60.0,2.999,0.0,36.0,-15.56,-2.32,-3.28,-40.78,116.0,60.28,148.22,1,1,225,292,0,1,0,0,1,1,1,0,0,0,2,1,0,9,0,0,0
1785439100.950,8990,-20.3,-24.36,-127.0,32.0,-84.05,-54.26,91.2,165.0,3.0,22.4,62.96,62.96,-189.96,1.658,2.999,2.999,0.0,-171.3,60.0,2.999,0.0,36.0,-24.36,-2.54,-2.84,-48.88,127.0,62.96,166.53,1,1,238,292,0,1,0,0,1,1,1,0,0,0,3,1,0,9,0,0,0
1785439101.042,9050,-26.6,-31.12,-119.0,38.0,-83.19,-47.34,108.5,165.0,3.0,17.1,62.87,62.87,-181.87,1.973,2.999,2.999,0.0,-70.6,60.0,2.999,0.0,35.0,-31.12,-2.38,-2.04,-42.92,119.0,62.87,165.67,1,1,250,292,0,1,0,0,1,1,1,0,0,0,3,1,0,9,0,0,0
1785439101.042,9112,-31.7,-36.33,-103.0,45.0,-75.51,-35.62,120.0,165.0,3.0,13.6,61.92,61.92,-164.92,2.182,2.998,2.998,0.0,32.6,60.0,2.998,0.0,35.0,-36.33,-2.06,-1.41,-32.15,103.0,61.92,157.84,1,1,258,292,0,1,0,0,1,1,1,0,0,0,3,1,0,9,0,0,0
1785439101.102,9172,-36.5,-41.0,-92.0,49.0,-72.29,-28.44,131.0,165.0,3.0,10.3,61.4,61.4,-153.4,2.381,2.996,2.996,0.0,88.4,60.0,2.996,0.0,35.0,-41.0,-1.84,-0.95,-25.65,92.0,61.4,154.44,1,1,266,292,0,1,0,0,1,1,1,0,0,0,3,1,0,9,0,0,0
1785439101.172,9232,-40.5,-44.92,-82.0,54.0,-69.85,-22.66,139.1,165.0,3.0,7.9,60.96,60.96,-142.96,2.528,2.993,2.993,0.0,107.1,60.0,2.993,0.0,35.0,-44.92,-1.64,-0.64,-20.38,82.0,60.96,151.82,1,1,272,292,0,1,0,0,1,1,1,0,0,0,3,1,0,9,0,0,0
1785439101.241,9292,-43.4,-44.88,-45.0,33.0,-52.91,-7.3,145.8,165.0,3.0,5.8,56.05,56.05,-101.05,2.651,2.952,2.952,0.0,267.8,60.0,2.952,0.0,35.0,-44.88,-0.9,-0.26,-6.14,45.0,56.05,132.13,1,1,277,290,0,1,0,0,1,1,1,0,0,0,3,1,0,9,0,0,0
1785439101.301,9352,-43.8,-44.61,-22.0,37.0,-46.82,-2.01,149.9,165.0,3.0,4.6,53.21,53.21,-75.21,2.725,2.837,2.837,0.0,311.7,60.0,2.837,0.0,35.0,-44.61,-0.44,-0.1,-1.47,22.0,53.21,124.29,1,1,280,285,0,1,0,0,1,1,1,0,0,0,3,1,0,9,0,0,0
1785439101.368,9413,-43.3,-43.3,-2.0,45.0,-43.37,-0.06,151.1,165.0,3.0,4.2,51.25,51.25,-53.25,2.748,2.56,2.56,0.0,317.4,23.8,2.56,0.0,35.0,-43.3,-0.04,-0.01,-0.01,2.0,51.25,119.62,1,1,281,273,0,0,0,0,0,1,0,0,0,0,3,1,0,9,0,0,0
1785439101.459,9473,-41.9,-41.9,15.0,53.0,-37.91,3.63,145.8,165.0,-3.0,94.2,47.58,47.58,-32.58,2.651,1.951,1.951,0.0,302.0,24.1,1.951,0.0,35.0,-41.9,0.33,1.94,1.35,21.14,47.58,111.84,1,1,277,249,0,0,0,0,0,1,0,0,0,0,3,1,0,9,0,0,0
1785439101.459,9533,-38.5,-36.05,43.0,57.0,-22.55,12.27,132.3,165.0,-3.0,90.1,32.78,32.78,10.22,2.406,-0.716,-0.716,0.0,343.0,60.0,-0.716,0.0,35.0,-36.05,0.89,4.32,7.07,48.3,32.78,86.26,1,1,267,157,0,1,0,0,1,1,1,0,0,0,3,1,0,9,0,0,0
1785439101.520,9593,-31.8,-29.18,75.0,35.0,0.21,26.71,104.3,165.0,-3.0,81.6,0.33,-0.33,75.33,1.895,-2.838,-2.838,0.0,405.6,60.0,-2.838,0.0,35.0,-29.18,1.52,6.41,18.79,78.73,0.33,8.27,1,1,247,92,0,1,0,0,1,1,1,0,0,0,3,1,0,9,0,0,0
1785439101.590,9653,-26.2,-22.17,96.0,42.0,19.76,38.12,70.2,165.0,-3.0,71.3,29.34,-29.34,125.34,1.275,-2.985,-2.985,0.0,398.0,60.0,-2.985,0.0,35.0,-22.17,1.93,6.99,29.2,98.15,29.34,80.74,1,1,224,88,0,1,0,0,1,1,1,0,0,0,3,1,0,9,0,0,0
1785439101.659,9714,-19.0,-13.27,117.0,49.0,43.55,51.66,35.8,165.0,-3.0,60.9,51.37,-51.37,168.37,0.651,-2.998,-2.998,0.0,386.5,60.0,-2.998,0.0,35.0,-13.27,2.35,7.18,42.14,117.91,51.37,119.88,1,1,202,87,0,1,0,0,1,1,1,0,0,0,3,1,0,9,0,0,0
1785439101.719,9774,-12.2,-5.5,122.0,55.0,53.31,53.46,-5.1,165.0,-3.0,48.5,56.22,-56.22,178.22,-0.092,-2.999,-2.999,0.0,286.6,60.0,-2.999,0.0,35.0,-5.5,2.44,5.91,45.11,122.0,56.22,132.63,1,1,177,87,0,1,0,0,1,1,1,0,0,0,3,1,0,9,0,0,0
1785439101.786,9834,-2.0,1.99,125.0,32.0,62.23,54.76,-35.6,165.0,-3.0,39.2,59.2,-59.2,184.2,-0.646,-2.999,-2.999,0.0,221.0,60.0,-2.999,0.0,35.0,1.99,2.5,4.9,47.36,125.0,59.2,143.29,1,1,159,87,0,1,0,0,1,1,1,0,0,0,2,1,0,9,0,0,0
1785439101.879,9894,4.0,8.4,119.0,37.0,62.39,49.09,-60.0,165.0,-3.0,31.8,59.24,-59.24,178.24,-1.09,-2.999,-2.999,0.0,123.5,60.0,-2.999,0.0,35.0,8.4,2.38,3.79,42.92,119.0,59.24,143.48,1,1,145,87,0,1,0,0,1,1,1,0,0,0,2,1,0,9,0,0,0
1785439101.879,9954,10.5,15.33,118.0,41.0,67.72,47.62,-79.4,165.0,-3.0,25.9,60.52,-60.52,178.52,-1.443,-2.999,-2.999,0.0,78.2,60.0,-2.999,0.0,35.0,15.33,2.36,3.06,42.2,118.0,60.52,149.48,1,1,134,87,0,1,0,0,1,1,1,0,0,0,1,1,0,9,0,0,0
1785439101.939,10016,15.4,20.04,101.0,46.0,58.49,34.96,-99.1,165.0,-3.0,20.0,58.09,-58.09,159.09,-1.801,-2.997,-2.997,0.0,-44.9,60.0,-2.997,0.0,35.0,20.04,2.02,2.02,30.92,101.0,58.09,138.92,1,1,123,87,0,1,0,0,1,1,1,0,0,0,3,1,0,9,0,0,0
1785439102.009,10076,20.9,26.0,100.0,51.0,63.25,33.87,-113.6,165.0,-3.0,15.6,59.47,-59.47,159.47,-2.065,-2.997,-2.997,0.0,-36.8,60.0,-2.997,0.0,36.6,26.0,2.0,1.56,30.31,100.0,59.47,144.46,1,1,115,87,0,1,0,0,1,1,1,0,0,0,2,1,0,9,0,0,0
1785439102.071,10136,23.9,28.0,76.0,54.0,49.95,19.96,-124.6,165.0,-3.0,12.3,54.76,-54.76,130.76,-2.265,-2.988,-2.988,0.0,-142.5,60.0,-2.988,0.0,36.6,28.0,1.52,0.93,17.51,76.0,54.76,128.38,1,1,109,88,0,1,0,0,1,1,1,0,0,0,2,1,0,9,0,0,0
1785439102.137,10196,28.0,30.0,59.0,34.0,43.56,12.32,-131.9,165.0,-3.0,10.0,51.37,-51.37,110.37,-2.398,-2.969,-2.969,0.0,-188.7,60.0,-2.969,0.0,36.6,30.0,1.18,0.59,10.55,59.0,51.37,119.88,1,1,105,88,0,1,0,0,1,1,1,0,0,0,1,1,0,9,0,0,0
1785439102.205,10256,29.0,30.6,41.0,39.0,37.43,6.21,-141.0,165.0,-3.0,7.3,47.23,-47.23,88.23,-2.564,-2.911,-2.911,0.0,-230.0,60.0,-2.911,0.0,36.6,30.6,0.82,0.3,5.09,41.0,47.23,111.13,1,1,100,90,0,1,0,0,1,1,1,0,0,0,2,1,0,9,0,0,0
1785439102.296,10317,29.6,30.79,26.0,46.0,33.8,2.73,-144.8,165.0,-3.0,6.1,44.3,-44.3,70.3,-2.632,-2.796,-2.796,0.0,-237.1,60.0,-2.796,0.0,36.6,30.79,0.52,0.16,2.05,26.0,44.3,105.6,1,1,98,93,0,1,0,0,1,1,1,0,0,0,2,1,0,9,0,0,0
1785439102.296,10377,29.1,29.1,9.0,50.0,29.63,0.48,-144.8,165.0,-3.0,6.1,40.47,-40.47,49.47,-2.632,-2.48,-2.48,0.0,-245.0,60.0,-2.48,0.0,36.6,29.1,0.18,0.06,0.25,9.0,40.47,98.87,1,1,98,103,0,1,0,0,0,1,0,0,0,0,1,1,0,9,0,0,0
1785439102.356,10437,27.5,27.5,-10.0,56.0,24.88,-2.38,-139.2,165.0,3.0,92.2,35.48,-35.48,25.48,-2.531,-1.625,-1.625,0.0,-259.6,27.8,-1.625,0.0,36.6,27.5,-0.23,-1.41,-0.75,15.72,35.48,90.6,1,1,101,128,0,0,0,0,0,1,0,0,0,0,1,1,0,9,0,0,0
1785439102.426,10497,22.3,20.96,-42.0,32.0,8.2,-11.6,-124.6,165.0,3.0,87.7,12.95,-12.95,-29.05,-2.265,1.797,1.797,0.0,-345.6,60.0,1.267,0.0,36.6,20.96,-0.86,-4.08,-6.65,46.84,12.95,52.02,1,1,109,224,0,1,0,0,1,1,1,0,0,0,2,1,0,9,0,0,0
1785439102.487,10557,19.2,17.39,-49.0,37.0,2.99,-13.09,-86.6,165.0,3.0,76.2,4.77,-4.77,-44.23,-1.573,2.349,2.349,0.0,-275.8,60.0,2.349,0.0,36.6,17.39,-1.0,-3.94,-8.15,51.87,4.77,31.39,1,1,130,265,0,1,0,0,1,1,1,0,0,0,1,1,0,9,0,0,0
1785439102.556,10618,13.2,9.86,-76.0,44.0,-17.31,-24.7,-49.5,165.0,3.0,65.0,26.13,26.13,-102.13,-0.9,2.954,2.954,0.0,-318.3,60.0,2.954,0.0,36.6,9.86,-1.53,-5.03,-18.14,77.36,26.13,75.56,1,1,151,290,0,1,0,0,1,1,1,0,0,0,1,1,0,9,0,0,0
1785439102.626,10678,7.9,3.64,-87.0,49.0,-28.58,-29.29,-6.8,165.0,3.0,52.0,39.43,39.43,-126.43,-0.123,2.985,2.985,0.0,-278.2,60.0,2.985,0.0,36.6,3.64,-1.74,-4.54,-23.02,87.14,39.43,97.11,1,1,176,291,0,1,0,0,1,1,1,0,0,0,2,1,0,9,0,0,0
1785439102.685,10738,0.7,-5.29,-111.0,54.0,-53.83,-44.12,29.4,165.0,3.0,41.1,56.42,56.42,-167.42,0.535,2.998,2.998,0.0,-313.2,60.0,2.998,0.0,36.6,-5.29,-2.22,-4.56,-37.34,111.0,56.42,133.26,1,1,198,292,0,1,0,0,1,1,1,0,0,0,2,1,0,9,0,0,0
1785439102.776,10798,-9.0,-12.94,-116.0,34.0,-64.43,-46.81,59.4,165.0,3.0,32.0,59.77,59.77,-175.77,1.08,2.999,2.999,0.0,-237.0,60.0,2.999,0.0,36.6,-12.94,-2.32,-3.71,-40.78,116.0,59.77,145.81,1,1,217,292,0,1,0,0,1,1,1,0,0,0,1,1,0,9,0,0,0
1785439102.776,10858,-15.4,-20.19,-117.0,41.0,-71.63,-46.77,82.2,165.0,3.0,25.1,61.29,61.29,-178.29,1.494,2.999,2.999,0.0,-164.5,60.0,2.999,0.0,36.6,-20.19,-2.34,-2.94,-41.49,117.0,61.29,153.74,1,1,232,292,0,1,0,0,1,1,1,0,0,0,3,1,0,9,0,0,0
1785439102.837,10920,-21.4,-26.66,-112.0,47.0,-73.43,-42.52,98.5,165.0,3.0,20.1,61.59,61.59,-173.59,1.791,2.998,2.998,0.0,-84.9,60.0,2.998,0.0,36.6,-26.66,-2.24,-2.26,-38.02,112.0,61.59,155.65,1,1,243,292,0,1,0,0,1,1,1,0,0,0,3,1,0,9,0,0,0
1785439102.905,10980,-27.9,-34.03,-118.0,52.0,-84.99,-46.32,115.7,165.0,3.0,14.9,63.05,63.05,-181.05,2.103,2.999,2.999,0.0,-90.1,60.0,2.999,0.0,36.6,-34.03,-2.36,-1.76,-42.2,118.0,63.05,167.45,1,1,255,292,0,1,0,0,1,1,1,0,0,0,3,1,0,9,0,0,0
1785439102.975,11040,-34.7,-37.55,-92.0,31.0,-68.96,-28.56,126.9,165.0,3.0,11.5,60.78,60.78,-152.78,2.307,2.996,2.996,0.0,73.4,60.0,2.996,0.0,36.0,-37.55,-1.84,-1.06,-25.65,92.0,60.78,150.84,1,1,263,292,0,1,0,0,1,1,1,0,0,0,3,1,0,9,0,0,0
1785439103.035,11100,-37.8,-40.14,-67.0,35.0,-57.22,-15.53,136.4,165.0,3.0,8.7,57.67,57.67,-124.67,2.479,2.984,2.984,0.0,191.9,60.0,2.984,0.0,36.0,-40.14,-1.34,-0.58,-13.61,67.0,57.67,137.4,1,1,270,291,0,1,0,0,1,1,1,0,0,0,3,1,0,9,0,0,0
1785439103.104,11160,-40.6,-42.86,-58.0,39.0,-55.8,-11.76,141.8,165.0,3.0,7.0,57.17,57.17,-115.17,2.578,2.975,2.975,0.0,180.6,60.0,2.975,0.0,36.0,-42.86,-1.16,-0.41,-10.2,58.0,57.17,135.69,1,1,274,291,0,1,0,0,1,1,1,0,0,0,3,1,0,9,0,0,0
1785439103.197,11222,-41.8,-43.45,-36.0,46.0,-48.76,-4.83,148.5,165.0,3.0,5.0,54.19,54.19,-90.19,2.701,2.919,2.919,0.0,240.5,60.0,2.919,0.0,36.0,-43.45,-0.72,-0.18,-3.93,36.0,54.19,126.84,1,1,279,288,0,1,0,0,1,1,1,0,0,0,3,1,0,9,0,0,0
1785439103.197,11282,-41.9,-42.59,-14.0,49.0,-43.61,-0.93,151.1,165.0,3.0,4.2,51.4,51.4,-65.4,2.748,2.745,2.745,0.0,281.6,60.0,2.745,0.0,36.0,-42.59,-0.28,-0.06,-0.59,14.0,51.4,119.95,1,1,281,281,0,1,0,0,1,1,1,0,0,0,3,1,0,9,0,0,0
1785439103.253,11342,-40.8,-40.8,7.0,55.0,-38.66,1.94,149.9,165.0,-3.0,95.4,48.14,48.14,-41.14,2.725,2.258,2.258,0.0,296.9,24.3,2.258,0.0,36.0,-40.8,0.17,1.23,0.54,13.4,48.14,112.95,1,1,280,261,0,0,0,0,0,1,0,0,0,0,3,1,0,9,0,0,0
1785439103.324,11402,-36.5,-35.07,42.0,34.0,-21.63,12.22,141.8,165.0,-3.0,93.0,31.67,31.67,10.33,2.578,-0.724,-0.724,0.0,382.5,60.0,0.062,0.0,36.0,-35.07,0.87,4.41,6.95,47.88,31.67,84.47,1,1,274,182,0,1,0,0,1,1,1,0,0,0,3,1,0,9,0,0,0
1785439103.385,11462,-32.2,-29.52,67.0,40.0,-4.33,22.91,117.1,165.0,-3.0,85.5,6.9,6.9,60.1,2.129,-2.676,-2.676,0.0,405.6,60.0,-2.644,0.0,36.0,-29.52,1.36,6.08,15.46,71.42,6.9,37.79,1,1,256,98,0,1,0,0,1,1,1,0,0,0,3,1,0,9,0,0,0
1785439103.456,11523,-26.6,-22.33,91.0,47.0,16.84,35.61,85.2,165.0,-3.0,75.8,25.5,-25.5,116.5,1.549,-2.977,-2.977,0.0,413.6,60.0,-2.977,0.0,36.0,-22.33,1.84,7.1,26.67,93.8,25.5,74.55,1,1,234,88,0,1,0,0,1,1,1,0,0,0,3,1,0,9,0,0,0
1785439103.521,11583,-20.2,-14.48,108.0,53.0,35.33,45.28,45.3,165.0,-3.0,63.7,45.57,-45.57,153.57,0.823,-2.996,-2.996,0.0,367.5,60.0,-2.996,0.0,36.0,-14.48,2.17,6.96,36.15,109.22,45.57,107.96,1,1,208,87,0,1,0,0,1,1,1,0,0,0,3,1,0,9,0,0,0
1785439103.580,11643,-13.9,-7.46,113.0,57.0,44.17,46.94,6.5,165.0,-3.0,52.0,51.73,-51.73,164.73,0.119,-2.998,-2.998,0.0,279.0,60.0,-2.998,0.0,36.0,-7.46,2.26,5.88,38.8,113.14,51.73,120.72,1,1,184,87,0,1,0,0,1,1,1,0,0,0,3,1,0,9,0,0,0
1785439103.580,11703,-3.6,0.32,119.0,33.0,55.69,50.34,-25.4,165.0,-3.0,42.3,57.13,-57.13,176.13,-0.461,-2.999,-2.999,0.0,214.0,60.0,-2.999,0.0,36.0,0.32,2.38,5.04,42.92,119.0,57.13,135.55,1,1,165,87,0,1,0,0,1,1,1,0,0,0,1,1,0,9,0,0,0
1785439103.673,11763,3.4,8.07,123.0,38.0,65.88,52.55,-51.2,165.0,-3.0,34.5,60.12,-60.12,183.12,-0.932,-2.999,-2.999,0.0,169.9,60.0,-2.999,0.0,36.0,8.07,2.46,4.24,45.85,123.0,60.12,147.43,1,1,150,87,0,1,0,0,1,1,1,0,0,0,1,1,0,9,0,0,0
1785439103.742,11824,9.8,15.24,121.0,45.0,70.46,50.2,-72.2,165.0,-3.0,28.1,61.07,-61.07,182.07,-1.313,-2.999,-2.999,0.0,105.6,60.0,-2.999,0.0,36.0,15.24,2.42,3.4,44.37,121.0,61.07,152.47,1,1,138,87,0,1,0,0,1,1,1,0,0,0,1,1,0,9,0,0,0
1785439103.803,11884,15.3,20.69,110.0,49.0,66.06,41.25,-93.7,165.0,-3.0,21.6,60.16,-60.16,170.16,-1.704,-2.998,-2.998,0.0,5.2,60.0,-2.998,0.0,36.0,20.69,2.2,2.38,36.67,110.0,60.16,147.63,1,1,126,87,0,1,0,0,1,1,1,0,0,0,2,1,0,9,0,0,0
1785439103.872,11944,19.6,24.88,96.0,55.0,59.53,31.51,-108.1,165.0,-3.0,17.2,58.42,-58.42,154.42,-1.965,-2.996,-2.996,0.0,-59.9,60.0,-2.996,0.0,36.0,24.88,1.92,1.66,27.93,96.0,58.42,140.15,1,1,118,87,0,1,0,0,1,1,1,0,0,0,1,1,0,9,0,0,0
1785439103.931,12004,24.9,27.13,72.0,31.0,47.05,18.11,-120.9,165.0,-3.0,13.4,53.33,-53.33,125.33,-2.198,-2.985,-2.985,0.0,-170.7,60.0,-2.985,0.0,36.0,27.13,1.44,0.96,15.71,72.0,53.33,124.6,1,1,111,88,0,1,0,0,1,1,1,0,0,0,1,1,0,9,0,0,0
1785439104.001,12064,28.4,30.77,66.0,36.0,47.52,15.22,-130.0,165.0,-3.0,10.6,53.57,-53.57,119.57,-2.365,-2.98,-2.98,0.0,-152.6,60.0,-2.98,0.0,37.0,30.77,1.32,0.7,13.2,66.0,53.57,125.21,1,1,106,88,0,1,0,0,1,1,1,0,0,0,2,1,0,9,0,0,0
1785439104.089,12125,30.2,32.07,48.0,39.0,41.25,8.34,-137.4,165.0,-3.0,8.4,49.92,-49.92,97.92,-2.498,-2.944,-2.944,0.0,-206.5,60.0,-2.944,0.0,37.0,32.07,0.96,0.4,6.98,48.0,49.92,116.66,1,1,102,89,0,1,0,0,1,1,1,0,0,0,2,1,0,9,0,0,0
1785439104.090,12185,30.8,32.01,27.0,45.0,35.24,2.93,-142.9,165.0,-3.0,6.7,45.5,-45.5,72.5,-2.598,-2.816,-2.816,0.0,-251.1,60.0,-2.816,0.0,37.0,32.01,0.54,0.18,2.21,27.0,45.5,107.82,1,1,99,93,0,1,0,0,1,1,1,0,0,0,3,1,0,9,0,0,0
1785439104.160,12245,30.4,30.4,7.0,48.0,30.76,0.33,-146.6,165.0,-3.0,5.6,41.56,-41.56,48.56,-2.666,-2.459,-2.459,0.0,-275.8,60.0,-2.459,0.0,37.0,30.4,0.14,0.04,0.15,7.0,41.56,100.74,1,1,97,103,0,1,0,0,0,1,0,0,0,0,2,1,0,9,0,0,0
1785439104.219,12305,29.4,29.4,-7.0,52.0,27.4,-1.81,-141.0,165.0,3.0,92.7,38.22,-38.22,31.22,-2.564,-1.893,-1.893,0.0,-257.2,27.2,-1.893,0.0,37.0,29.4,-0.17,-1.15,-0.5,12.83,38.22,95.09,1,1,100,120,0,0,0,0,0,1,0,0,0,0,2,1,0,9,0,0,0
1785439104.290,12365,27.9,27.9,-17.0,58.0,23.72,-3.8,-130.0,165.0,3.0,89.4,34.15,-34.15,17.15,-2.365,-1.161,-1.161,0.0,-224.3,27.7,-1.161,0.0,37.0,27.9,-0.37,-1.95,-1.49,22.16,34.15,88.46,1,1,106,143,0,0,0,0,0,1,0,0,0,0,1,1,0,9,0,0,0
1785439104.350,12426,21.4,19.7,-50.0,34.0,3.99,-14.28,-108.1,165.0,3.0,82.8,6.37,-6.37,-43.63,-1.965,2.332,2.332,0.0,-307.5,60.0,2.332,0.0,37.0,19.7,-1.02,-4.44,-8.82,53.93,6.37,36.3,1,1,118,264,0,1,0,0,1,1,1,0,0,0,2,1,0,9,0,0,0
1785439104.417,12486,16.5,13.88,-71.0,37.0,-10.87,-22.5,-61.7,165.0,3.0,68.7,16.99,16.99,-87.99,-1.122,2.91,2.91,0.0,-333.4,60.0,2.91,0.0,37.0,13.88,-1.43,-5.0,-16.07,72.81,16.99,59.89,1,1,144,288,0,1,0,0,1,1,1,0,0,0,2,1,0,9,0,0,0
1785439104.507,12546,12.0,8.65,-78.0,43.0,-18.52,-24.7,-22.0,165.0,3.0,56.7,27.73,27.73,-105.73,-0.4,2.961,2.961,0.0,-265.0,60.0,2.961,0.0,37.0,8.65,-1.56,-4.45,-18.68,78.51,27.73,78.16,1,1,167,290,0,1,0,0,1,1,1,0,0,0,1,1,0,9,0,0,0
1785439104.508,12606,5.6,0.95,-97.0,48.0,-37.36,-34.83,16.3,165.0,3.0,45.0,47.17,47.17,-144.17,0.297,2.994,2.994,0.0,-284.7,60.0,2.994,0.0,37.0,0.95,-1.94,-4.37,-28.52,97.0,47.17,111.03,1,1,190,292,0,1,0,0,1,1,1,0,0,0,2,1,0,9,0,0,0
1785439104.569,12666,-0.5,-6.22,-106.0,54.0,-50.13,-39.92,48.4,165.0,3.0,35.3,54.84,54.84,-160.84,0.88,2.997,2.997,0.0,-240.4,60.0,2.997,0.0,37.0,-6.22,-2.12,-3.75,-34.05,106.0,54.84,128.61,1,1,210,292,0,1,0,0,1,1,1,0,0,0,2,1,0,9,0,0,0
1785439104.639,12727,-11.5,-15.62,-125.0,33.0,-74.35,-53.39,71.7,165.0,3.0,28.3,61.74,61.74,-186.74,1.303,2.999,2.999,0.0,-266.3,60.0,2.999,0.0,37.0,-15.62,-2.5,-3.54,-47.36,125.0,61.74,156.63,1,1,225,292,0,1,0,0,1,1,1,0,0,0,3,1,0,9,0,0,0
1785439104.699,12787,-17.6,-22.27,-120.0,39.0,-75.7,-48.57,95.7,165.0,3.0,21.0,61.94,61.94,-181.94,1.739,2.999,2.999,0.0,-156.3,60.0,2.999,0.0,37.0,-22.27,-2.4,-2.52,-43.64,120.0,61.94,158.04,1,1,241,292,0,1,0,0,1,1,1,0,0,0,3,1,0,9,0,0,0
1785439104.768,12847,-22.9,-27.67,-106.0,45.0,-69.35,-37.9,111.4,165.0,3.0,16.2,60.86,60.86,-166.86,2.025,2.998,2.998,0.0,-34.1,60.0,2.998,0.0,37.0,-27.67,-2.12,-1.72,-34.05,106.0,60.86,151.27,1,1,252,292,0,1,0,0,1,1,1,0,0,0,3,1,0,9,0,0,0
1785439104.835,12907,-28.1,-33.04,-101.0,49.0,-70.65,-34.19,124.2,165.0,3.0,12.4,61.11,61.11,-162.11,2.258,2.997,2.997,0.0,-5.8,60.0,2.997,0.0,37.0,-33.04,-2.02,-1.25,-30.92,101.0,61.11,152.68,1,1,261,292,0,1,0,0,1,1,1,0,0,0,3,1,0,9,0,0,0
1785439104.897,12967,-32.4,-36.95,-86.0,53.0,-64.4,-24.95,133.7,165.0,3.0,9.5,59.76,59.76,-145.76,2.43,2.994,2.994,0.0,70.9,60.0,2.994,0.0,37.0,-36.95,-1.72,-0.82,-22.42,86.0,59.76,145.77,1,1,268,292,0,1,0,0,1,1,1,0,0,0,3,1,0,9,0,0,0
1785439104.986,13028,-36.9,-38.88,-60.0,33.0,-52.69,-12.56,140.4,165.0,3.0,7.4,55.96,55.96,-115.96,2.553,2.976,2.976,0.0,190.1,60.0,2.976,0.0,37.0,-38.88,-1.2,-0.45,-10.91,60.0,55.96,131.85,1,1,273,291,0,1,0,0,1,1,1,0,0,0,3,1,0,9,0,0,0
1785439104.986,13088,-37.6,-38.92,-33.0,40.0,-43.49,-4.15,145.8,165.0,3.0,5.8,51.33,51.33,-84.33,2.651,2.894,2.894,0.0,278.3,60.0,2.894,0.0,35.6,-38.92,-0.66,-0.19,-3.3,33.0,51.33,119.78,1,1,277,287,0,1,0,0,1,1,1,0,0,0,3,1,0,9,0,0,0
1785439105.055,13148,-37.4,-37.4,-10.0,42.0,-38.0,-0.55,149.9,165.0,3.0,4.6,47.65,47.65,-57.65,2.725,2.638,2.638,0.0,318.2,60.0,2.638,0.0,35.6,-37.4,-0.2,-0.05,-0.3,10.0,47.65,111.98,1,1,280,276,0,1,0,0,0,1,0,0,0,0,3,1,0,9,0,0,0
1785439105.116,13208,-36.4,-36.4,7.0,47.0,-34.29,1.92,148.5,165.0,-3.0,95.0,44.71,44.71,-37.71,2.701,2.146,2.146,0.0,304.3,25.3,2.146,0.0,35.6,-36.4,0.17,1.21,0.54,13.31,44.71,106.36,1,1,279,257,0,0,0,0,0,1,0,0,0,0,3,1,0,9,0,0,0
1785439105.186,13268,-35.0,-35.0,18.0,53.0,-30.31,4.26,140.4,165.0,-3.0,92.6,41.13,41.13,-23.13,2.553,1.503,1.503,0.0,261.2,25.6,1.503,0.0,35.6,-35.0,0.39,2.16,1.72,23.8,41.13,100.0,1,1,273,232,0,0,0,0,0,1,0,0,0,0,3,1,0,9,0,0,0
1785439105.246,13329,-32.2,-29.84,40.0,59.0,-17.9,10.86,125.6,165.0,-3.0,88.0,26.92,26.92,13.08,2.283,-0.905,-0.905,0.0,290.0,60.0,-0.905,0.0,35.6,-29.84,0.83,3.92,6.11,44.9,26.92,76.85,1,1,262,151,0,1,0,0,1,1,1,0,0,0,3,1,0,9,0,0,0
1785439105.314,13389,-24.1,-21.09,86.0,35.0,14.87,32.7,91.2,165.0,-3.0,77.6,22.79,-22.79,108.79,1.658,-2.966,-2.966,0.0,441.4,60.0,-2.966,0.0,35.6,-21.09,1.74,6.9,24.05,89.09,22.79,70.05,1,1,238,88,0,1,0,0,1,1,1,0,0,0,3,1,0,9,0,0,0
1785439105.401,13449,-18.3,-14.3,100.0,40.0,29.62,39.94,53.1,165.0,-3.0,66.1,40.47,-40.47,140.47,0.966,-2.993,-2.993,0.0,383.5,60.0,-2.993,0.0,35.6,-14.3,2.01,6.71,31.22,101.49,40.47,98.86,1,1,213,87,0,1,0,0,1,1,1,0,0,0,3,1,0,9,0,0,0
1785439105.402,13509,-12.0,-7.05,110.0,45.0,42.65,45.19,16.3,165.0,-3.0,55.0,50.81,-50.81,160.81,0.297,-2.997,-2.997,0.0,321.0,60.0,-2.997,0.0,35.6,-7.05,2.2,6.06,36.92,110.37,50.81,118.63,1,1,190,87,0,1,0,0,1,1,1,0,0,0,3,1,0,9,0,0,0
1785439105.465,13569,-4.9,0.93,119.0,49.0,56.63,50.64,-16.9,165.0,-3.0,44.9,57.46,-57.46,176.46,-0.307,-2.999,-2.999,0.0,260.4,60.0,-2.999,0.0,35.6,0.93,2.38,5.34,42.92,119.0,57.46,136.69,1,1,170,87,0,1,0,0,1,1,1,0,0,0,1,1,0,9,0,0,0
1785439105.535,13630,1.4,7.55,114.0,54.0,58.04,45.9,-42.5,165.0,-3.0,37.1,57.94,-57.94,171.94,-0.773,-2.998,-2.998,0.0,149.9,60.0,-2.998,0.0,35.6,7.55,2.28,4.23,39.39,114.0,57.94,138.38,1,1,155,87,0,1,0,0,1,1,1,0,0,0,2,1,0,9,0,0,0
1785439105.594,13690,8.3,15.2,119.0,58.0,68.85,48.77,-68.7,165.0,-3.0,29.2,60.76,-60.76,179.76,-1.248,-2.999,-2.999,0.0,126.5,60.0,-2.999,0.0,35.6,15.2,2.38,3.47,42.92,119.0,60.76,150.72,1,1,140,87,0,1,0,0,1,1,1,0,0,0,2,1,0,9,0,0,0
1785439105.664,13750,17.4,21.5,114.0,36.0,70.25,44.32,-88.3,165.0,-3.0,23.2,61.03,-61.03,175.03,-1.606,-2.999,-2.999,0.0,61.5,60.0,-2.999,0.0,35.6,21.5,2.28,2.65,39.39,114.0,61.03,152.24,1,1,129,87,0,1,0,0,1,1,1,0,0,0,1,1,0,9,0,0,0
1785439105.724,13810,21.9,25.91,98.0,41.0,62.07,32.87,-104.4,165.0,-3.0,18.4,59.15,-59.15,157.15,-1.899,-2.997,-2.997,0.0,-48.4,60.0,-2.997,0.0,35.6,25.91,1.96,1.8,29.11,98.0,59.15,143.1,1,1,120,87,0,1,0,0,1,1,1,0,0,0,2,1,0,9,0,0,0
1785439105.791,13870,24.6,28.24,76.0,48.0,50.38,20.13,-117.2,165.0,-3.0,14.5,54.96,-54.96,130.96,-2.132,-2.988,-2.988,0.0,-148.3,60.0,-2.988,0.0,35.6,28.24,1.52,1.1,17.51,76.0,54.96,128.93,1,1,113,88,0,1,0,0,1,1,1,0,0,0,2,1,0,9,0,0,0
1785439105.882,13931,28.6,32.65,75.0,54.0,54.02,19.43,-126.4,165.0,-3.0,11.7,56.49,-56.49,131.49,-2.298,-2.989,-2.989,0.0,-107.1,60.0,-2.989,0.0,35.6,32.65,1.5,0.88,17.05,75.0,56.49,133.5,1,1,108,87,0,1,0,0,1,1,1,0,0,0,2,1,0,9,0,0,0
1785439105.882,13991,31.2,32.76,46.0,34.0,41.28,7.74,-135.5,165.0,-3.0,8.9,49.94,-49.94,95.94,-2.464,-2.938,-2.938,0.0,-226.9,60.0,-2.938,0.0,35.6,32.76,0.92,0.41,6.41,46.0,49.94,116.7,1,1,103,89,0,1,0,0,1,1,1,0,0,0,3,1,0,9,0,0,0
1785439105.952,14051,31.6,32.46,22.0,39.0,34.72,2.05,-142.9,165.0,-3.0,6.7,45.07,-45.07,67.07,-2.598,-2.764,-2.764,0.0,-288.7,60.0,-2.764,0.0,37.0,32.46,0.44,0.15,1.47,22.0,45.07,107.03,1,1,99,94,0,1,0,0,1,1,1,0,0,0,3,1,0,9,0,0,0
1785439106.011,14111,31.3,31.3,5.0,44.0,31.53,0.21,-142.9,165.0,-3.0,6.7,42.28,-42.28,47.28,-2.598,-2.429,-2.429,0.0,-285.3,26.6,-2.429,0.0,37.0,31.3,0.1,0.03,0.08,5.0,42.28,102.0,1,1,99,104,0,0,0,0,0,1,0,0,0,0,3,1,0,9,0,0,0
1785439106.082,14171,30.5,30.5,-7.0,47.0,28.5,-1.81,-141.0,165.0,3.0,92.7,39.35,-39.35,32.35,-2.564,-1.941,-1.941,0.0,-260.1,26.9,-1.941,0.0,37.0,30.5,-0.17,-1.15,-0.5,12.83,39.35,96.98,1,1,100,119,0,0,0,0,0,1,0,0,0,0,3,1,0,9,0,0,0
1785439106.142,14232,29.1,29.1,-19.0,54.0,24.24,-4.42,-135.5,165.0,3.0,91.1,34.75,-34.75,15.75,-2.464,-1.075,-1.075,0.0,-240.9,27.3,-1.075,0.0,37.0,29.1,-0.41,-2.19,-1.82,24.49,34.75,89.43,1,1,103,145,0,0,0,0,0,1,0,0,0,0,2,1,0,9,0,0,0
1785439106.209,14292,26.5,24.53,-34.0,58.0,15.36,-8.34,-113.6,165.0,3.0,84.4,23.47,-23.47,-10.53,-2.065,0.737,0.737,0.0,-239.1,60.0,0.737,0.0,37.0,24.53,-0.7,-3.2,-4.43,38.23,23.47,71.19,1,1,115,205,0,1,0,0,1,1,1,0,0,0,1,1,0,9,0,0,0
1785439106.300,14352,19.8,17.6,-63.0,35.0,-3.38,-19.07,-77.6,165.0,3.0,73.5,5.39,5.39,-68.39,-1.411,2.778,2.778,0.0,-306.0,60.0,2.778,0.0,37.0,17.6,-1.28,-4.81,-12.99,65.46,5.39,33.39,1,1,135,282,0,1,0,0,1,1,1,0,0,0,1,1,0,9,0,0,0
1785439106.300,14412,14.5,11.3,-80.0,40.0,-17.77,-26.43,-37.3,165.0,3.0,61.3,26.75,26.75,-106.75,-0.678,2.963,2.963,0.0,-304.0,60.0,2.963,0.0,37.0,11.3,-1.61,-4.96,-19.86,80.96,26.75,76.58,1,1,158,290,0,1,0,0,1,1,1,0,0,0,2,1,0,9,0,0,0
1785439106.360,14472,8.6,4.23,-95.0,46.0,-33.12,-33.96,1.6,165.0,3.0,49.5,43.71,43.71,-138.71,0.03,2.992,2.992,0.0,-293.2,60.0,2.992,0.0,37.0,4.23,-1.9,-4.7,-27.35,95.0,43.71,104.53,1,1,181,292,0,1,0,0,1,1,1,0,0,0,2,1,0,9,0,0,0
1785439106.430,14533,2.4,-3.06,-105.0,52.0,-46.7,-39.68,34.3,165.0,3.0,39.6,53.14,53.14,-158.14,0.623,2.997,2.997,0.0,-250.2,60.0,2.997,0.0,37.0,-3.06,-2.1,-4.16,-33.42,105.0,53.14,124.13,1,1,201,292,0,1,0,0,1,1,1,0,0,0,1,1,0,9,0,0,0
1785439106.500,14593,-3.7,-9.69,-107.0,56.0,-53.7,-40.01,67.2,165.0,3.0,29.7,56.37,56.37,-163.37,1.221,2.997,2.997,0.0,-183.5,60.0,2.997,0.0,37.0,-9.69,-2.14,-3.17,-34.7,107.0,56.37,133.11,1,1,222,292,0,1,0,0,1,1,1,0,0,0,1,1,0,9,0,0,0
1785439106.560,14653,-14.2,-18.19,-121.0,33.0,-72.76,-49.61,88.2,165.0,3.0,23.3,61.48,61.48,-182.48,1.604,2.999,2.999,0.0,-197.4,60.0,2.999,0.0,37.0,-18.19,-2.42,-2.82,-44.37,121.0,61.48,154.94,1,1,236,292,0,1,0,0,1,1,1,0,0,0,3,1,0,9,0,0,0
1785439106.628,14713,-20.0,-24.52,-116.0,39.0,-74.28,-45.24,104.3,165.0,3.0,18.4,61.73,61.73,-177.73,1.895,2.999,2.999,0.0,-111.7,60.0,2.999,0.0,37.0,-24.52,-2.32,-2.14,-40.78,116.0,61.73,156.55,1,1,247,292,0,1,0,0,1,1,1,0,0,0,3,1,0,9,0,0,0
1785439106.690,14773,-24.9,-29.53,-103.0,45.0,-68.76,-35.66,118.6,165.0,3.0,14.1,60.74,60.74,-163.74,2.156,2.998,2.998,0.0,-14.6,60.0,2.998,0.0,37.0,-29.53,-2.06,-1.45,-32.15,103.0,60.74,150.62,1,1,257,292,0,1,0,0,1,1,1,0,0,0,3,1,0,9,0,0,0
1785439106.779,14835,-29.8,-34.63,-93.0,52.0,-66.69,-29.15,126.9,165.0,3.0,11.5,60.3,60.3,-153.3,2.307,2.996,2.996,0.0,41.9,60.0,2.996,0.0,37.0,-34.63,-1.86,-1.07,-26.21,93.0,60.3,148.34,1,1,263,292,0,1,0,0,1,1,1,0,0,0,3,1,0,9,0,0,0
1785439106.779,14895,-33.1,-37.33,-73.0,58.0,-57.37,-18.21,137.7,165.0,3.0,8.3,57.72,57.72,-130.72,2.504,2.988,2.988,0.0,127.7,60.0,2.988,0.0,37.0,-37.33,-1.46,-0.6,-16.15,73.0,57.72,137.58,1,1,271,291,0,1,0,0,1,1,1,0,0,0,3,1,0,9,0,0,0
1785439106.849,14955,-35.9,-37.36,-43.0,34.0,-44.76,-6.73,144.5,165.0,3.0,6.2,52.08,52.08,-95.08,2.627,2.936,2.936,0.0,241.1,60.0,2.936,0.0,37.0,-37.36,-0.86,-0.27,-5.6,43.0,52.08,121.53,1,1,276,289,0,1,0,0,1,1,1,0,0,0,3,1,0,9,0,0,0
1785439106.907,15015,-36.3,-37.1,-21.0,38.0,-39.14,-1.85,149.9,165.0,3.0,4.6,48.47,48.47,-69.47,2.725,2.788,2.788,0.0,287.4,60.0,2.788,0.0,37.0,-37.1,-0.42,-0.1,-1.34,21.0,48.47,113.63,1,1,280,283,0,1,0,0,1,1,1,0,0,0,3,1,0,9,0,0,0
1785439106.978,15075,-35.6,-35.6,-1.0,44.0,-35.63,-0.03,149.9,165.0,3.0,4.6,45.82,45.82,-46.82,2.725,2.417,2.417,0.0,300.8,25.5,2.417,0.0,36.0,-35.6,-0.02,-0.0,-0.0,1.0,45.82,108.42,1,1,280,267,0,0,0,0,0,1,0,0,0,0,3,1,0,9,0,0,0
1785439107.038,15135,-33.9,-33.9,18.0,47.0,-29.11,4.35,144.5,165.0,-3.0,93.8,39.96,39.96,-21.96,2.627,1.44,1.44,0.0,305.4,25.9,1.492,0.0,36.0,-33.9,0.39,2.21,1.75,24.05,39.96,98.01,1,1,276,232,0,0,0,0,0,1,0,0,0,0,3,1,0,9,0,0,0
1785439107.104,15195,-30.0,-27.5,50.0,50.0,-11.04,14.96,125.6,165.0,-3.0,88.0,17.25,17.25,32.75,2.283,-1.958,-1.958,0.0,377.2,60.0,-1.477,0.0,36.0,-27.5,1.03,4.8,9.13,54.9,17.25,60.36,1,1,262,133,0,1,0,0,1,1,1,0,0,0,3,1,0,9,0,0,0
1785439107.196,15255,-25.4,-21.59,72.0,53.0,5.37,24.51,94.2,165.0,-3.0,78.6,8.55,-8.55,80.55,1.713,-2.873,-2.873,0.0,370.2,60.0,-2.873,0.0,36.0,-21.59,1.46,5.9,17.15,75.23,8.55,42.1,1,1,240,91,0,1,0,0,1,1,1,0,0,0,3,1,0,9,0,0,0
1785439107.196,15315,-19.7,-14.31,93.0,58.0,24.65,35.42,57.9,165.0,-3.0,67.5,35.22,-35.22,128.22,1.052,-2.987,-2.987,0.0,359.7,60.0,-2.987,0.0,36.0,-14.31,1.87,6.39,27.16,94.66,35.22,90.19,1,1,216,88,0,1,0,0,1,1,1,0,0,0,3,1,0,9,0,0,0
1785439107.266,15375,-9.4,-5.46,116.0,34.0,49.57,50.03,21.2,165.0,-3.0,56.4,54.58,-54.58,170.58,0.386,-2.998,-2.998,0.0,365.5,60.0,-2.998,0.0,36.0,-5.46,2.32,6.57,41.13,116.49,54.58,127.89,1,1,193,87,0,1,0,0,1,1,1,0,0,0,2,1,0,9,0,0,0
1785439107.326,15436,-3.4,1.0,113.0,39.0,51.96,46.32,-8.5,165.0,-3.0,47.4,55.65,-55.65,168.65,-0.154,-2.998,-2.998,0.0,236.9,60.0,-2.998,0.0,36.0,1.0,2.26,5.36,38.7,113.0,55.65,130.93,1,1,175,87,0,1,0,0,1,1,1,0,0,0,1,1,0,9,0,0,0
1785439107.396,15496,2.9,7.8,114.0,43.0,58.29,45.9,-42.5,165.0,-3.0,37.1,58.02,-58.02,172.02,-0.773,-2.998,-2.998,0.0,171.2,60.0,-2.998,0.0,36.0,7.8,2.28,4.23,39.39,114.0,58.02,138.68,1,1,155,87,0,1,0,0,1,1,1,0,0,0,1,1,0,9,0,0,0
1785439107.455,15556,9.8,15.34,118.0,47.0,68.29,48.13,-65.2,165.0,-3.0,30.3,60.64,-60.64,178.64,-1.185,-2.999,-2.999,0.0,132.0,60.0,-2.999,0.0,36.0,15.34,2.36,3.57,42.2,118.0,60.64,150.1,1,1,142,87,0,1,0,0,1,1,1,0,0,0,1,1,0,9,0,0,0
1785439107.525,15616,15.4,20.85,107.0,51.0,64.24,39.44,-84.8,165.0,-3.0,24.3,59.72,-59.72,166.72,-1.541,-2.998,-2.998,0.0,33.0,60.0,-2.998,0.0,36.0,20.85,2.14,2.6,34.7,107.0,59.72,145.58,1,1,131,87,0,1,0,0,1,1,1,0,0,0,2,1,0,9,0,0,0
1785439107.614,15676,20.7,26.35,101.0,56.0,64.74,34.9,-100.9,165.0,-3.0,19.4,59.85,-59.85,160.85,-1.834,-2.997,-2.997,0.0,-8.5,60.0,-2.997,0.0,36.0,26.35,2.02,1.96,30.92,101.0,59.85,146.15,1,1,122,87,0,1,0,0,1,1,1,0,0,0,2,1,0,9,0,0,0
1785439107.614,15737,24.9,30.48,90.0,62.0,61.0,27.75,-113.6,165.0,-3.0,15.6,58.85,-58.85,148.85,-2.065,-2.995,-2.995,0.0,-58.0,60.0,-2.995,0.0,36.0,30.48,1.8,1.4,24.55,90.0,58.85,141.87,1,1,115,87,0,1,0,0,1,1,1,0,1,1,1,1,0,10,0,0,0
1785439107.675,15797,29.3,32.13,69.0,41.0,50.4,16.62,-126.4,165.0,-3.0,11.7,54.97,-54.97,123.97,-2.298,-2.984,-2.984,0.0,-153.0,60.0,-2.984,0.0,36.0,32.13,1.38,0.81,14.43,69.0,54.97,128.96,1,1,108,88,0,1,0,0,1,1,1,0,0,0,2,1,0,10,0,0,0
1785439107.743,15857,31.2,33.35,49.0,44.0,42.95,8.72,-133.7,165.0,-3.0,9.5,51.0,-51.0,100.0,-2.431,-2.949,-2.949,0.0,-212.3,60.0,-2.949,0.0,36.0,33.35,0.98,0.46,7.28,49.0,51.0,119.04,1,1,104,89,0,1,0,0,1,1,1,0,0,0,3,1,0,10,0,0,0
1785439107.812,15917,31.8,33.05,26.0,48.0,36.06,2.74,-142.9,165.0,-3.0,6.7,46.17,-46.17,72.17,-2.598,-2.813,-2.813,0.0,-265.5,60.0,-2.813,0.0,36.0,33.05,0.52,0.17,2.05,26.0,46.17,109.08,1,1,99,93,0,1,0,0,1,1,1,0,0,0,3,1,0,10,0,0,0
1785439107.872,15977,31.7,31.7,8.0,53.0,32.14,0.4,-144.8,165.0,-3.0,6.1,42.84,-42.84,50.84,-2.632,-2.51,-2.51,0.0,-270.9,60.0,-2.51,0.0,36.0,31.7,0.16,0.05,0.19,8.0,42.84,102.98,1,1,98,102,0,1,0,0,0,1,0,0,0,0,3,1,0,10,0,0,0
1785439107.940,16037,30.9,30.9,-6.0,57.0,29.11,-1.63,-141.0,165.0,3.0,92.7,39.96,-39.96,33.96,-2.564,-2.006,-2.006,0.0,-254.5,26.7,-2.006,0.0,36.0,30.9,-0.15,-1.05,-0.42,11.83,39.96,98.0,1,1,100,117,0,0,0,0,0,1,0,0,0,0,3,1,0,10,0,0,0
1785439108.029,16097,28.8,28.07,-22.0,33.0,22.47,-5.1,-130.0,165.0,3.0,89.4,32.68,-32.68,10.68,-2.365,-0.747,-0.747,0.0,-259.6,27.6,-0.8,0.0,35.7,28.07,-0.47,-2.4,-2.24,27.16,32.68,86.1,1,1,106,154,0,0,0,0,1,1,1,0,0,0,2,1,0,10,0,0,0
1785439108.029,16157,24.6,22.9,-50.0,34.0,6.96,-14.49,-113.6,165.0,3.0,84.4,11.03,-11.03,-38.97,-2.065,2.189,2.189,0.0,-341.0,60.0,0.827,0.0,35.7,22.9,-1.02,-4.56,-8.91,54.23,11.03,47.93,1,1,115,208,0,1,0,0,1,1,1,0,0,0,2,1,0,10,0,0,0
1785439108.090,16217,20.3,17.74,-64.0,40.0,-3.86,-19.64,-79.4,165.0,3.0,74.1,6.15,6.15,-70.15,-1.443,2.795,2.795,0.0,-311.0,60.0,2.795,0.0,35.7,17.74,-1.3,-4.92,-13.42,66.54,6.15,35.68,1,1,134,283,0,1,0,0,1,1,1,0,0,0,2,1,0,10,0,0,0
1785439108.161,16277,13.7,9.88,-91.0,42.0,-26.7,-33.26,-40.8,165.0,3.0,62.4,37.48,37.48,-128.48,-0.742,2.987,2.987,0.0,-362.8,60.0,2.987,0.0,35.7,9.88,-1.83,-5.74,-25.69,92.07,37.48,93.86,1,1,156,291,0,1,0,0,1,1,1,0,0,0,2,1,0,10,0,0,0
1785439108.221,16338,8.3,3.98,-94.0,46.0,-32.95,-33.57,-5.1,165.0,3.0,51.5,43.56,43.56,-137.56,-0.092,2.991,2.991,0.0,-265.6,60.0,2.991,0.0,35.7,3.98,-1.88,-4.85,-26.84,94.11,43.56,104.26,1,1,177,292,0,1,0,0,1,1,1,0,0,0,2,1,0,10,0,0,0
1785439108.291,16398,0.8,-4.94,-115.0,50.0,-56.52,-46.88,35.8,165.0,3.0,39.1,57.42,57.42,-172.42,0.651,2.998,2.998,0.0,-299.5,60.0,2.998,0.0,35.7,-4.94,-2.3,-4.5,-40.08,115.0,57.42,136.56,1,1,202,292,0,1,0,0,1,1,1,0,0,0,3,1,0,10,0,0,0
1785439108.350,16458,-6.1,-12.4,-119.0,53.0,-66.23,-48.94,64.1,165.0,3.0,30.6,60.2,60.2,-179.2,1.166,2.999,2.999,0.0,-224.6,60.0,2.999,0.0,35.7,-12.4,-2.38,-3.64,-42.92,119.0,60.2,147.83,1,1,220,292,0,1,0,0,1,1,1,0,0,0,1,1,0,10,0,0,0
1785439108.418,16518,-12.7,-19.59,-121.0,57.0,-74.22,-49.67,86.7,165.0,3.0,23.7,61.72,61.72,-182.72,1.576,2.999,2.999,0.0,-168.4,60.0,2.999,0.0,35.7,-19.59,-2.42,-2.87,-44.37,121.0,61.72,156.49,1,1,235,292,0,1,0,0,1,1,1,0,0,0,3,1,0,10,0,0,0
1785439108.510,16578,-22.1,-26.12,-115.0,35.0,-75.07,-44.5,104.3,165.0,3.0,18.4,61.85,61.85,-176.85,1.895,2.999,2.999,0.0,-83.4,60.0,2.999,0.0,35.7,-26.12,-2.3,-2.12,-40.08,115.0,61.85,157.38,1,1,247,292,0,1,0,0,1,1,1,0,0,0,3,1,0,10,0,0,0
1785439108.510,16640,-27.6,-31.84,-106.0,40.0,-73.37,-37.76,115.7,165.0,3.0,14.9,61.58,61.58,-167.58,2.103,2.998,2.998,0.0,-11.9,60.0,2.998,0.0,35.7,-31.84,-2.12,-1.58,-34.05,106.0,61.58,155.59,1,1,255,292,0,1,0,0,1,1,1,0,0,0,3,1,0,10,0,0,0
1785439108.569,16700,-32.1,-36.19,-93.0,44.0,-68.17,-29.07,129.6,165.0,3.0,10.7,60.62,60.62,-153.62,2.356,2.996,2.996,0.0,53.9,60.0,2.996,0.0,35.7,-36.19,-1.86,-1.0,-26.21,93.0,60.62,149.97,1,1,265,292,0,1,0,0,1,1,1,0,0,0,3,1,0,10,0,0,0
1785439108.639,16760,-36.4,-40.16,-80.0,47.0,-63.98,-21.66,137.7,165.0,3.0,8.3,59.66,59.66,-139.66,2.504,2.992,2.992,0.0,112.2,60.0,2.992,0.0,35.7,-40.16,-1.6,-0.66,-19.4,80.0,59.66,145.29,1,1,271,292,0,1,0,0,1,1,1,0,0,0,3,1,0,10,0,0,0
1785439108.698,16820,-38.3,-40.85,-51.0,50.0,-50.99,-9.22,144.5,165.0,3.0,6.2,55.23,55.23,-106.23,2.627,2.962,2.962,0.0,229.4,60.0,2.962,0.0,35.7,-40.85,-1.02,-0.32,-7.88,51.0,55.23,129.71,1,1,276,290,0,1,0,0,1,1,1,0,0,0,3,1,0,10,0,0,0
1785439108.769,16880,-40.2,-42.55,-42.0,56.0,-49.57,-6.38,149.9,165.0,3.0,4.6,54.58,54.58,-96.58,2.725,2.94,2.94,0.0,200.7,60.0,2.94,0.0,35.7,-42.55,-0.84,-0.19,-5.35,42.0,54.58,127.88,1,1,280,289,0,1,0,0,1,1,1,0,0,0,3,1,0,10,0,0,0
1785439108.829,16941,-40.5,-40.94,-12.0,37.0,-41.74,-0.73,151.1,165.0,3.0,4.2,50.24,50.24,-62.24,2.748,2.705,2.705,0.0,296.9,60.0,2.705,0.0,35.7,-40.94,-0.24,-0.05,-0.44,12.0,50.24,117.36,1,1,281,279,0,1,0,0,1,1,1,0,0,0,3,1,0,10,0,0,0
1785439108.896,17001,-38.6,-38.6,16.0,43.0,-34.22,3.98,151.1,165.0,-3.0,95.8,44.66,44.66,-28.66,2.748,1.779,1.779,0.0,357.6,24.8,1.838,0.0,35.7,-38.6,0.35,2.1,1.53,22.48,44.66,106.25,1,1,281,245,0,0,0,0,0,1,0,0,0,0,3,1,0,10,0,0,0
1785439108.987,17061,-35.8,-34.03,37.0,48.0,-22.82,10.19,139.1,165.0,-3.0,92.1,33.1,33.1,3.9,2.528,-0.278,-0.278,0.0,349.6,60.0,-0.278,0.0,36.0,-34.03,0.77,3.89,5.53,42.71,33.1,86.76,1,1,272,171,0,1,0,0,1,1,1,0,0,0,3,1,0,10,0,0,0
1785439108.987,17121,-31.2,-27.65,67.0,53.0,-2.77,22.62,111.4,165.0,-3.0,83.8,4.42,4.42,62.58,2.025,-2.71,-2.71,0.0,404.9,60.0,-2.554,0.0,36.0,-27.65,1.36,5.93,15.33,71.11,4.42,30.22,1,1,252,100,0,1,0,0,1,1,1,0,0,0,3,1,0,10,0,0,0
1785439109.059,17181,-25.8,-21.49,83.0,52.0,11.61,30.09,77.7,165.0,-3.0,73.5,18.09,-18.09,101.09,1.412,-2.952,-2.952,0.0,368.4,60.0,-2.952,0.0,36.0,-21.49,1.68,6.28,22.14,85.47,18.09,61.9,1,1,229,89,0,1,0,0,1,1,1,0,0,0,3,1,0,10,0,0,0
1785439109.118,17243,-19.2,-13.49,102.0,56.0,31.42,40.83,43.7,165.0,-3.0,63.2,42.18,-42.18,144.18,0.794,-2.994,-2.994,0.0,343.1,60.0,-2.994,0.0,36.0,-13.49,2.05,6.52,32.26,103.16,42.18,101.81,1,1,207,87,0,1,0,0,1,1,1,0,0,0,3,1,0,10,0,0,0
1785439109.188,17303,-11.5,-4.25,123.0,59.0,55.76,54.55,1.6,165.0,-3.0,50.5,57.15,-57.15,180.15,0.03,-2.999,-2.999,0.0,338.6,60.0,-2.999,0.0,36.0,-4.25,2.46,6.21,45.88,123.03,57.15,135.63,1,1,181,87,0,1,0,0,1,1,1,0,0,0,2,1,0,10,0,0,0
1785439109.247,17363,-2.2,1.7,115.0,34.0,53.48,47.07,-30.4,165.0,-3.0,40.8,56.28,-56.28,171.28,-0.553,-2.998,-2.998,0.0,192.5,60.0,-2.998,0.0,36.0,1.7,2.3,4.69,40.08,115.0,56.28,132.84,1,1,162,87,0,1,0,0,1,1,1,0,0,0,1,1,0,10,0,0,0
1785439109.315,17423,4.5,9.06,117.0,39.0,61.57,47.74,-54.7,165.0,-3.0,33.4,59.02,-59.02,176.02,-0.995,-2.999,-2.999,0.0,141.2,60.0,-2.999,0.0,36.0,9.06,2.34,3.91,41.49,117.0,59.02,142.53,1,1,148,87,0,1,0,0,1,1,1,0,0,0,1,1,0,10,0,0,0
1785439109.408,17483,11.0,15.91,117.0,42.0,67.6,46.99,-75.8,165.0,-3.0,27.0,60.5,-60.5,177.5,-1.378,-2.999,-2.999,0.0,100.9,60.0,-2.999,0.0,36.0,15.91,2.34,3.16,41.49,117.0,60.5,149.34,1,1,136,87,0,1,0,0,1,1,1,0,0,0,2,1,0,10,0,0,0
1785439109.408,17545,16.4,21.8,108.0,50.0,65.69,39.9,-91.9,165.0,-3.0,22.1,60.07,-60.07,168.07,-1.671,-2.998,-2.998,0.0,21.6,60.0,-2.998,0.0,36.0,21.8,2.16,2.39,35.35,108.0,60.07,147.22,1,1,127,87,0,1,0,0,1,1,1,0,0,0,2,1,0,10,0,0,0
1785439109.467,17605,21.2,26.08,94.0,52.0,59.34,30.23,-109.9,165.0,-3.0,16.7,58.35,-58.35,152.35,-1.998,-2.996,-2.996,0.0,-54.2,60.0,-2.996,0.0,36.0,26.08,1.88,1.57,26.78,94.0,58.35,139.92,1,1,117,87,0,1,0,0,1,1,1,0,0,0,2,1,0,10,0,0,0
1785439109.537,17665,24.2,28.21,73.0,55.0,48.66,18.59,-120.9,165.0,-3.0,13.4,54.14,-54.14,127.14,-2.198,-2.986,-2.986,0.0,-141.9,60.0,-2.986,0.0,36.0,28.21,1.46,0.98,16.15,73.0,54.14,126.7,1,1,111,88,0,1,0,0,1,1,1,0,0,0,2,1,0,10,0,0,0
1785439109.596,17725,28.5,30.39,59.0,32.0,43.98,12.36,-130.0,165.0,-3.0,10.6,51.62,-51.62,110.62,-2.365,-2.969,-2.969,0.0,-175.9,60.0,-2.969,0.0,36.0,30.39,1.18,0.62,10.55,59.0,51.62,120.46,1,1,106,88,0,1,0,0,1,1,1,0,0,0,2,1,0,10,0,0,0
1785439109.667,17785,29.8,31.35,42.0,37.0,38.54,6.54,-137.4,165.0,-3.0,8.4,48.05,-48.05,90.05,-2.498,-2.919,-2.919,0.0,-216.7,60.0,-2.919,0.0,36.0,31.35,0.84,0.35,5.35,42.0,48.05,112.77,1,1,102,90,0,1,0,0,1,1,1,0,0,0,2,1,0,10,0,0,0
1785439109.734,17846,30.2,31.12,22.0,42.0,33.38,2.05,-142.9,165.0,-3.0,6.7,43.94,-43.94,65.94,-2.598,-2.751,-2.751,0.0,-253.5,60.0,-2.751,0.0,36.0,31.12,0.44,0.15,1.47,22.0,43.94,104.95,1,1,99,94,0,1,0,0,1,1,1,0,0,0,3,1,0,10,0,0,0
1785439109.825,17906,29.8,29.8,6.0,44.0,30.1,0.27,-142.9,165.0,-3.0,6.7,40.93,-40.93,46.93,-2.598,-2.42,-2.42,0.0,-256.5,60.0,-2.42,0.0,36.0,29.8,0.12,0.04,0.11,6.0,40.93,99.65,1,1,99,104,0,1,0,0,0,1,0,0,0,0,2,1,0,10,0,0,0
1785439109.825,17966,28.6,28.6,-8.0,48.0,26.39,-2.01,-141.0,165.0,3.0,92.7,37.14,-37.14,29.14,-2.564,-1.801,-1.801,0.0,-245.5,27.4,-1.801,0.0,36.0,28.6,-0.19,-1.24,-0.58,13.83,37.14,93.31,1,1,100,123,0,0,0,0,0,1,0,0,0,0,1,1,0,10,0,0,0
1785439109.884,18026,24.4,22.31,-41.0,51.0,9.84,-11.33,-128.2,165.0,3.0,88.9,15.45,-15.45,-25.55,-2.331,1.629,1.629,0.0,-355.0,60.0,-0.178,0.0,36.0,22.31,-0.85,-4.06,-6.43,46.06,15.45,56.99,1,1,107,174,0,1,0,0,1,1,1,0,0,0,2,1,0,10,0,0,0
1785439109.955,18086,20.6,18.05,-51.0,50.0,2.09,-14.51,-102.6,165.0,3.0,81.1,3.35,-3.35,-47.65,-1.866,2.438,2.438,0.0,-293.6,60.0,2.438,0.0,35.0,18.05,-1.04,-4.42,-9.05,54.65,3.35,26.28,1,1,121,268,0,1,0,0,1,1,1,0,0,0,2,1,0,10,0,0,0
1785439110.015,18147,16.1,12.3,-68.0,56.0,-10.97,-21.15,-66.9,165.0,3.0,70.3,17.13,17.13,-85.13,-1.217,2.898,2.898,0.0,-285.6,60.0,2.898,0.0,35.0,12.3,-1.37,-4.92,-14.86,70.02,17.13,60.16,1,1,141,287,0,1,0,0,1,1,1,0,0,0,2,1,0,10,0,0,0
1785439110.084,18207,6.9,3.86,-95.0,32.0,-34.51,-34.89,-20.3,165.0,3.0,56.1,44.9,44.9,-139.9,-0.369,2.992,2.992,0.0,-332.1,60.0,2.992,0.0,35.0,3.86,-1.9,-5.36,-27.62,95.47,44.9,106.71,1,1,168,292,0,1,0,0,1,1,1,0,0,0,2,1,0,10,0,0,0
1785439110.144,18267,0.1,-3.68,-108.0,35.0,-50.23,-42.32,18.0,165.0,3.0,44.6,54.89,54.89,-162.89,0.327,2.997,2.997,0.0,-297.7,60.0,2.997,0.0,35.0,-3.68,-2.16,-4.81,-35.35,108.0,54.89,128.74,1,1,191,292,0,1,0,0,1,1,1,0,0,0,2,1,0,10,0,0,0
1785439110.213,18327,-6.9,-11.61,-118.0,40.0,-65.16,-48.67,50.0,165.0,3.0,34.9,59.95,59.95,-177.95,0.909,2.999,2.999,0.0,-261.9,60.0,2.999,0.0,35.0,-11.61,-2.36,-4.11,-42.2,118.0,59.95,146.62,1,1,211,292,0,1,0,0,1,1,1,0,0,0,1,1,0,10,0,0,0
1785439110.305,18387,-14.4,-19.86,-127.0,43.0,-80.25,-54.9,74.7,165.0,3.0,27.4,62.55,62.55,-189.55,1.357,2.999,2.999,0.0,-231.6,60.0,2.999,0.0,35.0,-19.86,-2.54,-3.48,-48.88,127.0,62.55,162.72,1,1,227,292,0,1,0,0,1,1,1,0,0,0,3,1,0,10,0,0,0
1785439110.305,18449,-21.0,-27.07,-124.0,49.0,-84.11,-51.86,91.2,165.0,3.0,22.4,62.96,62.96,-186.96,1.658,2.999,2.999,0.0,-150.5,60.0,2.999,0.0,35.0,-27.07,-2.48,-2.77,-46.6,124.0,62.96,166.59,1,1,238,292,0,1,0,0,1,1,1,0,0,0,3,1,0,10,0,0,0
1785439110.364,18509,-27.4,-33.48,-117.0,52.0,-83.84,-45.78,110.0,165.0,3.0,16.7,62.94,62.94,-179.94,1.999,2.999,2.999,0.0,-67.1,60.0,2.999,0.0,35.0,-33.48,-2.34,-1.95,-41.49,117.0,62.94,166.32,1,1,251,292,0,1,0,0,1,1,1,0,0,0,3,1,0,10,0,0,0
1785439110.433,18569,-32.8,-38.62,-104.0,56.0,-78.43,-36.19,122.8,165.0,3.0,12.8,62.32,62.32,-166.32,2.234,2.998,2.998,0.0,17.7,60.0,2.998,0.0,35.0,-38.62,-2.08,-1.33,-32.78,104.0,62.32,160.86,1,1,260,292,0,1,0,0,1,1,1,0,0,0,3,1,0,10,0,0,0
1785439110.493,18629,-39.2,-41.87,-81.0,33.0,-66.41,-22.31,132.3,165.0,3.0,9.9,60.24,60.24,-141.24,2.406,2.993,2.993,0.0,134.5,60.0,2.993,0.0,35.0,-41.87,-1.62,-0.8,-19.89,81.0,60.24,148.02,1,1,267,292,0,1,0,0,1,1,1,0,0,0,3,1,0,10,0,0,0
1785439110.567,18689,-42.5,-44.98,-67.0,37.0,-61.97,-15.44,140.4,165.0,3.0,7.4,59.13,59.13,-126.13,2.553,2.985,2.985,0.0,174.7,60.0,2.985,0.0,35.0,-44.98,-1.34,-0.5,-13.61,67.0,59.13,142.99,1,1,273,291,0,1,0,0,1,1,1,0,0,0,3,1,0,10,0,0,0
1785439110.632,18751,-44.1,-45.99,-43.0,44.0,-53.36,-6.7,147.2,165.0,3.0,5.4,56.23,56.23,-99.23,2.676,2.947,2.947,0.0,246.9,60.0,2.947,0.0,35.0,-45.99,-0.86,-0.23,-5.6,43.0,56.23,132.68,1,1,278,290,0,1,0,0,1,1,1,0,0,0,3,1,0,10,0,0,0
1785439110.688,18811,-44.5,-45.55,-21.0,50.0,-47.59,-1.85,149.9,165.0,3.0,4.6,53.61,53.61,-74.61,2.725,2.833,2.833,0.0,284.7,60.0,2.833,0.0,35.0,-45.55,-0.42,-0.1,-1.34,21.0,53.61,125.3,1,1,280,285,0,1,0,0,1,1,1,0,0,0,3,1,0,10,0,0,0
1785439110.782,18871,-43.8,-43.8,0.0,54.0,-43.8,0.0,149.9,165.0,-3.0,0.0,51.51,51.51,-51.51,2.725,2.525,2.525,0.0,297.8,23.7,2.525,0.0,35.0,-43.8,0.0,0.0,0.0,0.0,51.51,120.21,1,1,280,272,0,0,0,0,0,1,0,0,0,0,3,1,0,10,0,0,0
1785439110.782,18931,-41.5,-40.77,23.0,32.0,-34.43,5.76,145.8,165.0,-3.0,94.2,44.83,44.83,-21.83,2.651,1.433,1.433,0.0,325.8,24.3,1.433,0.0,35.0,-40.77,0.49,2.7,2.57,29.14,44.83,106.58,1,1,277,230,0,0,0,0,1,1,1,0,0,0,3,1,0,10,0,0,0
1785439110.854,18991,-37.5,-35.54,53.0,37.0,-17.28,16.6,132.3,165.0,-3.0,90.1,26.09,26.09,26.91,2.406,-1.696,-1.696,0.0,387.8,60.0,-0.985,0.0,35.0,-35.54,1.09,5.22,10.3,58.3,26.09,75.5,1,1,267,148,0,1,0,0,1,1,1,0,0,0,3,1,0,10,0,0,0
1785439110.914,19053,-32.0,-28.39,84.0,43.0,7.09,32.25,105.7,165.0,-3.0,82.0,11.22,-11.22,95.22,1.921,-2.936,-2.936,0.0,437.0,60.0,-2.936,0.0,35.0,-28.39,1.7,7.18,23.37,87.81,11.22,48.35,1,1,248,89,0,1,0,0,1,1,1,0,0,0,3,1,0,10,0,0,0
1785439110.984,19113,-27.0,-22.88,86.0,48.0,11.59,31.33,65.6,165.0,-3.0,69.9,18.05,-18.05,104.05,1.193,-2.958,-2.958,0.0,305.5,60.0,-2.958,0.0,36.5,-22.88,1.73,6.14,23.45,87.97,18.05,61.83,1,1,221,88,0,1,0,0,1,1,1,0,0,0,3,1,0,10,0,0,0
1785439111.044,19173,-19.3,-13.29,118.0,51.0,44.0,52.08,29.4,165.0,-3.0,58.9,51.63,-51.63,169.63,0.535,-2.998,-2.998,0.0,366.2,60.0,-2.998,0.0,36.5,-13.29,2.37,6.99,42.72,118.72,51.63,120.49,1,1,198,87,0,1,0,0,1,1,1,0,0,0,3,1,0,10,0,0,0
1785439111.110,19233,-11.7,-4.48,129.0,56.0,60.64,59.2,-6.8,165.0,-3.0,48.0,58.75,-58.75,187.75,-0.123,-2.999,-2.999,0.0,301.9,60.0,-2.999,0.0,36.5,-4.48,2.58,6.19,50.44,129.0,58.75,141.45,1,1,176,87,0,1,0,0,1,1,1,0,0,0,2,1,0,10,0,0,0
1785439111.203,19293,-3.0,3.06,129.0,47.0,66.87,58.01,-37.3,165.0,-3.0,38.7,60.34,-60.34,189.34,-0.678,-2.999,-2.999,0.0,208.7,60.0,-2.999,0.0,36.5,3.06,2.58,4.99,50.44,129.0,60.34,148.53,1,1,158,87,0,1,0,0,1,1,1,0,0,0,1,1,0,10,0,0,0
1785439111.203,19354,5.1,10.22,125.0,41.0,69.51,53.9,-58.2,165.0,-3.0,32.4,60.89,-60.89,185.89,-1.058,-2.999,-2.999,0.0,124.7,60.0,-2.999,0.0,36.5,10.22,2.5,4.05,47.36,125.0,60.89,151.44,1,1,146,87,0,1,0,0,1,1,1,0,0,0,2,1,0,10,0,0,0
1785439111.261,19414,10.9,16.49,119.0,47.0,69.64,48.32,-81.2,165.0,-3.0,25.4,60.92,-60.92,179.92,-1.476,-2.999,-2.999,0.0,59.5,60.0,-2.999,0.0,36.5,16.49,2.38,3.02,42.92,119.0,60.92,151.58,1,1,133,87,0,1,0,0,1,1,1,0,0,0,1,1,0,10,0,0,0
1785439111.331,19474,15.9,21.57,107.0,53.0,64.44,38.98,-99.1,165.0,-3.0,20.0,59.77,-59.77,166.77,-1.801,-2.998,-2.998,0.0,-17.2,60.0,-2.998,0.0,36.5,21.57,2.14,2.14,34.7,107.0,59.77,145.82,1,1,123,87,0,1,0,0,1,1,1,0,0,0,2,1,0,10,0,0,0
1785439111.401,19534,22.9,25.69,90.0,31.0,56.21,27.75,-113.6,165.0,-3.0,15.6,57.32,-57.32,147.32,-2.065,-2.995,-2.995,0.0,-107.8,60.0,-2.995,0.0,36.5,25.69,1.8,1.4,24.55,90.0,57.32,136.19,1,1,115,87,0,1,0,0,1,1,1,0,0,0,2,1,0,10,0,0,0
1785439111.462,19594,26.4,29.24,79.0,36.0,52.9,21.51,-122.7,165.0,-3.0,12.8,56.05,-56.05,135.05,-2.231,-2.99,-2.99,0.0,-131.1,60.0,-2.99,0.0,36.5,29.24,1.58,1.01,18.92,79.0,56.05,132.11,1,1,110,87,0,1,0,0,1,1,1,0,0,0,1,1,0,10,0,0,0
1785439111.529,19656,29.4,32.28,67.0,43.0,49.46,15.62,-131.9,165.0,-3.0,10.0,54.53,-54.53,121.53,-2.398,-2.982,-2.982,0.0,-152.9,60.0,-2.982,0.0,36.5,32.28,1.34,0.67,13.61,67.0,54.53,127.74,1,1,105,88,0,1,0,0,1,1,1,0,0,0,2,1,0,10,0,0,0
1785439111.621,19716,30.5,32.61,44.0,48.0,40.38,7.07,-141.0,165.0,-3.0,7.3,49.34,-49.34,93.34,-2.564,-2.93,-2.93,0.0,-224.7,60.0,-2.93,0.0,36.5,32.61,0.88,0.32,5.87,44.0,49.34,115.43,1,1,100,89,0,1,0,0,1,1,1,0,0,0,3,1,0,10,0,0,0
1785439111.621,19776,30.9,32.14,23.0,54.0,34.57,2.2,-144.8,165.0,-3.0,6.1,44.95,-44.95,67.95,-2.632,-2.773,-2.773,0.0,-257.2,60.0,-2.773,0.0,36.5,32.14,0.46,0.14,1.6,23.0,44.95,106.79,1,1,98,94,0,1,0,0,1,1,1,0,0,0,3,1,0,10,0,0,0
1785439111.679,19836,29.9,29.9,-3.0,31.0,28.62,-1.16,-146.6,165.0,3.0,94.4,39.47,-39.47,36.47,-2.666,-2.101,-2.101,0.0,-309.7,27.0,-2.101,0.0,36.5,29.9,-0.09,-0.82,-0.26,9.19,39.47,97.17,1,1,97,114,0,0,0,0,0,1,0,0,0,0,2,1,0,10,0,0,0
1785439111.750,19896,28.3,28.3,-19.0,36.0,23.35,-4.5,-139.2,165.0,3.0,92.2,33.73,-33.73,14.73,-2.531,-1.011,-1.011,0.0,-303.4,27.5,-1.288,0.0,36.5,28.3,-0.41,-2.24,-1.85,24.72,33.73,87.78,1,1,101,139,0,0,0,0,0,1,0,0,0,0,2,1,0,10,0,0,0
1785439111.809,19957,24.6,22.76,-45.0,41.0,8.6,-12.87,-126.4,165.0,3.0,88.3,13.56,-13.56,-31.44,-2.298,1.903,1.903,0.0,-360.0,60.0,0.491,0.0,36.5,22.76,-0.93,-4.38,-7.56,49.95,13.56,53.28,1,1,108,197,0,1,0,0,1,1,1,0,0,0,2,1,0,10,0,0,0
1785439111.881,20017,20.9,18.27,-56.0,47.0,0.32,-16.32,-91.9,165.0,3.0,77.9,0.51,-0.51,-55.49,-1.671,2.601,2.601,0.0,-304.2,60.0,2.601,0.0,36.5,18.27,-1.14,-4.59,-10.59,59.12,0.51,10.22,1,1,127,275,0,1,0,0,1,1,1,0,0,0,2,1,0,10,0,0,0
1785439111.939,20077,15.7,11.7,-77.0,52.0,-16.16,-25.33,-51.2,165.0,3.0,65.5,24.57,24.57,-101.57,-0.932,2.953,2.953,0.0,-317.3,60.0,2.953,0.0,35.0,11.7,-1.55,-5.14,-18.64,78.42,24.57,73.02,1,1,150,290,0,1,0,0,1,1,1,0,0,0,2,1,0,10,0,0,0
1785439112.007,20137,10.6,5.76,-85.0,57.0,-25.37,-28.3,-11.8,165.0,3.0,53.6,36.03,36.03,-121.03,-0.215,2.981,2.981,0.0,-255.2,60.0,2.981,0.0,35.0,5.76,-1.7,-4.57,-22.03,85.26,36.03,91.5,1,1,173,291,0,1,0,0,1,1,1,0,0,0,1,1,0,10,0,0,0
1785439112.099,20197,0.6,-2.81,-110.0,31.0,-50.66,-43.5,26.2,165.0,3.0,42.1,55.08,55.08,-165.08,0.475,2.998,2.998,0.0,-313.8,60.0,2.998,0.0,35.0,-2.81,-2.2,-4.63,-36.67,110.0,55.08,129.28,1,1,196,292,0,1,0,0,1,1,1,0,0,0,2,1,0,10,0,0,0
1785439112.099,20258,-6.8,-11.11,-120.0,36.0,-66.24,-50.11,53.1,165.0,3.0,33.9,60.2,60.2,-180.2,0.966,2.999,2.999,0.0,-269.6,60.0,2.999,0.0,35.0,-11.11,-2.4,-4.07,-43.64,120.0,60.2,147.83,1,1,213,292,0,1,0,0,1,1,1,0,0,0,2,1,0,10,0,0,0
1785439112.158,20318,-14.5,-19.69,-130.0,40.0,-82.49,-57.08,82.2,165.0,3.0,25.1,62.8,62.8,-192.8,1.494,2.999,2.999,0.0,-241.9,60.0,2.999,0.0,35.0,-19.69,-2.6,-3.26,-51.22,130.0,62.8,164.97,1,1,232,292,0,1,0,0,1,1,1,0,0,0,3,1,0,10,0,0,0
1785439112.228,20378,-20.9,-26.35,-124.0,44.0,-83.03,-51.53,100.0,165.0,3.0,19.7,62.85,62.85,-186.85,1.817,2.999,2.999,0.0,-142.6,60.0,2.999,0.0,35.0,-26.35,-2.48,-2.44,-46.6,124.0,62.85,165.51,1,1,244,292,0,1,0,0,1,1,1,0,0,0,3,1,0,10,0,0,0
1785439112.287,20438,-25.9,-31.09,-106.0,49.0,-72.67,-37.8,114.3,165.0,3.0,15.4,61.47,61.47,-167.47,2.077,2.998,2.998,0.0,-10.3,60.0,2.998,0.0,35.0,-31.09,-2.12,-1.63,-34.05,106.0,61.47,154.85,1,1,254,292,0,1,0,0,1,1,1,0,0,0,3,1,0,10,0,0,0
1785439112.359,20498,-30.6,-35.38,-92.0,52.0,-66.83,-28.59,125.6,165.0,3.0,12.0,60.33,60.33,-152.33,2.283,2.996,2.996,0.0,62.5,60.0,2.996,0.0,35.0,-35.38,-1.84,-1.1,-25.65,92.0,60.33,148.49,1,1,262,292,0,1,0,0,1,1,1,0,0,0,3,1,0,10,0,0,0
1785439112.427,20560,-36.5,-38.93,-76.0,32.0,-60.62,-19.72,135.0,165.0,3.0,9.1,58.74,58.74,-134.74,2.455,2.99,2.99,0.0,129.5,60.0,2.99,0.0,35.0,-38.93,-1.52,-0.69,-17.51,76.0,58.74,141.42,1,1,269,292,0,1,0,0,1,1,1,0,0,0,3,1,0,10,0,0,0
1785439112.486,20620,-38.5,-40.41,-53.0,36.0,-51.32,-9.93,143.1,165.0,3.0,6.6,55.38,55.38,-108.38,2.602,2.966,2.966,0.0,215.2,60.0,2.966,0.0,35.0,-40.41,-1.06,-0.35,-8.51,53.0,55.38,130.13,1,1,275,290,0,1,0,0,1,1,1,0,0,0,3,1,0,10,0,0,0
1785439112.576,20680,-39.7,-41.13,-34.0,42.0,-45.93,-4.37,147.2,165.0,3.0,5.4,52.73,52.73,-86.73,2.676,2.905,2.905,0.0,252.7,60.0,2.905,0.0,35.0,-41.13,-0.68,-0.18,-3.5,34.0,52.73,123.1,1,1,278,288,0,1,0,0,1,1,1,0,0,0,3,1,0,10,0,0,0
1785439112.576,20740,-39.7,-40.31,-13.0,47.0,-41.22,-0.83,151.1,165.0,3.0,4.2,49.9,49.9,-62.9,2.748,2.714,2.714,0.0,285.4,60.0,2.714,0.0,35.0,-40.31,-0.26,-0.05,-0.51,13.0,49.9,116.62,1,1,281,280,0,1,0,0,1,1,1,0,0,0,3,1,0,10,0,0,0
1785439112.647,20800,-38.3,-38.3,11.0,51.0,-35.25,2.78,149.9,165.0,-3.0,95.4,45.51,45.51,-34.51,2.725,2.028,2.028,0.0,320.3,24.8,2.028,0.0,35.0,-38.3,0.25,1.61,0.92,17.4,45.51,107.84,1,1,280,252,0,0,0,0,0,1,0,0,0,0,3,1,0,10,0,0,0
1785439112.707,20861,-35.9,-34.22,30.0,56.0,-25.62,7.82,141.8,165.0,-3.0,93.0,36.3,36.3,-6.3,2.578,0.447,0.447,0.0,311.3,25.8,0.491,0.0,35.0,-34.22,0.63,3.29,3.9,35.88,36.3,91.93,1,1,274,197,0,0,0,0,1,1,1,0,0,0,3,1,0,10,0,0,0
1785439112.777,20921,-30.3,-28.19,62.0,34.0,-6.02,20.16,114.3,165.0,-3.0,84.6,9.57,9.57,52.43,2.077,-2.543,-2.543,0.0,386.1,60.0,-2.543,0.0,35.0,-28.19,1.26,5.58,13.31,66.26,9.57,44.58,1,1,254,101,0,1,0,0,1,1,1,0,0,0,3,1,0,10,0,0,0
1785439112.836,20981,-24.1,-20.74,91.0,37.0,18.05,35.26,79.2,165.0,-3.0,74.0,27.12,-27.12,118.12,1.44,-2.978,-2.978,0.0,422.0,60.0,-2.978,0.0,35.0,-20.74,1.84,6.91,26.52,93.53,27.12,77.18,1,1,230,88,0,1,0,0,1,1,1,0,0,0,3,1,0,10,0,0,0
1785439112.904,21041,-17.8,-13.44,104.0,42.0,32.95,42.17,42.1,165.0,-3.0,62.8,43.56,-43.56,147.56,0.766,-2.995,-2.995,0.0,358.8,60.0,-2.995,0.0,35.0,-13.44,2.09,6.6,33.49,105.11,43.56,104.27,1,1,206,87,0,1,0,0,1,1,1,0,0,0,3,1,0,10,0,0,0
1785439112.995,21101,-10.7,-5.35,119.0,45.0,51.31,51.51,4.9,165.0,-3.0,51.5,55.37,-55.37,174.37,0.089,-2.999,-2.999,0.0,328.2,60.0,-2.999,0.0,36.0,-5.35,2.38,6.13,42.99,119.1,55.37,130.11,1,1,183,87,0,1,0,0,1,1,1,0,0,0,2,1,0,10,0,0,0
1785439112.996,21162,-4.0,2.17,121.0,51.0,59.34,51.98,-23.7,165.0,-3.0,42.8,58.36,-58.36,179.36,-0.43,-2.999,-2.999,0.0,237.2,60.0,-2.999,0.0,36.0,2.17,2.42,5.18,44.37,121.0,58.36,139.92,1,1,166,87,0,1,0,0,1,1,1,0,0,0,1,1,0,10,0,0,0
1785439113.055,21222,2.8,9.45,121.0,55.0,65.44,50.9,-53.0,165.0,-3.0,33.9,60.01,-60.01,181.01,-0.963,-2.999,-2.999,0.0,163.6,60.0,-2.999,0.0,36.0,9.45,2.42,4.11,44.37,121.0,60.01,146.94,1,1,149,87,0,1,0,0,1,1,1,0,0,0,2,1,0,10,0,0,0
1785439113.126,21282,8.9,15.56,115.0,58.0,65.61,45.49,-75.8,165.0,-3.0,27.0,60.05,-60.05,175.05,-1.378,-2.999,-2.999,0.0,83.0,60.0,-2.999,0.0,36.0,15.56,2.3,3.11,40.08,115.0,60.05,147.12,1,1,136,87,0,1,0,0,1,1,1,0,0,0,1,1,0,10,0,0,0
1785439113.194,21342,17.7,21.44,107.0,35.0,64.44,39.09,-95.5,165.0,-3.0,21.1,59.77,-59.77,166.77,-1.736,-2.998,-2.998,0.0,11.6,60.0,-2.998,0.0,36.0,21.44,2.14,2.25,34.7,107.0,59.77,145.82,1,1,125,87,0,1,0,0,1,1,1,0,0,0,1,1,0,10,0,0,0
1785439113.256,21402,22.1,25.76,94.0,39.0,59.01,30.23,-109.9,165.0,-3.0,16.7,58.25,-58.25,152.25,-1.998,-2.996,-2.996,0.0,-63.6,60.0,-2.996,0.0,36.0,25.76,1.88,1.57,26.78,94.0,58.25,139.54,1,1,117,87,0,1,0,0,1,1,1,0,0,0,2,1,0,10,0,0,0
1785439113.323,21464,25.4,28.78,77.0,44.0,51.42,20.58,-119.1,165.0,-3.0,13.9,55.42,-55.42,132.42,-2.165,-2.989,-2.989,0.0,-128.1,60.0,-2.989,0.0,36.0,28.78,1.54,1.07,17.97,77.0,55.42,130.26,1,1,112,87,0,1,0,0,1,1,1,0,0,0,1,1,0,10,0,0,0
1785439113.414,21524,28.6,31.93,68.0,49.0,49.59,16.06,-131.9,165.0,-3.0,10.0,54.59,-54.59,122.59,-2.398,-2.983,-2.983,0.0,-138.3,60.0,-2.983,0.0,36.0,31.93,1.36,0.68,14.01,68.0,54.59,127.92,1,1,105,88,0,1,0,0,1,1,1,0,0,0,1,1,0,10,0,0,0
1785439113.415,21584,30.0,32.54,48.0,53.0,41.69,8.32,-139.2,165.0,-3.0,7.8,50.21,-50.21,98.21,-2.531,-2.945,-2.945,0.0,-193.3,60.0,-2.945,0.0,36.0,32.54,0.96,0.38,6.98,48.0,50.21,117.29,1,1,101,89,0,1,0,0,1,1,1,0,0,0,2,1,0,10,0,0,0
1785439113.471,21644,30.5,32.04,27.0,57.0,35.24,2.92,-144.8,165.0,-3.0,6.1,45.51,-45.51,72.51,-2.632,-2.816,-2.816,0.0,-235.7,60.0,-2.816,0.0,36.0,32.04,0.54,0.17,2.21,27.0,45.51,107.84,1,1,98,93,0,1,0,0,1,1,1,0,0,0,3,1,0,10,0,0,0
1785439113.542,21704,30.0,30.0,1.0,33.0,30.03,0.03,-144.8,165.0,-3.0,6.1,40.87,-40.87,41.87,-2.632,-2.281,-2.281,0.0,-296.3,27.0,-2.281,0.0,36.0,30.0,0.02,0.01,0.0,1.0,40.87,99.54,1,1,98,109,0,0,0,0,0,1,0,0,0,0,2,1,0,10,0,0,0
1785439113.602,21764,29.2,29.2,-8.0,37.0,26.99,-2.01,-141.0,165.0,3.0,92.7,37.78,-37.78,29.78,-2.564,-1.83,-1.83,0.0,-253.0,27.2,-1.83,0.0,36.0,29.2,-0.19,-1.24,-0.58,13.83,37.78,94.37,1,1,100,122,0,0,0,0,0,1,0,0,0,0,2,1,0,10,0,0,0
1785439113.672,21824,26.8,25.71,-26.0,42.0,18.84,-6.24,-130.0,165.0,3.0,89.4,28.16,-28.16,2.16,-2.365,-0.154,-0.154,0.0,-265.4,28.4,-0.42,0.0,36.0,25.71,-0.55,-2.75,-2.94,31.16,28.16,78.85,1,1,106,166,0,0,0,0,1,1,1,0,0,0,1,1,0,10,0,0,0
1785439113.742,21884,22.3,19.91,-51.0,47.0,3.95,-14.51,-102.6,165.0,3.0,81.1,6.29,-6.29,-44.71,-1.866,2.362,2.362,0.0,-303.3,60.0,2.362,0.0,36.0,19.91,-1.04,-4.42,-9.05,54.65,6.29,36.08,1,1,121,265,0,1,0,0,1,1,1,0,0,0,2,1,0,10,0,0,0
1785439113.828,21944,18.6,15.37,-61.0,53.0,-3.88,-17.5,-61.7,165.0,3.0,68.7,6.19,6.19,-67.19,-1.122,2.765,2.765,0.0,-258.4,60.0,2.765,0.0,36.0,15.37,-1.23,-4.31,-11.96,62.81,6.19,35.78,1,1,144,282,0,1,0,0,1,1,1,0,0,0,1,1,0,10,0,0,0
1785439113.828,22004,13.3,8.88,-79.0,56.0,-18.75,-25.12,-18.6,165.0,3.0,55.6,28.04,28.04,-107.04,-0.338,2.964,2.964,0.0,-266.1,60.0,2.964,0.0,36.0,8.88,-1.58,-4.42,-19.12,79.42,28.04,78.66,1,1,169,290,0,1,0,0,1,1,1,0,0,0,2,1,0,10,0,0,0
1785439113.891,22065,3.7,0.41,-103.0,32.0,-42.39,-38.91,14.7,165.0,3.0,45.5,50.65,50.65,-153.65,0.267,2.996,2.996,0.0,-307.5,60.0,2.996,0.0,36.0,0.41,-2.06,-4.69,-32.15,103.0,50.65,118.26,1,1,189,292,0,1,0,0,1,1,1,0,0,0,2,1,0,10,0,0,0
1785439113.961,22125,-2.8,-6.76,-110.0,36.0,-53.68,-42.65,51.6,165.0,3.0,34.4,56.36,56.36,-166.36,0.937,2.998,2.998,0.0,-250.3,60.0,2.998,0.0,35.6,-6.76,-2.2,-3.78,-36.67,110.0,56.36,133.08,1,1,212,292,0,1,0,0,1,1,1,0,0,0,2,1,0,10,0,0,0
1785439114.021,22185,-9.8,-14.47,-117.0,40.0,-66.15,-46.98,76.2,165.0,3.0,26.9,60.18,60.18,-177.18,1.385,2.999,2.999,0.0,-206.2,60.0,2.999,0.0,35.6,-14.47,-2.34,-3.15,-41.49,117.0,60.18,147.74,1,1,228,292,0,1,0,0,1,1,1,0,0,0,1,1,0,10,0,0,0
1785439114.090,22245,-16.1,-21.13,-117.0,43.0,-72.1,-46.34,94.2,165.0,3.0,21.4,61.37,61.37,-178.37,1.713,2.999,2.999,0.0,-157.3,60.0,2.999,0.0,35.6,-21.13,-2.34,-2.51,-41.49,117.0,61.37,154.23,1,1,240,292,0,1,0,0,1,1,1,0,0,0,3,1,0,10,0,0,0
1785439114.152,22305,-22.1,-27.36,-112.0,47.0,-73.65,-42.08,111.4,165.0,3.0,16.2,61.63,61.63,-173.63,2.025,2.998,2.998,0.0,-86.5,60.0,2.998,0.0,35.6,-27.36,-2.24,-1.82,-38.02,112.0,61.63,155.88,1,1,252,292,0,1,0,0,1,1,1,0,0,0,3,1,0,10,0,0,0
1785439114.220,22367,-27.0,-32.3,-100.0,53.0,-69.29,-33.63,121.4,165.0,3.0,13.2,60.85,60.85,-160.85,2.208,2.997,2.997,0.0,2.9,60.0,2.997,0.0,35.6,-32.3,-2.0,-1.32,-30.31,100.0,60.85,151.2,1,1,259,292,0,1,0,0,1,1,1,0,0,0,3,1,0,10,0,0,0
1785439114.310,22427,-31.0,-35.61,-81.0,57.0,-60.12,-22.27,133.7,165.0,3.0,9.5,58.59,58.59,-139.59,2.43,2.992,2.992,0.0,98.2,60.0,2.992,0.0,35.6,-35.61,-1.62,-0.77,-19.89,81.0,58.59,140.84,1,1,268,292,0,1,0,0,1,1,1,0,0,0,3,1,0,10,0,0,0
1785439114.310,22487,-35.2,-37.2,-59.0,34.0,-50.59,-12.17,140.4,165.0,3.0,7.4,55.05,55.05,-114.05,2.553,2.974,2.974,0.0,176.4,60.0,2.974,0.0,35.6,-37.2,-1.18,-0.44,-10.55,59.0,55.05,129.2,1,1,273,291,0,1,0,0,1,1,1,0,0,0,3,1,0,10,0,0,0
1785439114.368,22547,-36.2,-37.64,-36.0,40.0,-42.98,-4.86,145.8,165.0,3.0,5.8,51.02,51.02,-87.02,2.651,2.906,2.906,0.0,248.2,60.0,2.906,0.0,35.6,-37.64,-0.72,-0.21,-3.93,36.0,51.02,119.09,1,1,277,288,0,1,0,0,1,1,1,0,0,0,3,1,0,10,0,0,0
1785439114.439,22607,-36.2,-36.77,-13.0,44.0,-37.69,-0.84,148.5,165.0,3.0,5.0,47.42,47.42,-60.42,2.701,2.68,2.68,0.0,291.5,60.0,2.68,0.0,35.6,-36.77,-0.26,-0.06,-0.51,13.0,47.42,111.52,1,1,279,278,0,1,0,0,1,1,1,0,0,0,3,1,0,10,0,0,0
1785439114.499,22668,-35.3,-35.3,5.0,48.0,-33.58,1.56,149.9,165.0,-3.0,95.4,44.11,44.11,-39.11,2.725,2.194,2.194,0.0,294.4,25.5,2.194,0.0,35.6,-35.3,0.13,1.04,0.39,11.4,44.11,105.26,1,1,280,258,0,0,0,0,0,1,0,0,0,0,3,1,0,10,0,0,0
1785439114.571,22728,-32.9,-31.45,28.0,52.0,-23.6,7.14,140.4,165.0,-3.0,92.6,34.01,34.01,-6.01,2.553,0.427,0.427,0.0,313.7,26.6,0.617,0.0,35.6,-31.45,0.59,3.09,3.46,33.8,34.01,88.23,1,1,273,201,0,0,0,0,1,1,1,0,0,0,3,1,0,10,0,0,0
1785439114.636,22788,-29.1,-26.3,50.0,56.0,-10.21,14.63,117.1,165.0,-3.0,85.5,16.0,16.0,34.0,2.129,-2.008,-2.008,0.0,319.3,60.0,-2.008,0.0,35.6,-26.3,1.02,4.63,8.98,54.42,16.0,58.05,1,1,256,117,0,1,0,0,1,1,1,0,0,0,3,1,0,10,0,0,0
1785439114.697,22848,-22.0,-19.2,80.0,35.0,12.24,28.59,83.7,165.0,-3.0,75.4,19.02,-19.02,99.02,1.522,-2.947,-2.947,0.0,374.1,60.0,-2.947,0.0,35.6,-19.2,1.62,6.23,20.75,82.74,19.02,63.56,1,1,233,89,0,1,0,0,1,1,1,0,0,0,3,1,0,10,0,0,0
1785439114.790,22908,-15.2,-11.19,103.0,39.0,34.6,41.63,45.3,165.0,-3.0,63.7,44.98,-44.98,147.98,0.823,-2.995,-2.995,0.0,379.1,60.0,-2.995,0.0,35.6,-11.19,2.07,6.64,32.92,104.22,44.98,106.85,1,1,208,87,0,1,0,0,1,1,1,0,0,0,3,1,0,10,0,0,0
1785439114.790,22970,-8.3,-3.13,115.0,45.0,50.46,48.72,11.4,165.0,-3.0,53.5,54.99,-54.99,169.99,0.208,-2.998,-2.998,0.0,318.0,60.0,-2.998,0.0,35.6,-3.13,2.3,6.16,40.26,115.25,54.99,129.03,1,1,187,87,0,1,0,0,1,1,1,0,0,0,2,1,0,10,0,0,0
1785439114.858,23030,-1.9,3.73,115.0,49.0,55.7,47.25,-25.4,165.0,-3.0,42.3,57.13,-57.13,172.13,-0.461,-2.998,-2.998,0.0,218.5,60.0,-2.998,0.0,35.6,3.73,2.3,4.87,40.08,115.0,57.13,135.57,1,1,165,87,0,1,0,0,1,1,1,0,0,0,1,1,0,10,0,0,0
1785439114.918,23090,5.3,11.81,123.0,53.0,69.62,52.55,-51.2,165.0,-3.0,34.5,60.91,-60.91,183.91,-0.932,-2.999,-2.999,0.0,191.6,60.0,-2.999,0.0,36.0,11.81,2.46,4.24,45.85,123.0,60.91,151.56,1,1,150,87,0,1,0,0,1,1,1,0,0,0,1,1,0,10,0,0,0
1785439114.988,23150,11.2,17.98,117.0,58.0,69.67,46.99,-75.8,165.0,-3.0,27.0,60.92,-60.92,177.92,-1.378,-2.999,-2.999,0.0,104.7,60.0,-2.999,0.0,36.0,17.98,2.34,3.16,41.49,117.0,60.92,151.62,1,1,136,87,0,1,0,0,1,1,1,0,0,0,2,1,0,10,0,0,0
1785439115.049,23210,16.4,23.01,105.0,63.0,64.64,37.84,-91.9,165.0,-3.0,22.1,59.82,-59.82,164.82,-1.671,-2.998,-2.998,0.0,13.3,60.0,-2.998,0.0,36.0,23.01,2.1,2.33,33.42,105.0,59.82,146.03,1,1,127,87,0,1,0,0,1,1,1,0,1,0,2,1,0,10,0,0,0
1785439115.117,23272,24.1,27.5,92.0,37.0,59.49,29.08,-108.1,165.0,-3.0,17.2,58.4,-58.4,150.4,-1.965,-2.995,-2.995,0.0,-61.8,60.0,-2.995,0.0,36.0,27.5,1.84,1.59,25.65,92.0,58.4,140.1,1,1,118,87,0,1,0,0,1,1,1,0,0,0,1,1,0,10,0,0,0
1785439115.203,23332,27.6,30.75,77.0,41.0,53.39,20.58,-119.1,165.0,-3.0,13.9,56.25,-56.25,133.25,-2.165,-2.989,-2.989,0.0,-123.7,60.0,-2.989,0.0,36.0,30.75,1.54,1.07,17.97,77.0,56.25,132.73,1,1,112,87,0,1,0,0,1,1,1,0,0,0,1,1,0,10,0,0,0
1785439115.203,23392,29.9,32.54,60.0,44.0,46.56,12.75,-130.0,165.0,-3.0,10.6,53.07,-53.07,113.07,-2.365,-2.973,-2.973,0.0,-177.2,60.0,-2.973,0.0,36.0,32.54,1.2,0.64,10.91,60.0,53.07,123.94,1,1,106,88,0,1,0,0,1,1,1,0,0,0,2,1,0,10,0,0,0
1785439115.266,23452,31.4,33.51,43.0,49.0,41.01,6.82,-137.4,165.0,-3.0,8.4,49.76,-49.76,92.76,-2.498,-2.928,-2.928,0.0,-210.0,60.0,-2.928,0.0,36.0,33.51,0.86,0.36,5.6,43.0,49.76,116.32,1,1,102,89,0,1,0,0,1,1,1,0,0,0,3,1,0,10,0,0,0
1785439115.336,23512,31.6,32.61,19.0,53.0,34.37,1.6,-142.9,165.0,-3.0,6.7,44.78,-44.78,63.78,-2.598,-2.725,-2.725,0.0,-260.9,60.0,-2.725,0.0,36.0,32.61,0.38,0.13,1.09,19.0,44.78,106.49,1,1,99,95,0,1,0,0,1,1,1,0,0,0,3,1,0,10,0,0,0
1785439115.397,23573,30.8,30.8,-3.0,33.0,29.57,-1.12,-142.9,165.0,3.0,93.3,40.41,-40.41,37.41,-2.598,-2.135,-2.135,0.0,-292.7,26.8,-2.135,0.0,36.0,30.8,-0.09,-0.79,-0.24,8.95,40.41,98.77,1,1,99,113,0,0,0,0,0,1,0,0,0,0,3,1,0,10,0,0,0
1785439115.466,23633,29.5,29.5,-15.0,39.0,25.73,-3.43,-135.5,165.0,3.0,91.1,36.42,-36.42,21.42,-2.464,-1.41,-1.41,0.0,-266.8,27.2,-1.41,0.0,36.0,29.5,-0.33,-1.83,-1.27,20.49,36.42,92.14,1,1,103,135,0,0,0,0,0,1,0,0,0,0,2,1,0,10,0,0,0
1785439115.525,23693,28.4,26.75,-23.0,72.0,21.06,-5.17,-120.9,165.0,3.0,86.6,30.97,-30.97,7.97,-2.198,-0.563,-0.563,0.0,-219.9,28.0,-0.563,0.0,36.0,26.75,-0.48,-2.37,-2.31,27.63,30.97,83.36,1,1,111,162,0,0,0,0,1,1,1,0,1,1,2,1,0,11,0,0,0
1785439115.596,23753,22.3,19.41,-59.0,49.0,-0.24,-17.86,-95.5,165.0,3.0,78.9,0.38,0.38,-59.38,-1.736,2.665,2.665,0.0,-326.4,60.0,2.665,0.0,36.0,19.41,-1.2,-4.9,-11.76,62.29,0.38,8.86,1,1,125,278,0,1,0,0,1,1,1,0,0,0,2,1,0,11,0,0,0
1785439115.685,23813,18.3,14.69,-67.0,54.0,-7.48,-20.15,-54.7,165.0,3.0,66.6,11.84,11.84,-78.84,-0.995,2.863,2.863,0.0,-265.1,60.0,2.863,0.0,36.0,14.69,-1.35,-4.56,-14.24,68.55,11.84,49.69,1,1,148,286,0,1,0,0,1,1,1,0,0,0,1,1,0,11,0,0,0
1785439115.685,23874,12.7,7.81,-83.0,59.0,-22.33,-27.4,-18.6,165.0,3.0,55.6,32.52,32.52,-115.52,-0.338,2.976,2.976,0.0,-265.2,60.0,2.976,0.0,36.0,7.81,-1.66,-4.64,-21.09,83.42,32.52,85.84,1,1,169,291,0,1,0,0,1,1,1,0,0,0,1,1,0,11,0,0,0
1785439115.745,23934,3.4,-0.03,-101.0,34.0,-40.99,-37.24,24.5,165.0,3.0,42.6,49.75,49.75,-150.75,0.446,2.995,2.995,0.0,-281.9,60.0,2.995,0.0,36.0,-0.03,-2.02,-4.3,-30.92,101.0,49.75,116.29,1,1,195,292,0,1,0,0,1,1,1,0,0,0,1,1,0,11,0,0,0
1785439115.815,23994,-3.0,-7.06,-107.0,38.0,-51.52,-40.42,54.7,165.0,3.0,33.4,55.46,55.46,-162.46,0.994,2.997,2.997,0.0,-226.2,60.0,2.997,0.0,36.0,-7.06,-2.14,-3.58,-34.7,107.0,55.46,130.38,1,1,214,292,0,1,0,0,1,1,1,0,0,0,1,1,0,11,0,0,0
1785439115.885,24054,-9.6,-14.38,-114.0,42.0,-63.48,-44.63,79.2,165.0,3.0,26.0,59.53,59.53,-173.53,1.44,2.998,2.998,0.0,-195.9,60.0,2.998,0.0,36.0,-14.38,-2.28,-2.96,-39.39,114.0,59.53,144.72,1,1,230,292,0,1,0,0,1,1,1,0,0,0,2,1,0,11,0,0,0
1785439115.947,24114,-16.4,-21.68,-115.0,46.0,-70.85,-44.7,98.5,165.0,3.0,20.1,61.15,61.15,-176.15,1.791,2.999,2.999,0.0,-127.4,60.0,2.999,0.0,36.0,-21.68,-2.3,-2.32,-40.08,115.0,61.15,152.9,1,1,243,292,0,1,0,0,1,1,1,0,0,0,3,1,0,11,0,0,0
1785439116.014,24176,-22.9,-28.02,-109.0,47.0,-71.97,-39.96,111.4,165.0,3.0,16.2,61.35,61.35,-170.35,2.025,2.998,2.998,0.0,-50.8,60.0,2.998,0.0,36.0,-28.02,-2.18,-1.77,-36.01,109.0,61.35,154.1,1,1,252,292,0,1,0,0,1,1,1,0,0,0,3,1,0,11,0,0,0
1785439116.075,24236,-28.2,-32.07,-90.0,43.0,-62.23,-27.43,125.6,165.0,3.0,12.0,59.2,59.2,-149.2,2.283,2.995,2.995,0.0,66.4,60.0,2.995,0.0,36.0,-32.07,-1.8,-1.08,-24.55,90.0,59.2,143.3,1,1,262,292,0,1,0,0,1,1,1,0,0,0,3,1,0,11,0,0,0
1785439116.164,24296,-31.9,-35.59,-77.0,48.0,-57.82,-20.21,135.0,165.0,3.0,9.1,57.87,57.87,-134.87,2.455,2.99,2.99,0.0,111.7,60.0,2.99,0.0,36.0,-35.59,-1.54,-0.7,-17.97,77.0,57.87,138.12,1,1,269,292,0,1,0,0,1,1,1,0,0,0,3,1,0,11,0,0,0
1785439116.164,24356,-34.8,-37.91,-61.0,51.0,-52.16,-12.95,140.4,165.0,3.0,7.4,55.74,55.74,-116.74,2.553,2.977,2.977,0.0,160.4,60.0,2.977,0.0,36.0,-37.91,-1.22,-0.45,-11.28,61.0,55.74,131.18,1,1,273,291,0,1,0,0,1,1,1,0,0,0,3,1,0,11,0,0,0
1785439116.233,24416,-35.8,-37.67,-34.0,55.0,-42.49,-4.38,145.8,165.0,3.0,5.8,50.71,50.71,-84.71,2.651,2.896,2.896,0.0,241.8,60.0,2.896,0.0,36.0,-37.67,-0.68,-0.2,-3.5,34.0,50.71,118.4,1,1,277,287,0,1,0,0,1,1,1,0,0,0,3,1,0,11,0,0,0
1785439116.293,24477,-35.4,-35.4,-9.0,61.0,-35.92,-0.47,148.5,165.0,3.0,5.0,46.05,46.05,-55.05,2.701,2.593,2.593,0.0,288.5,60.0,2.593,0.0,36.0,-35.4,-0.18,-0.04,-0.25,9.0,46.05,108.86,1,1,279,275,0,1,0,0,0,1,0,0,1,0,3,1,0,11,0,0,0
1785439116.364,24537,-32.0,-30.98,30.0,34.0,-22.38,7.82,141.8,165.0,-3.0,93.0,32.57,32.57,-2.57,2.578,0.184,0.184,0.0,400.5,26.7,1.029,0.0,36.0,-30.98,0.63,3.29,3.9,35.88,32.57,85.92,1,1,274,215,0,0,0,0,1,1,1,0,0,0,3,1,0,11,0,0,0
1785439116.423,24597,-28.8,-27.06,47.0,37.0,-12.14,13.56,122.8,165.0,-3.0,87.2,18.87,18.87,28.13,2.234,-1.755,-1.755,0.0,368.9,60.0,-1.755,0.0,36.0,-27.06,0.96,4.49,8.11,51.74,18.87,63.29,1,1,260,124,0,1,0,0,1,1,1,0,0,0,3,1,0,11,0,0,0
1785439116.490,24657,-23.7,-20.67,74.0,41.0,7.28,25.41,89.7,165.0,-3.0,77.2,11.52,-11.52,85.52,1.631,-2.9,-2.9,0.0,399.1,60.0,-2.9,0.0,36.0,-20.67,1.5,5.93,17.98,77.01,11.52,49.01,1,1,237,90,0,1,0,0,1,1,1,0,0,0,3,1,0,11,0,0,0
1785439116.581,24717,-18.4,-14.4,87.0,46.0,20.06,31.33,53.1,165.0,-3.0,66.1,29.72,-29.72,116.72,0.966,-2.977,-2.977,0.0,340.2,60.0,-2.977,0.0,36.0,-14.4,1.75,5.85,23.73,88.49,29.72,81.36,1,1,213,88,0,1,0,0,1,1,1,0,0,0,3,1,0,11,0,0,0
1785439116.581,24778,-12.7,-7.56,97.0,53.0,32.32,36.25,21.2,165.0,-3.0,56.4,43.0,-43.0,140.0,0.386,-2.992,-2.992,0.0,278.9,60.0,-2.992,0.0,36.0,-7.56,1.94,5.5,28.81,97.49,43.0,103.26,1,1,193,87,0,1,0,0,1,1,1,0,0,0,3,1,0,11,0,0,0
1785439116.642,24838,-5.8,0.41,111.0,56.0,49.35,44.49,-18.6,165.0,-3.0,44.4,54.48,-54.48,165.48,-0.338,-2.998,-2.998,0.0,258.1,60.0,-2.998,0.0,36.0,0.41,2.22,4.92,37.34,111.0,54.48,127.6,1,1,169,87,0,1,0,0,1,1,1,0,0,0,1,1,0,11,0,0,0
1785439116.712,24898,3.6,7.15,111.0,32.0,55.0,43.51,-47.8,165.0,-3.0,35.5,56.87,-56.87,167.87,-0.868,-2.998,-2.998,0.0,175.3,60.0,-2.998,0.0,36.0,7.15,2.22,3.94,37.34,111.0,56.87,134.72,1,1,152,87,0,1,0,0,1,1,1,0,0,0,1,1,0,11,0,0,0
1785439116.781,24958,10.1,14.05,113.0,35.0,62.67,44.2,-70.5,165.0,-3.0,28.7,59.32,-59.32,172.32,-1.281,-2.998,-2.998,0.0,131.5,60.0,-2.998,0.0,36.0,14.05,2.26,3.24,38.7,113.0,59.32,143.79,1,1,139,87,0,1,0,0,1,1,1,0,0,0,1,1,0,11,0,0,0
1785439116.843,25018,15.1,19.03,101.0,39.0,57.85,35.28,-88.3,165.0,-3.0,23.2,57.88,-57.88,158.88,-1.606,-2.997,-2.997,0.0,23.9,60.0,-2.997,0.0,36.0,19.03,2.02,2.35,30.92,101.0,57.88,138.15,1,1,129,87,0,1,0,0,1,1,1,0,0,0,2,1,0,11,0,0,0
1785439116.910,25080,19.5,23.5,91.0,44.0,55.0,28.64,-102.6,165.0,-3.0,18.9,56.87,-56.87,147.87,-1.866,-2.995,-2.995,0.0,-29.4,60.0,-2.995,0.0,36.0,23.5,1.82,1.72,25.1,91.0,56.87,134.71,1,1,121,87,0,1,0,0,1,1,1,0,0,0,1,1,0,11,0,0,0
1785439117.000,25140,23.0,26.72,76.0,49.0,48.81,20.08,-119.1,165.0,-3.0,13.9,54.22,-54.22,130.22,-2.165,-2.988,-2.988,0.0,-104.5,60.0,-2.988,0.0,35.5,26.72,1.52,1.06,17.51,76.0,54.22,126.91,1,1,112,88,0,1,0,0,1,1,1,0,0,0,2,1,0,11,0,0,0
1785439117.000,25200,25.4,28.52,59.0,53.0,42.15,12.39,-128.2,165.0,-3.0,11.1,50.5,-50.5,109.5,-2.331,-2.968,-2.968,0.0,-158.8,60.0,-2.968,0.0,35.5,28.52,1.18,0.66,10.55,59.0,50.5,117.93,1,1,107,88,0,1,0,0,1,1,1,0,0,0,1,1,0,11,0,0,0
1785439117.060,25260,27.7,30.34,48.0,55.0,39.52,8.34,-137.4,165.0,-3.0,8.4,48.74,-48.74,96.74,-2.498,-2.941,-2.941,0.0,-165.5,60.0,-2.941,0.0,35.5,30.34,0.96,0.4,6.98,48.0,48.74,114.19,1,1,102,89,0,1,0,0,1,1,1,0,0,0,2,1,0,11,0,0,0
1785439117.129,25320,28.5,30.39,32.0,59.0,34.74,3.96,-142.9,165.0,-3.0,6.7,45.09,-45.09,77.09,-2.598,-2.851,-2.851,0.0,-191.3,60.0,-2.851,0.0,35.5,30.39,0.64,0.21,3.1,32.0,45.09,107.06,1,1,99,92,0,1,0,0,1,1,1,0,0,0,2,1,0,11,0,0,0
1785439117.190,25381,28.2,28.2,9.0,36.0,28.73,0.48,-144.8,165.0,-3.0,6.1,39.58,-39.58,48.58,-2.632,-2.46,-2.46,0.0,-247.4,60.0,-2.46,0.0,35.5,28.2,0.18,0.06,0.25,9.0,39.58,97.36,1,1,98,103,0,1,0,0,0,1,0,0,0,0,1,1,0,11,0,0,0
1785439117.261,25441,25.7,25.7,-18.0,41.0,20.99,-4.28,-141.0,165.0,3.0,92.7,30.89,-30.89,12.89,-2.564,-0.893,-0.893,0.0,-325.3,28.4,-1.747,0.0,35.5,25.7,-0.39,-2.17,-1.72,23.83,30.89,83.23,1,1,100,125,0,0,0,0,0,1,0,0,0,0,1,1,0,11,0,0,0
1785439117.327,25501,22.3,20.67,-37.0,44.0,9.99,-9.71,-124.6,165.0,3.0,87.7,15.67,-15.67,-21.33,-2.265,1.405,1.405,0.0,-320.9,60.0,1.405,0.0,35.5,20.67,-0.76,-3.64,-5.31,41.84,15.67,57.41,1,1,109,229,0,1,0,0,1,1,1,0,0,0,2,1,0,11,0,0,0
1785439117.387,25561,19.5,17.39,-44.0,48.0,5.16,-11.12,-86.6,165.0,3.0,76.2,8.21,-8.21,-35.79,-1.573,2.076,2.076,0.0,-256.4,60.0,2.076,0.0,35.5,17.39,-0.9,-3.56,-6.66,46.87,8.21,41.27,1,1,130,254,0,1,0,0,1,1,1,0,0,0,1,1,0,11,0,0,0
1785439117.387,25621,13.8,10.15,-69.0,53.0,-12.7,-20.77,-44.3,165.0,3.0,63.4,19.68,19.68,-88.68,-0.805,2.913,2.913,0.0,-290.6,60.0,2.913,0.0,35.5,10.15,-1.39,-4.45,-14.93,70.18,19.68,64.73,1,1,154,288,0,1,0,0,1,1,1,0,0,0,2,1,0,11,0,0,0
1785439117.479,25682,8.5,3.55,-84.0,59.0,-26.87,-27.65,-10.1,165.0,3.0,53.1,37.65,37.65,-121.65,-0.184,2.982,2.982,0.0,-277.5,60.0,2.982,0.0,35.5,3.55,-1.68,-4.47,-21.5,84.22,37.65,94.15,1,1,174,291,0,1,0,0,1,1,1,0,0,0,2,1,0,12,0,0,0
1785439117.550,25742,-1.3,-5.04,-107.0,35.0,-50.28,-41.13,32.7,165.0,3.0,40.1,54.91,54.91,-161.91,0.594,2.997,2.997,0.0,-311.8,60.0,2.997,0.0,35.5,-5.04,-2.14,-4.29,-34.7,107.0,54.91,128.8,1,1,200,292,0,1,0,0,1,1,1,0,0,0,2,1,0,12,0,0,0
1785439117.609,25802,-7.6,-11.89,-110.0,39.0,-58.52,-42.39,59.4,165.0,3.0,32.0,58.1,58.1,-168.1,1.08,2.998,2.998,0.0,-232.6,60.0,2.998,0.0,35.5,-11.89,-2.2,-3.52,-36.67,110.0,58.1,138.95,1,1,217,292,0,1,0,0,1,1,1,0,0,0,2,1,0,12,0,0,0
1785439117.679,25862,-15.1,-20.14,-123.0,41.0,-76.62,-51.34,83.7,165.0,3.0,24.6,62.08,62.08,-185.08,1.522,2.999,2.999,0.0,-231.4,60.0,2.999,0.0,35.5,-20.14,-2.46,-3.03,-45.85,123.0,62.08,158.99,1,1,233,292,0,1,0,0,1,1,1,0,0,0,3,1,0,12,0,0,0
1785439117.741,25922,-20.3,-24.98,-104.0,45.0,-65.53,-36.87,101.4,165.0,3.0,19.3,60.03,60.03,-164.03,1.843,2.998,2.998,0.0,-56.3,60.0,2.998,0.0,35.5,-24.98,-2.08,-2.01,-32.78,104.0,60.03,147.04,1,1,245,292,0,1,0,0,1,1,1,0,0,0,3,1,0,12,0,0,0
1785439117.807,25984,-26.5,-31.9,-106.0,51.0,-73.49,-37.8,114.3,165.0,3.0,15.4,61.6,61.6,-167.6,2.077,2.998,2.998,0.0,-45.6,60.0,2.998,0.0,35.5,-31.9,-2.12,-1.63,-34.05,106.0,61.6,155.71,1,1,254,292,0,1,0,0,1,1,1,0,0,0,3,1,0,12,0,0,0
1785439117.897,26044,-30.7,-35.54,-88.0,55.0,-64.41,-26.25,126.9,165.0,3.0,11.5,59.76,59.76,-147.76,2.307,2.995,2.995,0.0,56.6,60.0,2.995,0.0,35.5,-35.54,-1.76,-1.02,-23.47,88.0,59.76,145.78,1,1,263,292,0,1,0,0,1,1,1,0,0,0,3,1,0,12,0,0,0
1785439117.897,26104,-34.8,-39.4,-78.0,59.0,-62.14,-20.68,136.4,165.0,3.0,8.7,59.17,59.17,-137.17,2.479,2.991,2.991,0.0,90.8,60.0,2.991,0.0,35.0,-39.4,-1.56,-0.68,-18.44,78.0,59.17,143.19,1,1,270,292,0,1,0,0,1,1,1,0,0,0,3,1,0,12,0,0,0
1785439117.956,26164,-37.5,-38.97,-41.0,36.0,-45.8,-6.2,141.8,165.0,3.0,7.0,52.66,52.66,-93.66,2.578,2.931,2.931,0.0,256.6,60.0,2.931,0.0,35.0,-38.97,-0.82,-0.29,-5.09,41.0,52.66,122.93,1,1,274,289,0,1,0,0,1,1,1,0,0,0,3,1,0,12,0,0,0
1785439118.024,26224,-38.1,-38.91,-22.0,37.0,-41.13,-2.02,148.5,165.0,3.0,5.0,49.84,49.84,-71.84,2.701,2.81,2.81,0.0,281.8,60.0,2.81,0.0,35.0,-38.91,-0.44,-0.11,-1.47,22.0,49.84,116.49,1,1,279,284,0,1,0,0,1,1,1,0,0,0,3,1,0,12,0,0,0
1785439118.088,26285,-37.4,-37.4,0.0,43.0,-37.4,0.0,148.5,165.0,-3.0,0.0,47.2,47.2,-47.2,2.701,2.427,2.427,0.0,310.0,25.0,2.427,0.0,35.0,-37.4,0.0,0.0,0.0,0.0,47.2,111.08,1,1,279,268,0,0,0,0,0,1,0,0,0,0,3,1,0,12,0,0,0
1785439118.156,26345,-35.8,-35.8,18.0,47.0,-31.05,4.32,143.1,165.0,-3.0,93.4,41.83,41.83,-23.83,2.602,1.54,1.54,0.0,308.4,25.4,1.609,0.0,35.0,-35.8,0.39,2.19,1.74,23.97,41.83,101.21,1,1,275,236,0,0,0,0,0,1,0,0,0,0,3,1,0,12,0,0,0
1785439118.225,26405,-33.6,-31.87,34.0,51.0,-22.18,8.81,129.6,165.0,-3.0,89.3,32.33,32.33,1.67,2.356,-0.119,-0.119,0.0,293.1,60.0,-0.119,0.0,35.0,-31.87,0.71,3.46,4.64,39.14,32.33,85.54,1,1,265,176,0,1,0,0,1,1,1,0,0,0,3,1,0,12,0,0,0
1785439118.283,26465,-29.5,-26.31,58.0,55.0,-6.98,17.57,100.0,165.0,-3.0,80.3,11.07,11.07,46.93,1.817,-2.42,-2.42,0.0,319.8,60.0,-2.42,0.0,35.0,-26.31,1.18,4.92,11.47,61.51,11.07,48.0,1,1,244,104,0,1,0,0,1,1,1,0,0,0,3,1,0,12,0,0,0
1785439118.375,26525,-24.4,-19.62,81.0,59.0,11.41,28.22,64.1,165.0,-3.0,69.4,17.8,-17.8,98.8,1.166,-2.946,-2.946,0.0,336.6,60.0,-2.946,0.0,35.0,-19.62,1.63,5.75,20.83,82.91,17.8,61.37,1,1,220,89,0,1,0,0,1,1,1,0,0,0,3,1,0,12,0,0,0
1785439118.376,26586,-14.7,-10.85,107.0,36.0,37.27,43.75,31.1,165.0,-3.0,59.4,47.1,-47.1,154.1,0.565,-2.996,-2.996,0.0,361.8,60.0,-2.996,0.0,35.0,-10.85,2.15,6.4,35.2,107.77,47.1,110.89,1,1,199,87,0,1,0,0,1,1,1,0,0,0,3,1,0,12,0,0,0
1785439118.445,26646,-8.4,-3.93,112.0,40.0,46.27,45.63,-6.8,165.0,-3.0,48.0,52.91,-52.91,164.91,-0.123,-2.998,-2.998,0.0,279.3,60.0,-2.998,0.0,35.0,-3.93,2.24,5.37,38.02,112.0,52.91,123.55,1,1,176,87,0,1,0,0,1,1,1,0,0,0,2,1,0,12,0,0,0
1785439118.504,26706,-2.0,2.7,112.0,42.0,51.69,44.53,-39.1,165.0,-3.0,38.2,55.54,-55.54,167.54,-0.71,-2.998,-2.998,0.0,193.3,60.0,-2.998,0.0,35.0,2.7,2.24,4.27,38.02,112.0,55.54,130.59,1,1,157,87,0,1,0,0,1,1,1,0,0,0,1,1,0,12,0,0,0
1785439118.574,26766,4.1,9.47,112.0,48.0,57.61,43.77,-61.7,165.0,-3.0,31.3,57.8,-57.8,169.8,-1.122,-2.998,-2.998,0.0,130.2,60.0,-2.998,0.0,35.0,9.47,2.24,3.51,38.02,112.0,57.8,137.87,1,1,144,87,0,1,0,0,1,1,1,0,0,0,1,1,0,12,0,0,0
1785439118.637,26826,9.5,14.9,104.0,52.0,56.16,37.5,-81.2,165.0,-3.0,25.4,57.3,-57.3,161.3,-1.476,-2.997,-2.997,0.0,48.5,60.0,-2.997,0.0,35.0,14.9,2.08,2.64,32.78,104.0,57.3,136.12,1,1,133,87,0,1,0,0,1,1,1,0,0,0,1,1,0,12,0,0,0
1785439118.703,26888,14.9,20.7,100.0,58.0,58.49,34.36,-97.3,165.0,-3.0,20.5,58.09,-58.09,158.09,-1.769,-2.997,-2.997,0.0,13.2,60.0,-2.997,0.0,35.0,20.7,2.0,2.05,30.31,100.0,58.09,138.92,1,1,124,87,0,1,0,0,1,1,1,0,0,0,2,1,0,12,0,0,0
1785439118.793,26948,21.2,24.17,85.0,35.0,51.59,24.92,-113.6,165.0,-3.0,15.6,55.49,-55.49,140.49,-2.065,-2.993,-2.993,0.0,-66.2,60.0,-2.993,0.0,35.0,24.17,1.7,1.32,21.9,85.0,55.49,130.46,1,1,115,87,0,1,0,0,1,1,1,0,0,0,1,1,0,12,0,0,0
1785439118.794,27008,23.0,25.3,59.0,39.0,39.0,12.45,-124.6,165.0,-3.0,12.3,48.38,-48.38,107.38,-2.265,-2.964,-2.964,0.0,-190.1,60.0,-2.964,0.0,35.0,25.3,1.18,0.72,10.55,59.0,48.38,113.43,1,1,109,88,0,1,0,0,1,1,1,0,0,0,3,1,0,12,0,0,0
1785439118.853,27068,25.2,27.21,48.0,42.0,36.45,8.4,-133.7,165.0,-3.0,9.5,46.47,-46.47,94.47,-2.431,-2.934,-2.934,0.0,-189.8,60.0,-2.934,0.0,35.0,27.21,0.96,0.46,6.98,48.0,46.47,109.67,1,1,104,89,0,1,0,0,1,1,1,0,0,0,1,1,0,12,0,0,0
